08:53:52 | Info | 'Server Running at 8080' | 
09:03:18 | Info | 'Server Running at 8080' | 
09:04:06 | Info | '[AUTH ROUTER] - Requested route "/"' | 
09:05:31 | Info | 'Server Running at 8080' | 
09:05:33 | Info | 'Server Running at 8080' | 
09:05:42 | Info | 'Server Running at 8080' | 
09:05:45 | Info | 'Server Running at 8080' | 
09:05:47 | Info | 'Server Running at 8080' | 
09:05:49 | Info | 'Server Running at 8080' | 
09:05:52 | Info | 'Server Running at 8080' | 
09:05:58 | Info | 'Server Running at 8080' | 
09:06:00 | Info | 'Server Running at 8080' | 
09:06:35 | Info | 'Server Running at 8080' | 
09:06:37 | Info | 'Server Running at 8080' | 
09:06:51 | Info | 'Server Running at 8080' | 
09:07:01 | Info | 'Server Running at 8080' | 
09:07:08 | Info | 'Server Running at 8080' | 
09:07:20 | Info | 'Server Running at 8080' | 
09:07:27 | Info | 'Server Running at 8080' | 
09:07:29 | Info | 'Server Running at 8080' | 
09:07:31 | Info | 'Server Running at 8080' | 
09:07:35 | Info | 'Server Running at 8080' | 
09:07:38 | Info | 'Server Running at 8080' | 
09:07:47 | Info | 'Server Running at 8080' | 
09:08:11 | Info | 'Server Running at 8080' | 
09:08:12 | Info | 'Server Running at 8080' | 
09:08:27 | Info | 'Server Running at 8080' | 
09:08:32 | Info | 'Server Running at 8080' | 
09:08:34 | Info | 'Server Running at 8080' | 
09:08:41 | Info | 'Server Running at 8080' | 
09:08:44 | Info | 'Server Running at 8080' | 
09:08:46 | Info | 'Server Running at 8080' | 
09:08:48 | Info | 'Server Running at 8080' | 
09:08:50 | Info | 'Server Running at 8080' | 
09:08:57 | Info | 'Server Running at 8080' | 
09:08:58 | Info | 'Server Running at 8080' | 
09:09:25 | Info | 'Server Running at 8080' | 
09:09:31 | Info | 'Server Running at 8080' | 
09:09:38 | Info | 'Server Running at 8080' | 
09:09:40 | Info | 'Server Running at 8080' | 
09:09:44 | Info | 'Server Running at 8080' | 
09:09:50 | Info | 'Server Running at 8080' | 
09:09:53 | Info | 'Server Running at 8080' | 
09:10:00 | Info | 'Server Running at 8080' | 
09:10:06 | Info | 'Server Running at 8080' | 
09:10:07 | Info | 'Server Running at 8080' | 
09:10:10 | Info | 'Server Running at 8080' | 
09:10:12 | Info | 'Server Running at 8080' | 
09:10:18 | Info | 'Server Running at 8080' | 
09:10:25 | Info | 'Server Running at 8080' | 
09:10:32 | Info | 'Server Running at 8080' | 
09:10:34 | Info | 'Server Running at 8080' | 
09:10:41 | Info | 'Server Running at 8080' | 
09:10:42 | Info | 'Server Running at 8080' | 
09:10:47 | Info | 'Server Running at 8080' | 
09:10:54 | Info | 'Server Running at 8080' | 
09:10:58 | Info | 'Server Running at 8080' | 
09:11:00 | Info | 'Server Running at 8080' | 
09:11:01 | Info | 'Server Running at 8080' | 
09:11:02 | Info | 'Server Running at 8080' | 
09:11:22 | Info | 'Server Running at 8080' | 
09:11:28 | Info | 'Server Running at 8080' | 
09:11:32 | Info | 'Server Running at 8080' | 
09:11:35 | Info | 'Server Running at 8080' | 
09:11:39 | Info | 'Server Running at 8080' | 
09:11:44 | Info | 'Server Running at 8080' | 
09:11:48 | Info | 'Server Running at 8080' | 
09:11:50 | Info | 'Server Running at 8080' | 
09:11:51 | Info | 'Server Running at 8080' | 
09:11:53 | Info | 'Server Running at 8080' | 
09:12:33 | Info | 'Server Running at 8080' | 
09:12:38 | Info | 'Server Running at 8080' | 
09:12:39 | Info | 'Server Running at 8080' | 
09:12:46 | Info | 'Server Running at 8080' | 
09:12:57 | Info | 'Server Running at 8080' | 
09:12:59 | Info | 'Server Running at 8080' | 
09:13:02 | Info | 'Server Running at 8080' | 
09:13:03 | Info | 'Server Running at 8080' | 
09:13:04 | Info | 'Server Running at 8080' | 
09:13:07 | Info | 'Server Running at 8080' | 
09:13:09 | Info | 'Server Running at 8080' | 
09:14:26 | Info | 'Server Running at 8080' | 
09:25:53 | Info | 'Server Running at 8080' | 
09:31:06 | Info | 'Server Running at 8080' | 
09:31:10 | Info | '[AUTH ROUTER] - Requested route "/"' | 
09:31:11 | Info | '[AUTH ROUTER] - Requested route "/"' | 
09:32:04 | Info | 'Server Running at 8080' | 
09:32:07 | Info | 'Server Running at 8080' | 
09:32:08 | Info | 'Server Running at 8080' | 
09:32:11 | Info | 'Server Running at 8080' | 
09:32:43 | Info | 'Server Running at 8080' | 
09:32:51 | Info | 'Server Running at 8080' | 
09:32:56 | Info | 'Server Running at 8080' | 
09:32:58 | Info | 'Server Running at 8080' | 
09:33:01 | Info | 'Server Running at 8080' | 
09:33:06 | Info | 'Server Running at 8080' | 
09:33:09 | Info | 'Server Running at 8080' | 
09:33:14 | Info | 'Server Running at 8080' | 
09:33:16 | Info | '[AUTH ROUTER] - Requested route "/"' | 
09:34:19 | Info | 'Server Running at 8080' | 
09:34:21 | Info | 'Server Running at 8080' | 
09:34:24 | Info | 'Server Running at 8080' | 
09:34:25 | Info | 'Server Running at 8080' | 
09:34:41 | Info | 'Server Running at 8080' | 
09:34:45 | Info | 'Server Running at 8080' | 
09:34:49 | Info | 'Server Running at 8080' | 
09:34:56 | Info | 'Server Running at 8080' | 
09:34:58 | Info | 'Server Running at 8080' | 
09:35:01 | Info | 'Server Running at 8080' | 
09:35:38 | Info | 'Server Running at 8080' | 
09:35:47 | Info | 'Server Running at 8080' | 
09:35:47 | Info | 'Server Running at 8080' | 
10:22:30 | Info | 'Server Running at 8080' | 
10:22:32 | Info | 'Server Running at 8080' | 
10:29:31 | Info | 'Server Running at 8080' | 
10:29:33 | Info | 'Server Running at 8080' | 
10:33:05 | Info | 'Server Running at 8080' | 
10:33:08 | Info | 'Server Running at 8080' | 
10:33:09 | Info | 'Server Running at 8080' | 
10:33:12 | Info | 'Server Running at 8080' | 
10:33:36 | Info | 'Server Running at 8080' | 
10:33:39 | Info | 'Server Running at 8080' | 
10:33:45 | Info | 'Server Running at 8080' | 
10:33:49 | Info | 'Server Running at 8080' | 
10:33:51 | Info | 'Server Running at 8080' | 
10:33:54 | Info | 'Server Running at 8080' | 
10:33:56 | Info | 'Server Running at 8080' | 
10:33:58 | Info | 'Server Running at 8080' | 
10:33:59 | Info | 'Server Running at 8080' | 
10:34:24 | Info | 'Server Running at 8080' | 
10:34:28 | Info | 'Server Running at 8080' | 
10:34:44 | Info | 'Server Running at 8080' | 
10:40:16 | Info | 'Server Running at 8080' | 
10:40:30 | Info | 'Server Running at 8080' | 
10:40:32 | Info | 'Server Running at 8080' | 
10:55:07 | Info | 'Server Running at 8080' | 
10:58:35 | Info | '[AUTH ROUTER] - Requested route "/"' | 
11:00:14 | Info | 'Server Running at 8080' | 
11:00:28 | Info | 'Server Running at 8080' | 
11:00:32 | Info | 'Server Running at 8080' | 
11:00:34 | Info | 'Server Running at 8080' | 
11:00:35 | Info | 'Server Running at 8080' | 
11:00:42 | Info | 'Server Running at 8080' | 
11:00:56 | Info | 'Server Running at 8080' | 
11:00:59 | Info | 'Server Running at 8080' | 
11:01:00 | Info | 'Server Running at 8080' | 
11:01:02 | Info | 'Server Running at 8080' | 
11:01:03 | Info | 'Server Running at 8080' | 
11:01:04 | Info | 'Server Running at 8080' | 
11:01:07 | Info | 'Server Running at 8080' | 
11:01:09 | Info | 'Server Running at 8080' | 
11:01:11 | Info | 'Server Running at 8080' | 
11:01:40 | Info | 'Server Running at 8080' | 
11:01:48 | Info | 'Server Running at 8080' | 
11:04:51 | Info | 'Server Running at 8080' | 
11:05:23 | Info | 'Server Running at 8080' | 
11:05:34 | Info | 'Server Running at 8080' | 
11:05:44 | Info | 'Server Running at 8080' | 
11:05:45 | Info | 'Server Running at 8080' | 
11:05:52 | Info | 'Server Running at 8080' | 
11:05:57 | Info | 'Server Running at 8080' | 
11:06:02 | Info | 'Server Running at 8080' | 
11:06:04 | Info | 'Server Running at 8080' | 
11:06:08 | Info | 'Server Running at 8080' | 
11:06:10 | Info | 'Server Running at 8080' | 
11:06:11 | Info | 'Server Running at 8080' | 
11:06:50 | Info | 'Server Running at 8080' | 
11:06:57 | Info | 'Server Running at 8080' | 
11:07:00 | Info | 'Server Running at 8080' | 
11:07:06 | Info | 'Server Running at 8080' | 
11:07:09 | Info | 'Server Running at 8080' | 
11:07:16 | Info | 'Server Running at 8080' | 
11:07:21 | Info | 'Server Running at 8080' | 
11:07:25 | Info | 'Server Running at 8080' | 
11:07:33 | Info | 'Server Running at 8080' | 
11:07:41 | Info | 'Server Running at 8080' | 
11:07:41 | Info | 'Server Running at 8080' | 
11:07:50 | Info | 'Server Running at 8080' | 
11:07:53 | Info | 'Server Running at 8080' | 
11:12:26 | Info | 'Server Running at 8080' | 
11:12:39 | Info | 'Server Running at 8080' | 
11:12:59 | Info | 'Server Running at 8080' | 
11:19:57 | Info | '[AUTH ROUTER] - Requested route "/"' | 
11:20:12 | Info | '[CASE CONTROLLER] - Requested method to create case - Passing through the Case Service' | 
11:20:12 | Info | '[CASE SERVICE] - Received request to create case with title: Prova-2026 - Analyst: Jacopo Faul' | 
11:20:12 | Info | '[CASE ROUTER] - Requested route "/:url"' | 
11:20:12 | Info | '[CASE SERVICE] - Received request to get the case from the database with URL: undefined' | 
11:20:12 | Error | '[CASE SERVICE] - Something went wrong getting case by url: TypeError: Cannot read properties of null (reading \'title\')' | 
11:20:12 | Error | '[CASE ROUTER] - Case not found for URL: undefined' | 
11:20:35 | Info | 'Server Running at 8080' | 
11:20:38 | Info | 'Server Running at 8080' | 
11:20:42 | Info | 'Server Running at 8080' | 
11:20:43 | Info | 'Server Running at 8080' | 
11:20:45 | Info | 'Server Running at 8080' | 
11:20:46 | Info | 'Server Running at 8080' | 
11:20:58 | Info | 'Server Running at 8080' | 
11:21:01 | Info | 'Server Running at 8080' | 
11:21:07 | Info | 'Server Running at 8080' | 
11:21:12 | Info | 'Server Running at 8080' | 
11:22:05 | Info | 'Server Running at 8080' | 
11:22:11 | Info | 'Server Running at 8080' | 
11:22:13 | Info | 'Server Running at 8080' | 
11:22:16 | Info | 'Server Running at 8080' | 
11:22:20 | Info | 'Server Running at 8080' | 
11:22:34 | Info | '[CASE ROUTER] - Requested route "/:url"' | 
11:22:34 | Info | '[CASE SERVICE] - Received request to get the case from the database with URL: 8a4bc7cc-a898-4404-b358-c9e11b9b8fc3' | 
11:23:43 | Info | 'Server Running at 8080' | 
11:23:43 | Info | '[CASE ROUTER] - Requested route "/:url"' | 
11:23:43 | Info | '[CASE SERVICE] - Received request to get the case from the database with URL: 8a4bc7cc-a898-4404-b358-c9e11b9b8fc3' | 
11:24:24 | Info | 'Server Running at 8080' | 
11:24:24 | Info | '[CASE ROUTER] - Requested route "/:url"' | 
11:24:24 | Info | '[CASE SERVICE] - Received request to get the case from the database with URL: 8a4bc7cc-a898-4404-b358-c9e11b9b8fc3' | 
11:25:57 | Info | 'Server Running at 8080' | 
11:26:01 | Info | 'Server Running at 8080' | 
11:26:07 | Info | 'Server Running at 8080' | 
11:26:12 | Info | 'Server Running at 8080' | 
11:26:21 | Info | 'Server Running at 8080' | 
11:26:23 | Info | 'Server Running at 8080' | 
11:27:22 | Info | 'Server Running at 8080' | 
11:29:29 | Info | 'Server Running at 8080' | 
11:29:31 | Info | 'Server Running at 8080' | 
11:29:39 | Info | 'Server Running at 8080' | 
11:29:53 | Info | 'Server Running at 8080' | 
11:29:56 | Info | 'Server Running at 8080' | 
11:29:57 | Info | 'Server Running at 8080' | 
11:29:59 | Info | 'Server Running at 8080' | 
11:30:03 | Info | 'Server Running at 8080' | 
11:30:23 | Info | 'Server Running at 8080' | 
11:30:28 | Info | 'Server Running at 8080' | 
11:30:35 | Info | 'Server Running at 8080' | 
11:30:44 | Info | 'Server Running at 8080' | 
11:30:53 | Info | '[CASE ROUTER] - Requested route "/:url"' | 
11:30:53 | Info | '[CASE SERVICE] - Received request to get the case from the database with URL: 8a4bc7cc-a898-4404-b358-c9e11b9b8fc3' | 
11:37:03 | Info | 'Server Running at 8080' | 
11:37:09 | Info | 'Server Running at 8080' | 
11:37:15 | Info | 'Server Running at 8080' | 
11:37:18 | Info | 'Server Running at 8080' | 
11:37:24 | Info | 'Server Running at 8080' | 
11:37:55 | Info | 'Server Running at 8080' | 
11:38:00 | Info | 'Server Running at 8080' | 
11:38:05 | Info | 'Server Running at 8080' | 
11:38:09 | Info | 'Server Running at 8080' | 
11:38:41 | Info | 'Server Running at 8080' | 
11:38:44 | Info | 'Server Running at 8080' | 
11:38:47 | Info | 'Server Running at 8080' | 
11:38:50 | Info | 'Server Running at 8080' | 
11:38:52 | Info | 'Server Running at 8080' | 
11:38:59 | Info | 'Server Running at 8080' | 
11:39:01 | Info | 'Server Running at 8080' | 
11:39:06 | Info | 'Server Running at 8080' | 
11:39:09 | Info | 'Server Running at 8080' | 
11:39:17 | Info | 'Server Running at 8080' | 
11:39:31 | Info | 'Server Running at 8080' | 
11:39:34 | Info | 'Server Running at 8080' | 
11:39:35 | Info | 'Server Running at 8080' | 
11:39:40 | Info | 'Server Running at 8080' | 
11:39:42 | Info | 'Server Running at 8080' | 
11:39:54 | Info | 'Server Running at 8080' | 
11:40:03 | Info | '[CASE ROUTER] - Requested route "/:url"' | 
11:40:03 | Info | '[CASE SERVICE] - Received request to get the case from the database with URL: 8a4bc7cc-a898-4404-b358-c9e11b9b8fc3' | 
11:43:00 | Info | 'Server Running at 8080' | 
11:43:15 | Info | '[AUTH ROUTER] - Requested route "/"' | 
11:43:43 | Info | '[CASE ROUTER] - Requested route "/:url"' | 
11:43:43 | Info | '[CASE SERVICE] - Received request to get the case from the database with URL: 8a4bc7cc-a898-4404-b358-c9e11b9b8fc3' | 
12:44:48 | Info | '[AUTH ROUTER] - Requested route "/"' | 
12:45:40 | Info | 'Server Running at 8080' | 
12:45:45 | Info | 'Server Running at 8080' | 
12:45:53 | Info | 'Server Running at 8080' | 
12:45:58 | Info | 'Server Running at 8080' | 
12:45:59 | Info | '[AUTH ROUTER] - Requested route "/"' | 
12:46:00 | Info | '[CASE CONTROLLER] - Requested method to get cases - Passing through the Case Service' | 
12:46:00 | Info | '[CASE SERVICE] - Received request to get all the cases in the database' | 
12:46:07 | Info | '[CASE ROUTER] - Requested route "/:url"' | 
12:46:07 | Info | '[CASE SERVICE] - Received request to get the case from the database with URL: 8a4bc7cc-a898-4404-b358-c9e11b9b8fc3' | 
12:46:08 | Info | '[CASE SERVICE] - Received request to get all the cases in the database' | 
12:46:08 | Info | '[CASE CONTROLLER] - Requested method to get cases - Passing through the Case Service' | 
12:54:28 | Info | 'Server Running at 8080' | 
12:54:35 | Info | '[CASE ROUTER] - Requested route "/:url"' | 
12:54:35 | Info | '[CASE SERVICE] - Received request to get the case from the database with URL: 8a4bc7cc-a898-4404-b358-c9e11b9b8fc3' | 
12:54:36 | Info | '[CASE CONTROLLER] - Requested method to get cases - Passing through the Case Service' | 
12:54:36 | Info | '[CASE SERVICE] - Received request to get all the cases in the database' | 
12:55:08 | Info | 'Server Running at 8080' | 
12:55:09 | Info | '[CASE ROUTER] - Requested route "/:url"' | 
12:55:09 | Info | '[CASE SERVICE] - Received request to get the case from the database with URL: 8a4bc7cc-a898-4404-b358-c9e11b9b8fc3' | 
12:55:09 | Info | '[CASE CONTROLLER] - Requested method to get cases - Passing through the Case Service' | 
12:55:09 | Info | '[CASE SERVICE] - Received request to get all the cases in the database' | 
12:55:28 | Info | 'Server Running at 8080' | 
12:55:28 | Info | '[CASE ROUTER] - Requested route "/:url"' | 
12:55:28 | Info | '[CASE SERVICE] - Received request to get the case from the database with URL: 8a4bc7cc-a898-4404-b358-c9e11b9b8fc3' | 
12:55:28 | Info | '[CASE CONTROLLER] - Requested method to get cases - Passing through the Case Service' | 
12:55:28 | Info | '[CASE SERVICE] - Received request to get all the cases in the database' | 
12:55:44 | Info | '[CASE ROUTER] - Requested route "/:url"' | 
12:55:44 | Info | '[CASE SERVICE] - Received request to get the case from the database with URL: 8a4bc7cc-a898-4404-b358-c9e11b9b8fc3' | 
12:55:45 | Info | '[CASE CONTROLLER] - Requested method to get cases - Passing through the Case Service' | 
12:55:45 | Info | '[CASE SERVICE] - Received request to get all the cases in the database' | 
12:55:49 | Info | 'Server Running at 8080' | 
12:55:49 | Info | '[CASE ROUTER] - Requested route "/:url"' | 
12:55:49 | Info | '[CASE SERVICE] - Received request to get the case from the database with URL: 8a4bc7cc-a898-4404-b358-c9e11b9b8fc3' | 
12:55:49 | Info | '[CASE SERVICE] - Received request to get all the cases in the database' | 
12:55:49 | Info | '[CASE CONTROLLER] - Requested method to get cases - Passing through the Case Service' | 
12:56:03 | Info | 'Server Running at 8080' | 
12:56:03 | Info | '[CASE ROUTER] - Requested route "/:url"' | 
12:56:03 | Info | '[CASE SERVICE] - Received request to get the case from the database with URL: 8a4bc7cc-a898-4404-b358-c9e11b9b8fc3' | 
12:56:04 | Info | '[CASE CONTROLLER] - Requested method to get cases - Passing through the Case Service' | 
12:56:04 | Info | '[CASE SERVICE] - Received request to get all the cases in the database' | 
12:56:04 | Info | '[CASE SERVICE] - Received request to get the case from the database with URL: 8a4bc7cc-a898-4404-b358-c9e11b9b8fc3' | 
12:56:04 | Info | '[CASE ROUTER] - Requested route "/:url"' | 
12:56:04 | Info | '[CASE CONTROLLER] - Requested method to get cases - Passing through the Case Service' | 
12:56:04 | Info | '[CASE SERVICE] - Received request to get all the cases in the database' | 
12:57:46 | Info | '[CASE ROUTER] - Requested route "/:url"' | 
12:57:46 | Info | '[CASE SERVICE] - Received request to get the case from the database with URL: 8a4bc7cc-a898-4404-b358-c9e11b9b8fc3' | 
12:57:46 | Info | '[CASE CONTROLLER] - Requested method to get cases - Passing through the Case Service' | 
12:57:46 | Info | '[CASE SERVICE] - Received request to get all the cases in the database' | 
12:58:07 | Info | 'Server Running at 8080' | 
12:58:07 | Info | '[CASE ROUTER] - Requested route "/:url"' | 
12:58:07 | Info | '[CASE SERVICE] - Received request to get the case from the database with URL: 8a4bc7cc-a898-4404-b358-c9e11b9b8fc3' | 
12:58:07 | Info | '[CASE CONTROLLER] - Requested method to get cases - Passing through the Case Service' | 
12:58:07 | Info | '[CASE SERVICE] - Received request to get all the cases in the database' | 
12:58:19 | Info | 'Server Running at 8080' | 
12:58:20 | Info | '[CASE ROUTER] - Requested route "/:url"' | 
12:58:20 | Info | '[CASE SERVICE] - Received request to get the case from the database with URL: 8a4bc7cc-a898-4404-b358-c9e11b9b8fc3' | 
12:58:20 | Info | '[CASE CONTROLLER] - Requested method to get cases - Passing through the Case Service' | 
12:58:20 | Info | '[CASE SERVICE] - Received request to get all the cases in the database' | 
01:20:15 | Info | 'Server Running at 8080' | 
01:20:20 | Info | '[CASE ROUTER] - Requested route "/:url"' | 
01:20:20 | Info | '[CASE SERVICE] - Received request to get the case from the database with URL: 8a4bc7cc-a898-4404-b358-c9e11b9b8fc3' | 
01:20:20 | Info | '[CASE CONTROLLER] - Requested method to get cases - Passing through the Case Service' | 
01:20:20 | Info | '[CASE SERVICE] - Received request to get all the cases in the database' | 
01:20:24 | Info | '[COORDINATE ROUTER] - Requested route "/import" to import coordinates from Excel file' | 
01:21:25 | Info | 'Server Running at 8080' | 
01:21:39 | Info | 'Server Running at 8080' | 
01:21:41 | Info | 'Server Running at 8080' | 
01:21:45 | Info | '[CASE ROUTER] - Requested route "/:url"' | 
01:21:45 | Info | '[CASE SERVICE] - Received request to get the case from the database with URL: 8a4bc7cc-a898-4404-b358-c9e11b9b8fc3' | 
01:21:46 | Info | '[CASE CONTROLLER] - Requested method to get cases - Passing through the Case Service' | 
01:21:46 | Info | '[CASE SERVICE] - Received request to get all the cases in the database' | 
01:21:49 | Info | '[COORDINATE ROUTER] - Requested route "/import" to import coordinates from Excel file' | 
01:23:24 | Info | 'Server Running at 8080' | 
01:23:28 | Info | '[CASE ROUTER] - Requested route "/:url"' | 
01:23:28 | Info | '[CASE SERVICE] - Received request to get the case from the database with URL: 8a4bc7cc-a898-4404-b358-c9e11b9b8fc3' | 
01:23:28 | Info | '[CASE CONTROLLER] - Requested method to get cases - Passing through the Case Service' | 
01:23:28 | Info | '[CASE SERVICE] - Received request to get all the cases in the database' | 
01:24:01 | Info | 'Server Running at 8080' | 
01:24:01 | Info | '[CASE ROUTER] - Requested route "/:url"' | 
01:24:01 | Info | '[CASE SERVICE] - Received request to get the case from the database with URL: 8a4bc7cc-a898-4404-b358-c9e11b9b8fc3' | 
01:24:01 | Info | '[CASE CONTROLLER] - Requested method to get cases - Passing through the Case Service' | 
01:24:01 | Info | '[CASE SERVICE] - Received request to get all the cases in the database' | 
01:24:37 | Info | 'Server Running at 8080' | 
01:24:37 | Info | '[CASE ROUTER] - Requested route "/:url"' | 
01:24:37 | Info | '[CASE SERVICE] - Received request to get the case from the database with URL: 8a4bc7cc-a898-4404-b358-c9e11b9b8fc3' | 
01:24:38 | Info | '[CASE CONTROLLER] - Requested method to get cases - Passing through the Case Service' | 
01:24:38 | Info | '[CASE SERVICE] - Received request to get all the cases in the database' | 
01:26:29 | Info | 'Server Running at 8080' | 
01:26:29 | Info | '[CASE ROUTER] - Requested route "/:url"' | 
01:26:29 | Info | '[CASE SERVICE] - Received request to get the case from the database with URL: 8a4bc7cc-a898-4404-b358-c9e11b9b8fc3' | 
01:26:29 | Info | '[CASE SERVICE] - Received request to get all the cases in the database' | 
01:26:29 | Info | '[CASE CONTROLLER] - Requested method to get cases - Passing through the Case Service' | 
01:27:45 | Info | 'Server Running at 8080' | 
01:28:27 | Info | 'Server Running at 8080' | 
01:28:28 | Info | '[CASE ROUTER] - Requested route "/:url"' | 
01:28:28 | Info | '[CASE SERVICE] - Received request to get the case from the database with URL: 8a4bc7cc-a898-4404-b358-c9e11b9b8fc3' | 
01:28:28 | Info | '[CASE CONTROLLER] - Requested method to get cases - Passing through the Case Service' | 
01:28:28 | Info | '[CASE SERVICE] - Received request to get all the cases in the database' | 
01:28:40 | Info | '[COORDINATE ROUTER] - Requested route "/import" to import coordinates from Excel file' | 
01:29:19 | Info | '[CASE ROUTER] - Requested route "/:url"' | 
01:29:19 | Info | '[CASE SERVICE] - Received request to get the case from the database with URL: 8a4bc7cc-a898-4404-b358-c9e11b9b8fc3' | 
01:29:20 | Info | '[CASE CONTROLLER] - Requested method to get cases - Passing through the Case Service' | 
01:29:20 | Info | '[CASE SERVICE] - Received request to get all the cases in the database' | 
01:29:25 | Info | '[COORDINATE ROUTER] - Requested route "/import" to import coordinates from Excel file' | 
01:30:07 | Info | 'Server Running at 8080' | 
01:30:07 | Info | '[CASE ROUTER] - Requested route "/:url"' | 
01:30:07 | Info | '[CASE SERVICE] - Received request to get the case from the database with URL: 8a4bc7cc-a898-4404-b358-c9e11b9b8fc3' | 
01:30:08 | Info | '[CASE CONTROLLER] - Requested method to get cases - Passing through the Case Service' | 
01:30:08 | Info | '[CASE SERVICE] - Received request to get all the cases in the database' | 
01:30:56 | Info | '[CASE SERVICE] - Received request to get the case from the database with URL: 8a4bc7cc-a898-4404-b358-c9e11b9b8fc3' | 
01:30:56 | Info | '[CASE ROUTER] - Requested route "/:url"' | 
01:30:57 | Info | '[CASE CONTROLLER] - Requested method to get cases - Passing through the Case Service' | 
01:30:57 | Info | '[CASE SERVICE] - Received request to get all the cases in the database' | 
01:31:12 | Info | '[COORDINATE ROUTER] - Requested route "/import" to import coordinates from Excel file' | 
01:31:15 | Info | '[COORDINATE CONTROLLER] - Requested method to create coordinate - Passing through the Coordinate Service' | 
01:31:15 | Info | '[COORDINATE SERVICE] - Requested method to create coordinates' | 
01:31:15 | Info | '[COORDINATE SERVICE] - Requested method to create coordinates' | 
01:31:15 | Info | '[COORDINATE CONTROLLER] - Requested method to create coordinate - Passing through the Coordinate Service' | 
01:31:15 | Info | '[COORDINATE SERVICE] - Requested method to create coordinates' | 
01:31:15 | Info | '[COORDINATE CONTROLLER] - Requested method to create coordinate - Passing through the Coordinate Service' | 
01:31:15 | Info | '[COORDINATE CONTROLLER] - Requested method to create coordinate - Passing through the Coordinate Service' | 
01:31:15 | Info | '[COORDINATE SERVICE] - Requested method to create coordinates' | 
01:31:15 | Info | '[COORDINATE CONTROLLER] - Requested method to create coordinate - Passing through the Coordinate Service' | 
01:31:15 | Info | '[COORDINATE SERVICE] - Requested method to create coordinates' | 
01:31:15 | Info | '[COORDINATE CONTROLLER] - Requested method to create coordinate - Passing through the Coordinate Service' | 
01:31:15 | Info | '[COORDINATE SERVICE] - Requested method to create coordinates' | 
01:31:15 | Info | '[COORDINATE CONTROLLER] - Requested method to create coordinate - Passing through the Coordinate Service' | 
01:31:15 | Info | '[COORDINATE SERVICE] - Requested method to create coordinates' | 
01:31:15 | Info | '[COORDINATE SERVICE] - Requested method to get all coordinates' | 
01:31:15 | Info | '[COORDINATE SERVICE] - Requested method to get all coordinates' | 
01:31:15 | Info | '[COORDINATE SERVICE] - Requested method to get all coordinates' | 
01:31:15 | Info | '[COORDINATE SERVICE] - Requested method to get all coordinates' | 
01:31:15 | Info | '[COORDINATE CONTROLLER] - Requested method to create coordinate - Passing through the Coordinate Service' | 
01:31:15 | Info | '[COORDINATE SERVICE] - Requested method to create coordinates' | 
01:31:15 | Info | '[COORDINATE SERVICE] - Requested method to get all coordinates' | 
01:31:15 | Info | '[COORDINATE SERVICE] - Requested method to get all coordinates' | 
01:31:15 | Info | '[COORDINATE CONTROLLER] - Requested method to create coordinate - Passing through the Coordinate Service' | 
01:31:15 | Info | '[COORDINATE SERVICE] - Requested method to create coordinates' | 
01:31:15 | Info | '[COORDINATE SERVICE] - Requested method to get all coordinates' | 
01:31:15 | Info | '[COORDINATE SERVICE] - Requested method to create coordinates' | 
01:31:15 | Info | '[COORDINATE CONTROLLER] - Requested method to create coordinate - Passing through the Coordinate Service' | 
01:31:15 | Info | '[COORDINATE CONTROLLER] - Requested method to create coordinate - Passing through the Coordinate Service' | 
01:31:15 | Info | '[COORDINATE SERVICE] - Requested method to get all coordinates' | 
01:31:15 | Info | '[COORDINATE SERVICE] - Requested method to create coordinates' | 
01:31:15 | Info | '[COORDINATE SERVICE] - Requested method to get all coordinates' | 
01:31:15 | Info | '[COORDINATE CONTROLLER] - Requested method to create coordinate - Passing through the Coordinate Service' | 
01:31:15 | Info | '[COORDINATE SERVICE] - Requested method to get all coordinates' | 
01:31:15 | Info | '[COORDINATE SERVICE] - Requested method to create coordinates' | 
01:31:15 | Info | '[COORDINATE CONTROLLER] - Requested method to create coordinate - Passing through the Coordinate Service' | 
01:31:15 | Info | '[COORDINATE CONTROLLER] - Requested method to create coordinate - Passing through the Coordinate Service' | 
01:31:15 | Info | '[COORDINATE SERVICE] - Requested method to create coordinates' | 
01:31:15 | Info | '[COORDINATE SERVICE] - Requested method to create coordinates' | 
01:31:15 | Info | '[COORDINATE SERVICE] - Requested method to get all coordinates' | 
01:31:15 | Info | '[COORDINATE SERVICE] - Requested method to get all coordinates' | 
01:31:15 | Info | '[COORDINATE SERVICE] - Requested method to get all coordinates' | 
01:31:15 | Info | '[COORDINATE CONTROLLER] - Requested method to create coordinate - Passing through the Coordinate Service' | 
01:31:15 | Info | '[COORDINATE SERVICE] - Requested method to create coordinates' | 
01:31:15 | Info | '[COORDINATE CONTROLLER] - Requested method to create coordinate - Passing through the Coordinate Service' | 
01:31:15 | Info | '[COORDINATE SERVICE] - Requested method to create coordinates' | 
01:31:15 | Info | '[COORDINATE CONTROLLER] - Requested method to create coordinate - Passing through the Coordinate Service' | 
01:31:15 | Info | '[COORDINATE SERVICE] - Requested method to create coordinates' | 
01:31:15 | Info | '[COORDINATE SERVICE] - Requested method to get all coordinates' | 
01:31:15 | Info | '[COORDINATE SERVICE] - Requested method to get all coordinates' | 
01:31:15 | Info | '[COORDINATE SERVICE] - Requested method to get all coordinates' | 
01:31:15 | Info | '[COORDINATE CONTROLLER] - Requested method to create coordinate - Passing through the Coordinate Service' | 
01:31:15 | Info | '[COORDINATE SERVICE] - Requested method to create coordinates' | 
01:31:15 | Info | '[COORDINATE SERVICE] - Requested method to get all coordinates' | 
01:31:15 | Info | '[COORDINATE SERVICE] - Requested method to create coordinates' | 
01:31:15 | Info | '[COORDINATE CONTROLLER] - Requested method to create coordinate - Passing through the Coordinate Service' | 
01:31:15 | Info | '[COORDINATE SERVICE] - Requested method to get all coordinates' | 
01:31:15 | Info | '[COORDINATE CONTROLLER] - Requested method to create coordinate - Passing through the Coordinate Service' | 
01:31:15 | Info | '[COORDINATE SERVICE] - Requested method to create coordinates' | 
01:31:15 | Info | '[COORDINATE CONTROLLER] - Requested method to create coordinate - Passing through the Coordinate Service' | 
01:31:15 | Info | '[COORDINATE SERVICE] - Requested method to create coordinates' | 
01:31:15 | Info | '[COORDINATE SERVICE] - Requested method to get all coordinates' | 
01:31:15 | Info | '[COORDINATE CONTROLLER] - Requested method to create coordinate - Passing through the Coordinate Service' | 
01:31:15 | Info | '[COORDINATE SERVICE] - Requested method to get all coordinates' | 
01:31:15 | Info | '[COORDINATE SERVICE] - Requested method to create coordinates' | 
01:31:15 | Info | '[COORDINATE SERVICE] - Requested method to get all coordinates' | 
01:31:15 | Info | '[COORDINATE SERVICE] - Requested method to get all coordinates' | 
01:31:15 | Info | '[COORDINATE CONTROLLER] - Requested method to create coordinate - Passing through the Coordinate Service' | 
01:31:15 | Info | '[COORDINATE SERVICE] - Requested method to create coordinates' | 
01:31:15 | Info | '[COORDINATE SERVICE] - Requested method to get all coordinates' | 
01:31:15 | Info | '[COORDINATE CONTROLLER] - Requested method to create coordinate - Passing through the Coordinate Service' | 
01:31:15 | Info | '[COORDINATE SERVICE] - Requested method to create coordinates' | 
01:31:15 | Info | '[COORDINATE SERVICE] - Requested method to create coordinates' | 
01:31:15 | Info | '[COORDINATE CONTROLLER] - Requested method to create coordinate - Passing through the Coordinate Service' | 
01:31:15 | Info | '[COORDINATE SERVICE] - Requested method to get all coordinates' | 
01:31:15 | Info | '[COORDINATE SERVICE] - Requested method to get all coordinates' | 
01:31:15 | Info | '[COORDINATE CONTROLLER] - Requested method to create coordinate - Passing through the Coordinate Service' | 
01:31:15 | Info | '[COORDINATE SERVICE] - Requested method to create coordinates' | 
01:31:15 | Info | '[COORDINATE CONTROLLER] - Requested method to create coordinate - Passing through the Coordinate Service' | 
01:31:15 | Info | '[COORDINATE SERVICE] - Requested method to create coordinates' | 
01:31:15 | Info | '[COORDINATE SERVICE] - Requested method to get all coordinates' | 
01:31:15 | Info | '[COORDINATE SERVICE] - Requested method to get all coordinates' | 
01:31:15 | Info | '[COORDINATE CONTROLLER] - Requested method to create coordinate - Passing through the Coordinate Service' | 
01:31:15 | Info | '[COORDINATE SERVICE] - Requested method to create coordinates' | 
01:31:15 | Info | '[COORDINATE SERVICE] - Requested method to create coordinates' | 
01:31:15 | Info | '[COORDINATE CONTROLLER] - Requested method to create coordinate - Passing through the Coordinate Service' | 
01:31:15 | Info | '[COORDINATE SERVICE] - Requested method to get all coordinates' | 
01:31:15 | Info | '[COORDINATE SERVICE] - Requested method to get all coordinates' | 
01:31:15 | Info | '[COORDINATE SERVICE] - Requested method to create coordinates' | 
01:31:15 | Info | '[COORDINATE CONTROLLER] - Requested method to create coordinate - Passing through the Coordinate Service' | 
01:31:15 | Info | '[COORDINATE SERVICE] - Requested method to get all coordinates' | 
01:31:15 | Info | '[COORDINATE CONTROLLER] - Requested method to create coordinate - Passing through the Coordinate Service' | 
01:31:15 | Info | '[COORDINATE SERVICE] - Requested method to create coordinates' | 
01:31:15 | Info | '[COORDINATE SERVICE] - Requested method to get all coordinates' | 
01:31:15 | Info | '[COORDINATE CONTROLLER] - Requested method to create coordinate - Passing through the Coordinate Service' | 
01:31:15 | Info | '[COORDINATE SERVICE] - Requested method to create coordinates' | 
01:31:15 | Info | '[COORDINATE CONTROLLER] - Requested method to create coordinate - Passing through the Coordinate Service' | 
01:31:15 | Info | '[COORDINATE SERVICE] - Requested method to create coordinates' | 
01:31:15 | Info | '[COORDINATE SERVICE] - Requested method to get all coordinates' | 
01:31:15 | Info | '[COORDINATE SERVICE] - Requested method to get all coordinates' | 
01:31:15 | Info | '[COORDINATE CONTROLLER] - Requested method to create coordinate - Passing through the Coordinate Service' | 
01:31:15 | Info | '[COORDINATE SERVICE] - Requested method to create coordinates' | 
01:31:15 | Info | '[COORDINATE SERVICE] - Requested method to get all coordinates' | 
01:31:15 | Info | '[COORDINATE CONTROLLER] - Requested method to create coordinate - Passing through the Coordinate Service' | 
01:31:15 | Info | '[COORDINATE SERVICE] - Requested method to create coordinates' | 
01:31:15 | Info | '[COORDINATE SERVICE] - Requested method to get all coordinates' | 
01:31:15 | Info | '[COORDINATE CONTROLLER] - Requested method to create coordinate - Passing through the Coordinate Service' | 
01:31:15 | Info | '[COORDINATE SERVICE] - Requested method to create coordinates' | 
01:31:15 | Info | '[COORDINATE SERVICE] - Requested method to get all coordinates' | 
01:31:15 | Info | '[COORDINATE CONTROLLER] - Requested method to create coordinate - Passing through the Coordinate Service' | 
01:31:15 | Info | '[COORDINATE SERVICE] - Requested method to create coordinates' | 
01:31:15 | Info | '[COORDINATE CONTROLLER] - Requested method to create coordinate - Passing through the Coordinate Service' | 
01:31:15 | Info | '[COORDINATE SERVICE] - Requested method to create coordinates' | 
01:31:15 | Info | '[COORDINATE SERVICE] - Requested method to get all coordinates' | 
01:31:15 | Info | '[COORDINATE SERVICE] - Requested method to get all coordinates' | 
01:31:15 | Info | '[COORDINATE SERVICE] - Requested method to create coordinates' | 
01:31:15 | Info | '[COORDINATE CONTROLLER] - Requested method to create coordinate - Passing through the Coordinate Service' | 
01:31:15 | Info | '[COORDINATE SERVICE] - Requested method to get all coordinates' | 
01:31:15 | Info | '[COORDINATE CONTROLLER] - Requested method to create coordinate - Passing through the Coordinate Service' | 
01:31:15 | Info | '[COORDINATE SERVICE] - Requested method to create coordinates' | 
01:31:15 | Info | '[COORDINATE SERVICE] - Requested method to get all coordinates' | 
01:31:15 | Info | '[COORDINATE CONTROLLER] - Requested method to create coordinate - Passing through the Coordinate Service' | 
01:31:15 | Info | '[COORDINATE SERVICE] - Requested method to create coordinates' | 
01:31:15 | Info | '[COORDINATE SERVICE] - Requested method to get all coordinates' | 
01:31:15 | Info | '[COORDINATE SERVICE] - Requested method to create coordinates' | 
01:31:15 | Info | '[COORDINATE CONTROLLER] - Requested method to create coordinate - Passing through the Coordinate Service' | 
01:31:15 | Info | '[COORDINATE CONTROLLER] - Requested method to create coordinate - Passing through the Coordinate Service' | 
01:31:15 | Info | '[COORDINATE SERVICE] - Requested method to get all coordinates' | 
01:31:15 | Info | '[COORDINATE SERVICE] - Requested method to create coordinates' | 
01:31:15 | Info | '[COORDINATE SERVICE] - Requested method to get all coordinates' | 
01:31:15 | Info | '[COORDINATE CONTROLLER] - Requested method to create coordinate - Passing through the Coordinate Service' | 
01:31:15 | Info | '[COORDINATE SERVICE] - Requested method to create coordinates' | 
01:31:15 | Info | '[COORDINATE SERVICE] - Requested method to get all coordinates' | 
01:31:15 | Info | '[COORDINATE CONTROLLER] - Requested method to create coordinate - Passing through the Coordinate Service' | 
01:31:15 | Info | '[COORDINATE SERVICE] - Requested method to create coordinates' | 
01:31:15 | Info | '[COORDINATE SERVICE] - Requested method to get all coordinates' | 
01:31:15 | Info | '[COORDINATE SERVICE] - Requested method to create coordinates' | 
01:31:15 | Info | '[COORDINATE CONTROLLER] - Requested method to create coordinate - Passing through the Coordinate Service' | 
01:31:15 | Info | '[COORDINATE SERVICE] - Requested method to get all coordinates' | 
01:31:15 | Info | '[COORDINATE CONTROLLER] - Requested method to create coordinate - Passing through the Coordinate Service' | 
01:31:15 | Info | '[COORDINATE SERVICE] - Requested method to create coordinates' | 
01:31:15 | Info | '[COORDINATE SERVICE] - Requested method to get all coordinates' | 
01:31:15 | Info | '[COORDINATE SERVICE] - Requested method to create coordinates' | 
01:31:15 | Info | '[COORDINATE CONTROLLER] - Requested method to create coordinate - Passing through the Coordinate Service' | 
01:31:15 | Info | '[COORDINATE CONTROLLER] - Requested method to create coordinate - Passing through the Coordinate Service' | 
01:31:15 | Info | '[COORDINATE SERVICE] - Requested method to get all coordinates' | 
01:31:15 | Info | '[COORDINATE SERVICE] - Requested method to create coordinates' | 
01:31:15 | Info | '[COORDINATE SERVICE] - Requested method to get all coordinates' | 
01:31:15 | Info | '[COORDINATE CONTROLLER] - Requested method to create coordinate - Passing through the Coordinate Service' | 
01:31:15 | Info | '[COORDINATE SERVICE] - Requested method to create coordinates' | 
01:31:15 | Info | '[COORDINATE SERVICE] - Requested method to get all coordinates' | 
01:31:15 | Info | '[COORDINATE CONTROLLER] - Requested method to create coordinate - Passing through the Coordinate Service' | 
01:31:15 | Info | '[COORDINATE SERVICE] - Requested method to create coordinates' | 
01:31:15 | Info | '[COORDINATE CONTROLLER] - Requested method to create coordinate - Passing through the Coordinate Service' | 
01:31:15 | Info | '[COORDINATE SERVICE] - Requested method to create coordinates' | 
01:31:15 | Info | '[COORDINATE SERVICE] - Requested method to get all coordinates' | 
01:31:15 | Info | '[COORDINATE SERVICE] - Requested method to get all coordinates' | 
01:31:15 | Info | '[COORDINATE CONTROLLER] - Requested method to create coordinate - Passing through the Coordinate Service' | 
01:31:15 | Info | '[COORDINATE SERVICE] - Requested method to create coordinates' | 
01:31:15 | Info | '[COORDINATE SERVICE] - Requested method to get all coordinates' | 
01:31:15 | Info | '[COORDINATE SERVICE] - Requested method to create coordinates' | 
01:31:15 | Info | '[COORDINATE CONTROLLER] - Requested method to create coordinate - Passing through the Coordinate Service' | 
01:31:15 | Info | '[COORDINATE CONTROLLER] - Requested method to create coordinate - Passing through the Coordinate Service' | 
01:31:15 | Info | '[COORDINATE SERVICE] - Requested method to get all coordinates' | 
01:31:15 | Info | '[COORDINATE SERVICE] - Requested method to create coordinates' | 
01:31:15 | Info | '[COORDINATE SERVICE] - Requested method to get all coordinates' | 
01:31:15 | Info | '[COORDINATE SERVICE] - Requested method to create coordinates' | 
01:31:15 | Info | '[COORDINATE CONTROLLER] - Requested method to create coordinate - Passing through the Coordinate Service' | 
01:31:15 | Info | '[COORDINATE SERVICE] - Requested method to get all coordinates' | 
01:31:15 | Info | '[COORDINATE CONTROLLER] - Requested method to create coordinate - Passing through the Coordinate Service' | 
01:31:15 | Info | '[COORDINATE SERVICE] - Requested method to create coordinates' | 
01:31:15 | Info | '[COORDINATE SERVICE] - Requested method to get all coordinates' | 
01:31:15 | Info | '[COORDINATE SERVICE] - Requested method to create coordinates' | 
01:31:15 | Info | '[COORDINATE CONTROLLER] - Requested method to create coordinate - Passing through the Coordinate Service' | 
01:31:15 | Info | '[COORDINATE SERVICE] - Requested method to get all coordinates' | 
01:31:15 | Info | '[COORDINATE CONTROLLER] - Requested method to create coordinate - Passing through the Coordinate Service' | 
01:31:15 | Info | '[COORDINATE SERVICE] - Requested method to create coordinates' | 
01:31:15 | Info | '[COORDINATE SERVICE] - Requested method to get all coordinates' | 
01:31:15 | Info | '[COORDINATE SERVICE] - Requested method to create coordinates' | 
01:31:15 | Info | '[COORDINATE CONTROLLER] - Requested method to create coordinate - Passing through the Coordinate Service' | 
01:31:15 | Info | '[COORDINATE SERVICE] - Requested method to get all coordinates' | 
01:31:15 | Info | '[COORDINATE CONTROLLER] - Requested method to create coordinate - Passing through the Coordinate Service' | 
01:31:15 | Info | '[COORDINATE SERVICE] - Requested method to create coordinates' | 
01:31:15 | Info | '[COORDINATE SERVICE] - Requested method to get all coordinates' | 
01:31:15 | Info | '[COORDINATE CONTROLLER] - Requested method to create coordinate - Passing through the Coordinate Service' | 
01:31:15 | Info | '[COORDINATE SERVICE] - Requested method to create coordinates' | 
01:31:15 | Info | '[COORDINATE SERVICE] - Requested method to get all coordinates' | 
01:31:15 | Info | '[COORDINATE CONTROLLER] - Requested method to create coordinate - Passing through the Coordinate Service' | 
01:31:15 | Info | '[COORDINATE SERVICE] - Requested method to create coordinates' | 
01:31:15 | Info | '[COORDINATE SERVICE] - Requested method to get all coordinates' | 
01:31:15 | Info | '[COORDINATE CONTROLLER] - Requested method to create coordinate - Passing through the Coordinate Service' | 
01:31:15 | Info | '[COORDINATE SERVICE] - Requested method to create coordinates' | 
01:31:15 | Info | '[COORDINATE SERVICE] - Requested method to get all coordinates' | 
01:31:15 | Info | '[COORDINATE CONTROLLER] - Requested method to create coordinate - Passing through the Coordinate Service' | 
01:31:15 | Info | '[COORDINATE SERVICE] - Requested method to create coordinates' | 
01:31:15 | Info | '[COORDINATE SERVICE] - Requested method to get all coordinates' | 
01:31:15 | Info | '[COORDINATE CONTROLLER] - Requested method to create coordinate - Passing through the Coordinate Service' | 
01:31:15 | Info | '[COORDINATE SERVICE] - Requested method to create coordinates' | 
01:31:15 | Info | '[COORDINATE SERVICE] - Requested method to get all coordinates' | 
01:31:15 | Info | '[COORDINATE CONTROLLER] - Requested method to create coordinate - Passing through the Coordinate Service' | 
01:31:15 | Info | '[COORDINATE SERVICE] - Requested method to create coordinates' | 
01:31:15 | Info | '[COORDINATE CONTROLLER] - Requested method to create coordinate - Passing through the Coordinate Service' | 
01:31:15 | Info | '[COORDINATE SERVICE] - Requested method to create coordinates' | 
01:31:15 | Info | '[COORDINATE SERVICE] - Requested method to get all coordinates' | 
01:31:15 | Info | '[COORDINATE SERVICE] - Requested method to get all coordinates' | 
01:31:15 | Info | '[COORDINATE CONTROLLER] - Requested method to create coordinate - Passing through the Coordinate Service' | 
01:31:15 | Info | '[COORDINATE SERVICE] - Requested method to create coordinates' | 
01:31:15 | Info | '[COORDINATE SERVICE] - Requested method to get all coordinates' | 
01:31:15 | Info | '[COORDINATE SERVICE] - Requested method to create coordinates' | 
01:31:15 | Info | '[COORDINATE CONTROLLER] - Requested method to create coordinate - Passing through the Coordinate Service' | 
01:31:15 | Info | '[COORDINATE SERVICE] - Requested method to get all coordinates' | 
01:31:15 | Info | '[COORDINATE CONTROLLER] - Requested method to create coordinate - Passing through the Coordinate Service' | 
01:31:15 | Info | '[COORDINATE SERVICE] - Requested method to create coordinates' | 
01:31:15 | Info | '[COORDINATE SERVICE] - Requested method to get all coordinates' | 
01:31:15 | Info | '[COORDINATE CONTROLLER] - Requested method to create coordinate - Passing through the Coordinate Service' | 
01:31:15 | Info | '[COORDINATE SERVICE] - Requested method to create coordinates' | 
01:31:15 | Info | '[COORDINATE SERVICE] - Requested method to get all coordinates' | 
01:31:15 | Info | '[COORDINATE CONTROLLER] - Requested method to create coordinate - Passing through the Coordinate Service' | 
01:31:15 | Info | '[COORDINATE SERVICE] - Requested method to create coordinates' | 
01:31:15 | Info | '[COORDINATE SERVICE] - Requested method to get all coordinates' | 
01:31:15 | Info | '[COORDINATE SERVICE] - Requested method to create coordinates' | 
01:31:15 | Info | '[COORDINATE CONTROLLER] - Requested method to create coordinate - Passing through the Coordinate Service' | 
01:31:15 | Info | '[COORDINATE SERVICE] - Requested method to get all coordinates' | 
01:31:15 | Info | '[COORDINATE CONTROLLER] - Requested method to create coordinate - Passing through the Coordinate Service' | 
01:31:15 | Info | '[COORDINATE SERVICE] - Requested method to create coordinates' | 
01:31:15 | Info | '[COORDINATE SERVICE] - Requested method to get all coordinates' | 
01:31:15 | Info | '[COORDINATE CONTROLLER] - Requested method to create coordinate - Passing through the Coordinate Service' | 
01:31:15 | Info | '[COORDINATE SERVICE] - Requested method to create coordinates' | 
01:31:15 | Info | '[COORDINATE SERVICE] - Requested method to get all coordinates' | 
01:31:15 | Info | '[COORDINATE CONTROLLER] - Requested method to create coordinate - Passing through the Coordinate Service' | 
01:31:15 | Info | '[COORDINATE SERVICE] - Requested method to create coordinates' | 
01:31:15 | Info | '[COORDINATE SERVICE] - Requested method to get all coordinates' | 
01:31:15 | Info | '[COORDINATE CONTROLLER] - Requested method to create coordinate - Passing through the Coordinate Service' | 
01:31:15 | Info | '[COORDINATE SERVICE] - Requested method to create coordinates' | 
01:31:15 | Info | '[COORDINATE CONTROLLER] - Requested method to create coordinate - Passing through the Coordinate Service' | 
01:31:15 | Info | '[COORDINATE SERVICE] - Requested method to create coordinates' | 
01:31:15 | Info | '[COORDINATE SERVICE] - Requested method to get all coordinates' | 
01:31:15 | Info | '[COORDINATE SERVICE] - Requested method to get all coordinates' | 
01:31:15 | Info | '[COORDINATE CONTROLLER] - Requested method to create coordinate - Passing through the Coordinate Service' | 
01:31:15 | Info | '[COORDINATE SERVICE] - Requested method to create coordinates' | 
01:31:15 | Info | '[COORDINATE CONTROLLER] - Requested method to create coordinate - Passing through the Coordinate Service' | 
01:31:15 | Info | '[COORDINATE SERVICE] - Requested method to create coordinates' | 
01:31:15 | Info | '[COORDINATE SERVICE] - Requested method to get all coordinates' | 
01:31:15 | Info | '[COORDINATE CONTROLLER] - Requested method to create coordinate - Passing through the Coordinate Service' | 
01:31:15 | Info | '[COORDINATE SERVICE] - Requested method to get all coordinates' | 
01:31:15 | Info | '[COORDINATE SERVICE] - Requested method to create coordinates' | 
01:31:15 | Info | '[COORDINATE SERVICE] - Requested method to get all coordinates' | 
01:31:15 | Info | '[COORDINATE CONTROLLER] - Requested method to create coordinate - Passing through the Coordinate Service' | 
01:31:15 | Info | '[COORDINATE SERVICE] - Requested method to create coordinates' | 
01:31:15 | Info | '[COORDINATE CONTROLLER] - Requested method to create coordinate - Passing through the Coordinate Service' | 
01:31:15 | Info | '[COORDINATE SERVICE] - Requested method to create coordinates' | 
01:31:15 | Info | '[COORDINATE SERVICE] - Requested method to get all coordinates' | 
01:31:15 | Info | '[COORDINATE SERVICE] - Requested method to get all coordinates' | 
01:31:15 | Info | '[COORDINATE CONTROLLER] - Requested method to create coordinate - Passing through the Coordinate Service' | 
01:31:15 | Info | '[COORDINATE SERVICE] - Requested method to create coordinates' | 
01:31:15 | Info | '[COORDINATE SERVICE] - Requested method to create coordinates' | 
01:31:15 | Info | '[COORDINATE CONTROLLER] - Requested method to create coordinate - Passing through the Coordinate Service' | 
01:31:15 | Info | '[COORDINATE SERVICE] - Requested method to get all coordinates' | 
01:31:15 | Info | '[COORDINATE SERVICE] - Requested method to get all coordinates' | 
01:31:15 | Info | '[COORDINATE CONTROLLER] - Requested method to create coordinate - Passing through the Coordinate Service' | 
01:31:15 | Info | '[COORDINATE SERVICE] - Requested method to create coordinates' | 
01:31:15 | Info | '[COORDINATE SERVICE] - Requested method to get all coordinates' | 
01:31:15 | Info | '[COORDINATE CONTROLLER] - Requested method to create coordinate - Passing through the Coordinate Service' | 
01:31:15 | Info | '[COORDINATE SERVICE] - Requested method to create coordinates' | 
01:31:15 | Info | '[COORDINATE SERVICE] - Requested method to get all coordinates' | 
01:31:15 | Info | '[COORDINATE CONTROLLER] - Requested method to create coordinate - Passing through the Coordinate Service' | 
01:31:15 | Info | '[COORDINATE SERVICE] - Requested method to create coordinates' | 
01:31:15 | Info | '[COORDINATE SERVICE] - Requested method to get all coordinates' | 
01:31:15 | Info | '[COORDINATE CONTROLLER] - Requested method to create coordinate - Passing through the Coordinate Service' | 
01:31:15 | Info | '[COORDINATE SERVICE] - Requested method to create coordinates' | 
01:31:15 | Info | '[COORDINATE SERVICE] - Requested method to get all coordinates' | 
01:31:15 | Info | '[COORDINATE CONTROLLER] - Requested method to create coordinate - Passing through the Coordinate Service' | 
01:31:15 | Info | '[COORDINATE SERVICE] - Requested method to create coordinates' | 
01:31:15 | Info | '[COORDINATE SERVICE] - Requested method to get all coordinates' | 
01:31:15 | Info | '[COORDINATE CONTROLLER] - Requested method to create coordinate - Passing through the Coordinate Service' | 
01:31:15 | Info | '[COORDINATE SERVICE] - Requested method to create coordinates' | 
01:31:15 | Info | '[COORDINATE SERVICE] - Requested method to get all coordinates' | 
01:31:15 | Info | '[COORDINATE CONTROLLER] - Requested method to create coordinate - Passing through the Coordinate Service' | 
01:31:15 | Info | '[COORDINATE SERVICE] - Requested method to create coordinates' | 
01:31:15 | Info | '[COORDINATE CONTROLLER] - Requested method to create coordinate - Passing through the Coordinate Service' | 
01:31:15 | Info | '[COORDINATE SERVICE] - Requested method to create coordinates' | 
01:31:15 | Info | '[COORDINATE SERVICE] - Requested method to get all coordinates' | 
01:31:15 | Info | '[COORDINATE SERVICE] - Requested method to get all coordinates' | 
01:31:15 | Info | '[COORDINATE CONTROLLER] - Requested method to create coordinate - Passing through the Coordinate Service' | 
01:31:15 | Info | '[COORDINATE SERVICE] - Requested method to create coordinates' | 
01:31:15 | Info | '[COORDINATE SERVICE] - Requested method to get all coordinates' | 
01:31:15 | Info | '[COORDINATE CONTROLLER] - Requested method to create coordinate - Passing through the Coordinate Service' | 
01:31:15 | Info | '[COORDINATE SERVICE] - Requested method to create coordinates' | 
01:31:15 | Info | '[COORDINATE SERVICE] - Requested method to get all coordinates' | 
01:31:15 | Info | '[COORDINATE CONTROLLER] - Requested method to create coordinate - Passing through the Coordinate Service' | 
01:31:15 | Info | '[COORDINATE SERVICE] - Requested method to create coordinates' | 
01:31:15 | Info | '[COORDINATE SERVICE] - Requested method to get all coordinates' | 
01:31:15 | Info | '[COORDINATE CONTROLLER] - Requested method to create coordinate - Passing through the Coordinate Service' | 
01:31:15 | Info | '[COORDINATE SERVICE] - Requested method to create coordinates' | 
01:31:15 | Info | '[COORDINATE SERVICE] - Requested method to get all coordinates' | 
01:31:15 | Info | '[COORDINATE CONTROLLER] - Requested method to create coordinate - Passing through the Coordinate Service' | 
01:31:15 | Info | '[COORDINATE SERVICE] - Requested method to create coordinates' | 
01:31:15 | Info | '[COORDINATE SERVICE] - Requested method to get all coordinates' | 
01:31:15 | Info | '[COORDINATE CONTROLLER] - Requested method to create coordinate - Passing through the Coordinate Service' | 
01:31:15 | Info | '[COORDINATE SERVICE] - Requested method to create coordinates' | 
01:31:15 | Info | '[COORDINATE SERVICE] - Requested method to get all coordinates' | 
01:31:15 | Info | '[COORDINATE CONTROLLER] - Requested method to create coordinate - Passing through the Coordinate Service' | 
01:31:15 | Info | '[COORDINATE SERVICE] - Requested method to create coordinates' | 
01:31:15 | Info | '[COORDINATE SERVICE] - Requested method to get all coordinates' | 
01:31:15 | Info | '[COORDINATE CONTROLLER] - Requested method to create coordinate - Passing through the Coordinate Service' | 
01:31:15 | Info | '[COORDINATE SERVICE] - Requested method to create coordinates' | 
01:31:15 | Info | '[COORDINATE SERVICE] - Requested method to get all coordinates' | 
01:31:15 | Info | '[COORDINATE CONTROLLER] - Requested method to create coordinate - Passing through the Coordinate Service' | 
01:31:15 | Info | '[COORDINATE SERVICE] - Requested method to create coordinates' | 
01:31:15 | Info | '[COORDINATE SERVICE] - Requested method to get all coordinates' | 
01:31:15 | Info | '[COORDINATE SERVICE] - Requested method to create coordinates' | 
01:31:15 | Info | '[COORDINATE CONTROLLER] - Requested method to create coordinate - Passing through the Coordinate Service' | 
01:31:15 | Info | '[COORDINATE SERVICE] - Requested method to get all coordinates' | 
01:31:15 | Info | '[COORDINATE CONTROLLER] - Requested method to create coordinate - Passing through the Coordinate Service' | 
01:31:15 | Info | '[COORDINATE SERVICE] - Requested method to create coordinates' | 
01:31:15 | Info | '[COORDINATE SERVICE] - Requested method to get all coordinates' | 
01:31:15 | Info | '[COORDINATE CONTROLLER] - Requested method to create coordinate - Passing through the Coordinate Service' | 
01:31:15 | Info | '[COORDINATE SERVICE] - Requested method to create coordinates' | 
01:31:15 | Info | '[COORDINATE SERVICE] - Requested method to get all coordinates' | 
01:31:15 | Info | '[COORDINATE CONTROLLER] - Requested method to create coordinate - Passing through the Coordinate Service' | 
01:31:15 | Info | '[COORDINATE SERVICE] - Requested method to create coordinates' | 
01:31:15 | Info | '[COORDINATE SERVICE] - Requested method to get all coordinates' | 
01:31:15 | Info | '[COORDINATE CONTROLLER] - Requested method to create coordinate - Passing through the Coordinate Service' | 
01:31:15 | Info | '[COORDINATE SERVICE] - Requested method to create coordinates' | 
01:31:15 | Info | '[COORDINATE SERVICE] - Requested method to get all coordinates' | 
01:31:15 | Info | '[COORDINATE CONTROLLER] - Requested method to create coordinate - Passing through the Coordinate Service' | 
01:31:15 | Info | '[COORDINATE SERVICE] - Requested method to create coordinates' | 
01:31:15 | Info | '[COORDINATE CONTROLLER] - Requested method to create coordinate - Passing through the Coordinate Service' | 
01:31:15 | Info | '[COORDINATE SERVICE] - Requested method to create coordinates' | 
01:31:15 | Info | '[COORDINATE SERVICE] - Requested method to get all coordinates' | 
01:31:15 | Info | '[COORDINATE SERVICE] - Requested method to get all coordinates' | 
01:31:15 | Info | '[COORDINATE CONTROLLER] - Requested method to create coordinate - Passing through the Coordinate Service' | 
01:31:15 | Info | '[COORDINATE SERVICE] - Requested method to create coordinates' | 
01:31:15 | Info | '[COORDINATE SERVICE] - Requested method to get all coordinates' | 
01:31:15 | Info | '[COORDINATE CONTROLLER] - Requested method to create coordinate - Passing through the Coordinate Service' | 
01:31:15 | Info | '[COORDINATE SERVICE] - Requested method to create coordinates' | 
01:31:15 | Info | '[COORDINATE SERVICE] - Requested method to get all coordinates' | 
01:31:15 | Info | '[COORDINATE CONTROLLER] - Requested method to create coordinate - Passing through the Coordinate Service' | 
01:31:15 | Info | '[COORDINATE SERVICE] - Requested method to create coordinates' | 
01:31:15 | Info | '[COORDINATE SERVICE] - Requested method to get all coordinates' | 
01:31:15 | Info | '[COORDINATE SERVICE] - Requested method to create coordinates' | 
01:31:15 | Info | '[COORDINATE CONTROLLER] - Requested method to create coordinate - Passing through the Coordinate Service' | 
01:31:15 | Info | '[COORDINATE SERVICE] - Requested method to get all coordinates' | 
01:31:16 | Info | '[COORDINATE CONTROLLER] - Requested method to create coordinate - Passing through the Coordinate Service' | 
01:31:16 | Info | '[COORDINATE SERVICE] - Requested method to create coordinates' | 
01:31:16 | Info | '[COORDINATE SERVICE] - Requested method to get all coordinates' | 
01:31:16 | Info | '[COORDINATE CONTROLLER] - Requested method to create coordinate - Passing through the Coordinate Service' | 
01:31:16 | Info | '[COORDINATE SERVICE] - Requested method to create coordinates' | 
01:31:16 | Info | '[COORDINATE SERVICE] - Requested method to get all coordinates' | 
01:31:16 | Info | '[COORDINATE CONTROLLER] - Requested method to create coordinate - Passing through the Coordinate Service' | 
01:31:16 | Info | '[COORDINATE SERVICE] - Requested method to create coordinates' | 
01:31:16 | Info | '[COORDINATE SERVICE] - Requested method to get all coordinates' | 
01:31:16 | Info | '[COORDINATE CONTROLLER] - Requested method to create coordinate - Passing through the Coordinate Service' | 
01:31:16 | Info | '[COORDINATE SERVICE] - Requested method to create coordinates' | 
01:31:16 | Info | '[COORDINATE SERVICE] - Requested method to get all coordinates' | 
01:31:16 | Info | '[COORDINATE SERVICE] - Requested method to create coordinates' | 
01:31:16 | Info | '[COORDINATE CONTROLLER] - Requested method to create coordinate - Passing through the Coordinate Service' | 
01:31:16 | Info | '[COORDINATE SERVICE] - Requested method to get all coordinates' | 
01:31:16 | Info | '[COORDINATE CONTROLLER] - Requested method to create coordinate - Passing through the Coordinate Service' | 
01:31:16 | Info | '[COORDINATE SERVICE] - Requested method to create coordinates' | 
01:31:16 | Info | '[COORDINATE SERVICE] - Requested method to get all coordinates' | 
01:31:16 | Info | '[COORDINATE CONTROLLER] - Requested method to create coordinate - Passing through the Coordinate Service' | 
01:31:16 | Info | '[COORDINATE SERVICE] - Requested method to create coordinates' | 
01:31:16 | Info | '[COORDINATE SERVICE] - Requested method to get all coordinates' | 
01:31:16 | Info | '[COORDINATE CONTROLLER] - Requested method to create coordinate - Passing through the Coordinate Service' | 
01:31:16 | Info | '[COORDINATE SERVICE] - Requested method to create coordinates' | 
01:31:16 | Info | '[COORDINATE SERVICE] - Requested method to get all coordinates' | 
01:31:16 | Info | '[COORDINATE CONTROLLER] - Requested method to create coordinate - Passing through the Coordinate Service' | 
01:31:16 | Info | '[COORDINATE SERVICE] - Requested method to create coordinates' | 
01:31:16 | Info | '[COORDINATE SERVICE] - Requested method to get all coordinates' | 
01:31:16 | Info | '[COORDINATE SERVICE] - Requested method to create coordinates' | 
01:31:16 | Info | '[COORDINATE CONTROLLER] - Requested method to create coordinate - Passing through the Coordinate Service' | 
01:31:16 | Info | '[COORDINATE SERVICE] - Requested method to get all coordinates' | 
01:31:16 | Info | '[COORDINATE CONTROLLER] - Requested method to create coordinate - Passing through the Coordinate Service' | 
01:31:16 | Info | '[COORDINATE SERVICE] - Requested method to create coordinates' | 
01:31:16 | Info | '[COORDINATE SERVICE] - Requested method to get all coordinates' | 
01:31:16 | Info | '[COORDINATE CONTROLLER] - Requested method to create coordinate - Passing through the Coordinate Service' | 
01:31:16 | Info | '[COORDINATE SERVICE] - Requested method to create coordinates' | 
01:31:16 | Info | '[COORDINATE SERVICE] - Requested method to get all coordinates' | 
01:31:16 | Info | '[COORDINATE CONTROLLER] - Requested method to create coordinate - Passing through the Coordinate Service' | 
01:31:16 | Info | '[COORDINATE SERVICE] - Requested method to create coordinates' | 
01:31:16 | Info | '[COORDINATE SERVICE] - Requested method to get all coordinates' | 
01:31:16 | Info | '[COORDINATE CONTROLLER] - Requested method to create coordinate - Passing through the Coordinate Service' | 
01:31:16 | Info | '[COORDINATE SERVICE] - Requested method to create coordinates' | 
01:31:16 | Info | '[COORDINATE SERVICE] - Requested method to get all coordinates' | 
01:31:16 | Info | '[COORDINATE CONTROLLER] - Requested method to create coordinate - Passing through the Coordinate Service' | 
01:31:16 | Info | '[COORDINATE SERVICE] - Requested method to create coordinates' | 
01:31:16 | Info | '[COORDINATE SERVICE] - Requested method to get all coordinates' | 
01:31:16 | Info | '[COORDINATE CONTROLLER] - Requested method to create coordinate - Passing through the Coordinate Service' | 
01:31:16 | Info | '[COORDINATE SERVICE] - Requested method to create coordinates' | 
01:31:16 | Info | '[COORDINATE SERVICE] - Requested method to get all coordinates' | 
01:31:16 | Info | '[COORDINATE CONTROLLER] - Requested method to create coordinate - Passing through the Coordinate Service' | 
01:31:16 | Info | '[COORDINATE SERVICE] - Requested method to create coordinates' | 
01:31:16 | Info | '[COORDINATE SERVICE] - Requested method to get all coordinates' | 
01:31:16 | Info | '[COORDINATE CONTROLLER] - Requested method to create coordinate - Passing through the Coordinate Service' | 
01:31:16 | Info | '[COORDINATE SERVICE] - Requested method to create coordinates' | 
01:31:16 | Info | '[COORDINATE SERVICE] - Requested method to get all coordinates' | 
01:31:16 | Info | '[COORDINATE CONTROLLER] - Requested method to create coordinate - Passing through the Coordinate Service' | 
01:31:16 | Info | '[COORDINATE SERVICE] - Requested method to create coordinates' | 
01:31:16 | Info | '[COORDINATE SERVICE] - Requested method to create coordinates' | 
01:31:16 | Info | '[COORDINATE CONTROLLER] - Requested method to create coordinate - Passing through the Coordinate Service' | 
01:31:16 | Info | '[COORDINATE SERVICE] - Requested method to get all coordinates' | 
01:31:16 | Info | '[COORDINATE SERVICE] - Requested method to get all coordinates' | 
01:31:16 | Info | '[COORDINATE SERVICE] - Requested method to create coordinates' | 
01:31:16 | Info | '[COORDINATE CONTROLLER] - Requested method to create coordinate - Passing through the Coordinate Service' | 
01:31:16 | Info | '[COORDINATE SERVICE] - Requested method to get all coordinates' | 
01:31:16 | Info | '[COORDINATE CONTROLLER] - Requested method to create coordinate - Passing through the Coordinate Service' | 
01:31:16 | Info | '[COORDINATE SERVICE] - Requested method to create coordinates' | 
01:31:16 | Info | '[COORDINATE SERVICE] - Requested method to get all coordinates' | 
01:31:16 | Info | '[COORDINATE SERVICE] - Requested method to create coordinates' | 
01:31:16 | Info | '[COORDINATE CONTROLLER] - Requested method to create coordinate - Passing through the Coordinate Service' | 
01:31:16 | Info | '[COORDINATE SERVICE] - Requested method to get all coordinates' | 
01:31:16 | Info | '[COORDINATE CONTROLLER] - Requested method to create coordinate - Passing through the Coordinate Service' | 
01:31:16 | Info | '[COORDINATE SERVICE] - Requested method to create coordinates' | 
01:31:16 | Info | '[COORDINATE SERVICE] - Requested method to create coordinates' | 
01:31:16 | Info | '[COORDINATE CONTROLLER] - Requested method to create coordinate - Passing through the Coordinate Service' | 
01:31:16 | Info | '[COORDINATE SERVICE] - Requested method to get all coordinates' | 
01:31:16 | Info | '[COORDINATE SERVICE] - Requested method to get all coordinates' | 
01:31:16 | Info | '[COORDINATE CONTROLLER] - Requested method to create coordinate - Passing through the Coordinate Service' | 
01:31:16 | Info | '[COORDINATE SERVICE] - Requested method to create coordinates' | 
01:31:16 | Info | '[COORDINATE SERVICE] - Requested method to get all coordinates' | 
01:31:16 | Info | '[COORDINATE CONTROLLER] - Requested method to create coordinate - Passing through the Coordinate Service' | 
01:31:16 | Info | '[COORDINATE SERVICE] - Requested method to create coordinates' | 
01:31:16 | Info | '[COORDINATE SERVICE] - Requested method to get all coordinates' | 
01:31:16 | Info | '[COORDINATE CONTROLLER] - Requested method to create coordinate - Passing through the Coordinate Service' | 
01:31:16 | Info | '[COORDINATE SERVICE] - Requested method to create coordinates' | 
01:31:16 | Info | '[COORDINATE SERVICE] - Requested method to get all coordinates' | 
01:31:16 | Info | '[COORDINATE CONTROLLER] - Requested method to create coordinate - Passing through the Coordinate Service' | 
01:31:16 | Info | '[COORDINATE SERVICE] - Requested method to create coordinates' | 
01:31:16 | Info | '[COORDINATE SERVICE] - Requested method to get all coordinates' | 
01:31:16 | Info | '[COORDINATE SERVICE] - Requested method to create coordinates' | 
01:31:16 | Info | '[COORDINATE CONTROLLER] - Requested method to create coordinate - Passing through the Coordinate Service' | 
01:31:16 | Info | '[COORDINATE SERVICE] - Requested method to get all coordinates' | 
01:31:16 | Info | '[COORDINATE CONTROLLER] - Requested method to create coordinate - Passing through the Coordinate Service' | 
01:31:16 | Info | '[COORDINATE SERVICE] - Requested method to create coordinates' | 
01:31:16 | Info | '[COORDINATE SERVICE] - Requested method to create coordinates' | 
01:31:16 | Info | '[COORDINATE CONTROLLER] - Requested method to create coordinate - Passing through the Coordinate Service' | 
01:31:16 | Info | '[COORDINATE SERVICE] - Requested method to get all coordinates' | 
01:31:16 | Info | '[COORDINATE CONTROLLER] - Requested method to create coordinate - Passing through the Coordinate Service' | 
01:31:16 | Info | '[COORDINATE SERVICE] - Requested method to create coordinates' | 
01:31:16 | Info | '[COORDINATE SERVICE] - Requested method to get all coordinates' | 
01:31:16 | Info | '[COORDINATE CONTROLLER] - Requested method to create coordinate - Passing through the Coordinate Service' | 
01:31:16 | Info | '[COORDINATE SERVICE] - Requested method to create coordinates' | 
01:31:16 | Info | '[COORDINATE SERVICE] - Requested method to get all coordinates' | 
01:31:16 | Info | '[COORDINATE SERVICE] - Requested method to get all coordinates' | 
01:31:16 | Info | '[COORDINATE CONTROLLER] - Requested method to create coordinate - Passing through the Coordinate Service' | 
01:31:16 | Info | '[COORDINATE SERVICE] - Requested method to create coordinates' | 
01:31:16 | Info | '[COORDINATE CONTROLLER] - Requested method to create coordinate - Passing through the Coordinate Service' | 
01:31:16 | Info | '[COORDINATE SERVICE] - Requested method to create coordinates' | 
01:31:16 | Info | '[COORDINATE SERVICE] - Requested method to get all coordinates' | 
01:31:16 | Info | '[COORDINATE SERVICE] - Requested method to get all coordinates' | 
01:31:16 | Info | '[COORDINATE CONTROLLER] - Requested method to create coordinate - Passing through the Coordinate Service' | 
01:31:16 | Info | '[COORDINATE SERVICE] - Requested method to create coordinates' | 
01:31:16 | Info | '[COORDINATE CONTROLLER] - Requested method to create coordinate - Passing through the Coordinate Service' | 
01:31:16 | Info | '[COORDINATE SERVICE] - Requested method to create coordinates' | 
01:31:16 | Info | '[COORDINATE SERVICE] - Requested method to get all coordinates' | 
01:31:16 | Info | '[COORDINATE SERVICE] - Requested method to get all coordinates' | 
01:31:16 | Info | '[COORDINATE SERVICE] - Requested method to create coordinates' | 
01:31:16 | Info | '[COORDINATE CONTROLLER] - Requested method to create coordinate - Passing through the Coordinate Service' | 
01:31:16 | Info | '[COORDINATE CONTROLLER] - Requested method to create coordinate - Passing through the Coordinate Service' | 
01:31:16 | Info | '[COORDINATE SERVICE] - Requested method to create coordinates' | 
01:31:16 | Info | '[COORDINATE SERVICE] - Requested method to get all coordinates' | 
01:31:16 | Info | '[COORDINATE SERVICE] - Requested method to create coordinates' | 
01:31:16 | Info | '[COORDINATE CONTROLLER] - Requested method to create coordinate - Passing through the Coordinate Service' | 
01:31:16 | Info | '[COORDINATE SERVICE] - Requested method to get all coordinates' | 
01:31:16 | Info | '[COORDINATE CONTROLLER] - Requested method to create coordinate - Passing through the Coordinate Service' | 
01:31:16 | Info | '[COORDINATE SERVICE] - Requested method to create coordinates' | 
01:31:16 | Info | '[COORDINATE SERVICE] - Requested method to create coordinates' | 
01:31:16 | Info | '[COORDINATE CONTROLLER] - Requested method to create coordinate - Passing through the Coordinate Service' | 
01:31:16 | Info | '[COORDINATE SERVICE] - Requested method to get all coordinates' | 
01:31:16 | Info | '[COORDINATE SERVICE] - Requested method to create coordinates' | 
01:31:16 | Info | '[COORDINATE CONTROLLER] - Requested method to create coordinate - Passing through the Coordinate Service' | 
01:31:16 | Info | '[COORDINATE SERVICE] - Requested method to create coordinates' | 
01:31:16 | Info | '[COORDINATE SERVICE] - Requested method to get all coordinates' | 
01:31:16 | Info | '[COORDINATE CONTROLLER] - Requested method to create coordinate - Passing through the Coordinate Service' | 
01:31:16 | Info | '[COORDINATE SERVICE] - Requested method to get all coordinates' | 
01:31:16 | Info | '[COORDINATE SERVICE] - Requested method to get all coordinates' | 
01:31:16 | Info | '[COORDINATE SERVICE] - Requested method to create coordinates' | 
01:31:16 | Info | '[COORDINATE CONTROLLER] - Requested method to create coordinate - Passing through the Coordinate Service' | 
01:31:16 | Info | '[COORDINATE CONTROLLER] - Requested method to create coordinate - Passing through the Coordinate Service' | 
01:31:16 | Info | '[COORDINATE SERVICE] - Requested method to create coordinates' | 
01:31:16 | Info | '[COORDINATE SERVICE] - Requested method to get all coordinates' | 
01:31:16 | Info | '[COORDINATE CONTROLLER] - Requested method to create coordinate - Passing through the Coordinate Service' | 
01:31:16 | Info | '[COORDINATE SERVICE] - Requested method to get all coordinates' | 
01:31:16 | Info | '[COORDINATE CONTROLLER] - Requested method to create coordinate - Passing through the Coordinate Service' | 
01:31:16 | Info | '[COORDINATE SERVICE] - Requested method to create coordinates' | 
01:31:16 | Info | '[COORDINATE SERVICE] - Requested method to create coordinates' | 
01:31:16 | Info | '[COORDINATE SERVICE] - Requested method to get all coordinates' | 
01:31:16 | Info | '[COORDINATE SERVICE] - Requested method to get all coordinates' | 
01:31:16 | Info | '[COORDINATE CONTROLLER] - Requested method to create coordinate - Passing through the Coordinate Service' | 
01:31:16 | Info | '[COORDINATE CONTROLLER] - Requested method to create coordinate - Passing through the Coordinate Service' | 
01:31:16 | Info | '[COORDINATE SERVICE] - Requested method to create coordinates' | 
01:31:16 | Info | '[COORDINATE SERVICE] - Requested method to create coordinates' | 
01:31:16 | Info | '[COORDINATE SERVICE] - Requested method to get all coordinates' | 
01:31:16 | Info | '[COORDINATE CONTROLLER] - Requested method to create coordinate - Passing through the Coordinate Service' | 
01:31:16 | Info | '[COORDINATE SERVICE] - Requested method to get all coordinates' | 
01:31:16 | Info | '[COORDINATE SERVICE] - Requested method to create coordinates' | 
01:31:16 | Info | '[COORDINATE SERVICE] - Requested method to get all coordinates' | 
01:31:16 | Info | '[COORDINATE SERVICE] - Requested method to create coordinates' | 
01:31:16 | Info | '[COORDINATE SERVICE] - Requested method to get all coordinates' | 
01:31:16 | Info | '[COORDINATE CONTROLLER] - Requested method to create coordinate - Passing through the Coordinate Service' | 
01:31:16 | Info | '[COORDINATE SERVICE] - Requested method to create coordinates' | 
01:31:16 | Info | '[COORDINATE CONTROLLER] - Requested method to create coordinate - Passing through the Coordinate Service' | 
01:31:16 | Info | '[COORDINATE CONTROLLER] - Requested method to create coordinate - Passing through the Coordinate Service' | 
01:31:16 | Info | '[COORDINATE SERVICE] - Requested method to create coordinates' | 
01:31:16 | Info | '[COORDINATE SERVICE] - Requested method to get all coordinates' | 
01:31:16 | Info | '[COORDINATE CONTROLLER] - Requested method to create coordinate - Passing through the Coordinate Service' | 
01:31:16 | Info | '[COORDINATE SERVICE] - Requested method to create coordinates' | 
01:31:16 | Info | '[COORDINATE SERVICE] - Requested method to get all coordinates' | 
01:31:16 | Info | '[COORDINATE SERVICE] - Requested method to get all coordinates' | 
01:31:16 | Info | '[COORDINATE SERVICE] - Requested method to get all coordinates' | 
01:31:16 | Info | '[COORDINATE SERVICE] - Requested method to create coordinates' | 
01:31:16 | Info | '[COORDINATE CONTROLLER] - Requested method to create coordinate - Passing through the Coordinate Service' | 
01:31:16 | Info | '[COORDINATE CONTROLLER] - Requested method to create coordinate - Passing through the Coordinate Service' | 
01:31:16 | Info | '[COORDINATE SERVICE] - Requested method to create coordinates' | 
01:31:16 | Info | '[COORDINATE SERVICE] - Requested method to get all coordinates' | 
01:31:16 | Info | '[COORDINATE SERVICE] - Requested method to create coordinates' | 
01:31:16 | Info | '[COORDINATE CONTROLLER] - Requested method to create coordinate - Passing through the Coordinate Service' | 
01:31:16 | Info | '[COORDINATE SERVICE] - Requested method to get all coordinates' | 
01:31:16 | Info | '[COORDINATE SERVICE] - Requested method to get all coordinates' | 
01:31:16 | Info | '[COORDINATE CONTROLLER] - Requested method to create coordinate - Passing through the Coordinate Service' | 
01:31:16 | Info | '[COORDINATE SERVICE] - Requested method to create coordinates' | 
01:31:16 | Info | '[COORDINATE SERVICE] - Requested method to create coordinates' | 
01:31:16 | Info | '[COORDINATE CONTROLLER] - Requested method to create coordinate - Passing through the Coordinate Service' | 
01:31:16 | Info | '[COORDINATE SERVICE] - Requested method to get all coordinates' | 
01:31:16 | Info | '[COORDINATE SERVICE] - Requested method to get all coordinates' | 
01:31:16 | Info | '[COORDINATE CONTROLLER] - Requested method to create coordinate - Passing through the Coordinate Service' | 
01:31:16 | Info | '[COORDINATE SERVICE] - Requested method to create coordinates' | 
01:31:16 | Info | '[COORDINATE CONTROLLER] - Requested method to create coordinate - Passing through the Coordinate Service' | 
01:31:16 | Info | '[COORDINATE SERVICE] - Requested method to create coordinates' | 
01:31:16 | Info | '[COORDINATE CONTROLLER] - Requested method to create coordinate - Passing through the Coordinate Service' | 
01:31:16 | Info | '[COORDINATE SERVICE] - Requested method to get all coordinates' | 
01:31:16 | Info | '[COORDINATE SERVICE] - Requested method to create coordinates' | 
01:31:16 | Info | '[COORDINATE SERVICE] - Requested method to get all coordinates' | 
01:31:16 | Info | '[COORDINATE CONTROLLER] - Requested method to create coordinate - Passing through the Coordinate Service' | 
01:31:16 | Info | '[COORDINATE SERVICE] - Requested method to create coordinates' | 
01:31:16 | Info | '[COORDINATE SERVICE] - Requested method to create coordinates' | 
01:31:16 | Info | '[COORDINATE SERVICE] - Requested method to get all coordinates' | 
01:31:16 | Info | '[COORDINATE CONTROLLER] - Requested method to create coordinate - Passing through the Coordinate Service' | 
01:31:16 | Info | '[COORDINATE CONTROLLER] - Requested method to create coordinate - Passing through the Coordinate Service' | 
01:31:16 | Info | '[COORDINATE SERVICE] - Requested method to get all coordinates' | 
01:31:16 | Info | '[COORDINATE CONTROLLER] - Requested method to create coordinate - Passing through the Coordinate Service' | 
01:31:16 | Info | '[COORDINATE SERVICE] - Requested method to create coordinates' | 
01:31:16 | Info | '[COORDINATE SERVICE] - Requested method to create coordinates' | 
01:31:16 | Info | '[COORDINATE SERVICE] - Requested method to get all coordinates' | 
01:31:16 | Info | '[COORDINATE CONTROLLER] - Requested method to create coordinate - Passing through the Coordinate Service' | 
01:31:16 | Info | '[COORDINATE SERVICE] - Requested method to get all coordinates' | 
01:31:16 | Info | '[COORDINATE SERVICE] - Requested method to create coordinates' | 
01:31:16 | Info | '[COORDINATE CONTROLLER] - Requested method to create coordinate - Passing through the Coordinate Service' | 
01:31:16 | Info | '[COORDINATE SERVICE] - Requested method to create coordinates' | 
01:31:16 | Info | '[COORDINATE SERVICE] - Requested method to get all coordinates' | 
01:31:16 | Info | '[COORDINATE CONTROLLER] - Requested method to create coordinate - Passing through the Coordinate Service' | 
01:31:16 | Info | '[COORDINATE SERVICE] - Requested method to get all coordinates' | 
01:31:16 | Info | '[COORDINATE SERVICE] - Requested method to create coordinates' | 
01:31:16 | Info | '[COORDINATE CONTROLLER] - Requested method to create coordinate - Passing through the Coordinate Service' | 
01:31:16 | Info | '[COORDINATE SERVICE] - Requested method to create coordinates' | 
01:31:16 | Info | '[COORDINATE SERVICE] - Requested method to create coordinates' | 
01:31:16 | Info | '[COORDINATE CONTROLLER] - Requested method to create coordinate - Passing through the Coordinate Service' | 
01:31:16 | Info | '[COORDINATE SERVICE] - Requested method to get all coordinates' | 
01:31:16 | Info | '[COORDINATE SERVICE] - Requested method to get all coordinates' | 
01:31:16 | Info | '[COORDINATE CONTROLLER] - Requested method to create coordinate - Passing through the Coordinate Service' | 
01:31:16 | Info | '[COORDINATE CONTROLLER] - Requested method to create coordinate - Passing through the Coordinate Service' | 
01:31:16 | Info | '[COORDINATE SERVICE] - Requested method to create coordinates' | 
01:31:16 | Info | '[COORDINATE SERVICE] - Requested method to get all coordinates' | 
01:31:16 | Info | '[COORDINATE SERVICE] - Requested method to create coordinates' | 
01:31:16 | Info | '[COORDINATE SERVICE] - Requested method to get all coordinates' | 
01:31:16 | Info | '[COORDINATE SERVICE] - Requested method to get all coordinates' | 
01:31:16 | Info | '[COORDINATE CONTROLLER] - Requested method to create coordinate - Passing through the Coordinate Service' | 
01:31:16 | Info | '[COORDINATE SERVICE] - Requested method to create coordinates' | 
01:31:16 | Info | '[COORDINATE CONTROLLER] - Requested method to create coordinate - Passing through the Coordinate Service' | 
01:31:16 | Info | '[COORDINATE SERVICE] - Requested method to create coordinates' | 
01:31:16 | Info | '[COORDINATE SERVICE] - Requested method to create coordinates' | 
01:31:16 | Info | '[COORDINATE SERVICE] - Requested method to get all coordinates' | 
01:31:16 | Info | '[COORDINATE CONTROLLER] - Requested method to create coordinate - Passing through the Coordinate Service' | 
01:31:16 | Info | '[COORDINATE SERVICE] - Requested method to get all coordinates' | 
01:31:16 | Info | '[COORDINATE SERVICE] - Requested method to create coordinates' | 
01:31:16 | Info | '[COORDINATE CONTROLLER] - Requested method to create coordinate - Passing through the Coordinate Service' | 
01:31:16 | Info | '[COORDINATE SERVICE] - Requested method to get all coordinates' | 
01:31:16 | Info | '[COORDINATE SERVICE] - Requested method to create coordinates' | 
01:31:16 | Info | '[COORDINATE CONTROLLER] - Requested method to create coordinate - Passing through the Coordinate Service' | 
01:31:16 | Info | '[COORDINATE SERVICE] - Requested method to get all coordinates' | 
01:31:16 | Info | '[COORDINATE SERVICE] - Requested method to get all coordinates' | 
01:31:16 | Info | '[COORDINATE CONTROLLER] - Requested method to create coordinate - Passing through the Coordinate Service' | 
01:31:16 | Info | '[COORDINATE CONTROLLER] - Requested method to create coordinate - Passing through the Coordinate Service' | 
01:31:16 | Info | '[COORDINATE SERVICE] - Requested method to create coordinates' | 
01:31:16 | Info | '[COORDINATE CONTROLLER] - Requested method to create coordinate - Passing through the Coordinate Service' | 
01:31:16 | Info | '[COORDINATE SERVICE] - Requested method to create coordinates' | 
01:31:16 | Info | '[COORDINATE SERVICE] - Requested method to get all coordinates' | 
01:31:16 | Info | '[COORDINATE SERVICE] - Requested method to create coordinates' | 
01:31:16 | Info | '[COORDINATE CONTROLLER] - Requested method to create coordinate - Passing through the Coordinate Service' | 
01:31:16 | Info | '[COORDINATE SERVICE] - Requested method to get all coordinates' | 
01:31:16 | Info | '[COORDINATE SERVICE] - Requested method to create coordinates' | 
01:31:16 | Info | '[COORDINATE CONTROLLER] - Requested method to create coordinate - Passing through the Coordinate Service' | 
01:31:16 | Info | '[COORDINATE SERVICE] - Requested method to create coordinates' | 
01:31:16 | Info | '[COORDINATE SERVICE] - Requested method to get all coordinates' | 
01:31:16 | Info | '[COORDINATE SERVICE] - Requested method to get all coordinates' | 
01:31:16 | Info | '[COORDINATE SERVICE] - Requested method to get all coordinates' | 
01:31:16 | Info | '[COORDINATE CONTROLLER] - Requested method to create coordinate - Passing through the Coordinate Service' | 
01:31:16 | Info | '[COORDINATE SERVICE] - Requested method to create coordinates' | 
01:31:16 | Info | '[COORDINATE CONTROLLER] - Requested method to create coordinate - Passing through the Coordinate Service' | 
01:31:16 | Info | '[COORDINATE SERVICE] - Requested method to create coordinates' | 
01:31:16 | Info | '[COORDINATE SERVICE] - Requested method to create coordinates' | 
01:31:16 | Info | '[COORDINATE CONTROLLER] - Requested method to create coordinate - Passing through the Coordinate Service' | 
01:31:16 | Info | '[COORDINATE SERVICE] - Requested method to get all coordinates' | 
01:31:16 | Info | '[COORDINATE SERVICE] - Requested method to create coordinates' | 
01:31:16 | Info | '[COORDINATE CONTROLLER] - Requested method to create coordinate - Passing through the Coordinate Service' | 
01:31:16 | Info | '[COORDINATE SERVICE] - Requested method to get all coordinates' | 
01:31:16 | Info | '[COORDINATE SERVICE] - Requested method to get all coordinates' | 
01:31:16 | Info | '[COORDINATE CONTROLLER] - Requested method to create coordinate - Passing through the Coordinate Service' | 
01:31:16 | Info | '[COORDINATE SERVICE] - Requested method to get all coordinates' | 
01:31:16 | Info | '[COORDINATE SERVICE] - Requested method to create coordinates' | 
01:31:16 | Info | '[COORDINATE SERVICE] - Requested method to get all coordinates' | 
01:31:16 | Info | '[COORDINATE CONTROLLER] - Requested method to create coordinate - Passing through the Coordinate Service' | 
01:31:16 | Info | '[COORDINATE SERVICE] - Requested method to create coordinates' | 
01:31:16 | Info | '[COORDINATE CONTROLLER] - Requested method to create coordinate - Passing through the Coordinate Service' | 
01:31:16 | Info | '[COORDINATE SERVICE] - Requested method to create coordinates' | 
01:31:16 | Info | '[COORDINATE CONTROLLER] - Requested method to create coordinate - Passing through the Coordinate Service' | 
01:31:16 | Info | '[COORDINATE SERVICE] - Requested method to create coordinates' | 
01:31:16 | Info | '[COORDINATE SERVICE] - Requested method to get all coordinates' | 
01:31:16 | Info | '[COORDINATE SERVICE] - Requested method to get all coordinates' | 
01:31:16 | Info | '[COORDINATE SERVICE] - Requested method to get all coordinates' | 
01:31:16 | Info | '[COORDINATE CONTROLLER] - Requested method to create coordinate - Passing through the Coordinate Service' | 
01:31:16 | Info | '[COORDINATE SERVICE] - Requested method to create coordinates' | 
01:31:16 | Info | '[COORDINATE CONTROLLER] - Requested method to create coordinate - Passing through the Coordinate Service' | 
01:31:16 | Info | '[COORDINATE SERVICE] - Requested method to create coordinates' | 
01:31:16 | Info | '[COORDINATE SERVICE] - Requested method to create coordinates' | 
01:31:16 | Info | '[COORDINATE CONTROLLER] - Requested method to create coordinate - Passing through the Coordinate Service' | 
01:31:16 | Info | '[COORDINATE SERVICE] - Requested method to get all coordinates' | 
01:31:16 | Info | '[COORDINATE SERVICE] - Requested method to get all coordinates' | 
01:31:16 | Info | '[COORDINATE CONTROLLER] - Requested method to create coordinate - Passing through the Coordinate Service' | 
01:31:16 | Info | '[COORDINATE SERVICE] - Requested method to get all coordinates' | 
01:31:16 | Info | '[COORDINATE CONTROLLER] - Requested method to create coordinate - Passing through the Coordinate Service' | 
01:31:16 | Info | '[COORDINATE SERVICE] - Requested method to create coordinates' | 
01:31:16 | Info | '[COORDINATE SERVICE] - Requested method to create coordinates' | 
01:31:16 | Info | '[COORDINATE SERVICE] - Requested method to get all coordinates' | 
01:31:16 | Info | '[COORDINATE SERVICE] - Requested method to get all coordinates' | 
01:31:16 | Info | '[COORDINATE SERVICE] - Requested method to create coordinates' | 
01:31:16 | Info | '[COORDINATE CONTROLLER] - Requested method to create coordinate - Passing through the Coordinate Service' | 
01:31:16 | Info | '[COORDINATE CONTROLLER] - Requested method to create coordinate - Passing through the Coordinate Service' | 
01:31:16 | Info | '[COORDINATE SERVICE] - Requested method to create coordinates' | 
01:31:16 | Info | '[COORDINATE CONTROLLER] - Requested method to create coordinate - Passing through the Coordinate Service' | 
01:31:16 | Info | '[COORDINATE SERVICE] - Requested method to create coordinates' | 
01:31:16 | Info | '[COORDINATE SERVICE] - Requested method to get all coordinates' | 
01:31:16 | Info | '[COORDINATE SERVICE] - Requested method to get all coordinates' | 
01:31:16 | Info | '[COORDINATE CONTROLLER] - Requested method to create coordinate - Passing through the Coordinate Service' | 
01:31:16 | Info | '[COORDINATE SERVICE] - Requested method to get all coordinates' | 
01:31:16 | Info | '[COORDINATE CONTROLLER] - Requested method to create coordinate - Passing through the Coordinate Service' | 
01:31:16 | Info | '[COORDINATE SERVICE] - Requested method to create coordinates' | 
01:31:16 | Info | '[COORDINATE SERVICE] - Requested method to create coordinates' | 
01:31:16 | Info | '[COORDINATE CONTROLLER] - Requested method to create coordinate - Passing through the Coordinate Service' | 
01:31:16 | Info | '[COORDINATE SERVICE] - Requested method to create coordinates' | 
01:31:16 | Info | '[COORDINATE SERVICE] - Requested method to get all coordinates' | 
01:31:16 | Info | '[COORDINATE SERVICE] - Requested method to get all coordinates' | 
01:31:16 | Info | '[COORDINATE SERVICE] - Requested method to create coordinates' | 
01:31:16 | Info | '[COORDINATE CONTROLLER] - Requested method to create coordinate - Passing through the Coordinate Service' | 
01:31:16 | Info | '[COORDINATE SERVICE] - Requested method to get all coordinates' | 
01:31:16 | Info | '[COORDINATE CONTROLLER] - Requested method to create coordinate - Passing through the Coordinate Service' | 
01:31:16 | Info | '[COORDINATE SERVICE] - Requested method to create coordinates' | 
01:31:16 | Info | '[COORDINATE SERVICE] - Requested method to get all coordinates' | 
01:31:16 | Info | '[COORDINATE CONTROLLER] - Requested method to create coordinate - Passing through the Coordinate Service' | 
01:31:16 | Info | '[COORDINATE SERVICE] - Requested method to get all coordinates' | 
01:31:16 | Info | '[COORDINATE SERVICE] - Requested method to create coordinates' | 
01:31:16 | Info | '[COORDINATE CONTROLLER] - Requested method to create coordinate - Passing through the Coordinate Service' | 
01:31:16 | Info | '[COORDINATE CONTROLLER] - Requested method to create coordinate - Passing through the Coordinate Service' | 
01:31:16 | Info | '[COORDINATE SERVICE] - Requested method to create coordinates' | 
01:31:16 | Info | '[COORDINATE SERVICE] - Requested method to create coordinates' | 
01:31:16 | Info | '[COORDINATE SERVICE] - Requested method to get all coordinates' | 
01:31:16 | Info | '[COORDINATE SERVICE] - Requested method to get all coordinates' | 
01:31:16 | Info | '[COORDINATE SERVICE] - Requested method to get all coordinates' | 
01:31:16 | Info | '[COORDINATE SERVICE] - Requested method to create coordinates' | 
01:31:16 | Info | '[COORDINATE SERVICE] - Requested method to get all coordinates' | 
01:31:16 | Info | '[COORDINATE CONTROLLER] - Requested method to create coordinate - Passing through the Coordinate Service' | 
01:31:16 | Info | '[COORDINATE CONTROLLER] - Requested method to create coordinate - Passing through the Coordinate Service' | 
01:31:16 | Info | '[COORDINATE CONTROLLER] - Requested method to create coordinate - Passing through the Coordinate Service' | 
01:31:16 | Info | '[COORDINATE SERVICE] - Requested method to create coordinates' | 
01:31:16 | Info | '[COORDINATE SERVICE] - Requested method to create coordinates' | 
01:31:16 | Info | '[COORDINATE SERVICE] - Requested method to get all coordinates' | 
01:31:16 | Info | '[COORDINATE SERVICE] - Requested method to get all coordinates' | 
01:31:16 | Info | '[COORDINATE CONTROLLER] - Requested method to create coordinate - Passing through the Coordinate Service' | 
01:31:16 | Info | '[COORDINATE SERVICE] - Requested method to create coordinates' | 
01:31:16 | Info | '[COORDINATE CONTROLLER] - Requested method to create coordinate - Passing through the Coordinate Service' | 
01:31:16 | Info | '[COORDINATE SERVICE] - Requested method to create coordinates' | 
01:31:16 | Info | '[COORDINATE SERVICE] - Requested method to get all coordinates' | 
01:31:16 | Info | '[COORDINATE SERVICE] - Requested method to get all coordinates' | 
01:31:16 | Info | '[COORDINATE CONTROLLER] - Requested method to create coordinate - Passing through the Coordinate Service' | 
01:31:16 | Info | '[COORDINATE SERVICE] - Requested method to create coordinates' | 
01:31:16 | Info | '[COORDINATE CONTROLLER] - Requested method to create coordinate - Passing through the Coordinate Service' | 
01:31:16 | Info | '[COORDINATE SERVICE] - Requested method to create coordinates' | 
01:31:16 | Info | '[COORDINATE SERVICE] - Requested method to get all coordinates' | 
01:31:16 | Info | '[COORDINATE SERVICE] - Requested method to get all coordinates' | 
01:31:16 | Info | '[COORDINATE CONTROLLER] - Requested method to create coordinate - Passing through the Coordinate Service' | 
01:31:16 | Info | '[COORDINATE SERVICE] - Requested method to create coordinates' | 
01:31:16 | Info | '[COORDINATE CONTROLLER] - Requested method to create coordinate - Passing through the Coordinate Service' | 
01:31:16 | Info | '[COORDINATE SERVICE] - Requested method to create coordinates' | 
01:31:16 | Info | '[COORDINATE CONTROLLER] - Requested method to create coordinate - Passing through the Coordinate Service' | 
01:31:16 | Info | '[COORDINATE SERVICE] - Requested method to create coordinates' | 
01:31:16 | Info | '[COORDINATE CONTROLLER] - Requested method to create coordinate - Passing through the Coordinate Service' | 
01:31:16 | Info | '[COORDINATE SERVICE] - Requested method to create coordinates' | 
01:31:16 | Info | '[COORDINATE SERVICE] - Requested method to get all coordinates' | 
01:31:16 | Info | '[COORDINATE SERVICE] - Requested method to get all coordinates' | 
01:31:16 | Info | '[COORDINATE CONTROLLER] - Requested method to create coordinate - Passing through the Coordinate Service' | 
01:31:16 | Info | '[COORDINATE SERVICE] - Requested method to create coordinates' | 
01:31:16 | Info | '[COORDINATE CONTROLLER] - Requested method to create coordinate - Passing through the Coordinate Service' | 
01:31:16 | Info | '[COORDINATE SERVICE] - Requested method to create coordinates' | 
01:31:16 | Info | '[COORDINATE SERVICE] - Requested method to get all coordinates' | 
01:31:16 | Info | '[COORDINATE SERVICE] - Requested method to get all coordinates' | 
01:31:16 | Info | '[COORDINATE SERVICE] - Requested method to get all coordinates' | 
01:31:16 | Info | '[COORDINATE SERVICE] - Requested method to create coordinates' | 
01:31:16 | Info | '[COORDINATE CONTROLLER] - Requested method to create coordinate - Passing through the Coordinate Service' | 
01:31:16 | Info | '[COORDINATE CONTROLLER] - Requested method to create coordinate - Passing through the Coordinate Service' | 
01:31:16 | Info | '[COORDINATE SERVICE] - Requested method to create coordinates' | 
01:31:16 | Info | '[COORDINATE SERVICE] - Requested method to get all coordinates' | 
01:31:16 | Info | '[COORDINATE SERVICE] - Requested method to get all coordinates' | 
01:31:16 | Info | '[COORDINATE SERVICE] - Requested method to get all coordinates' | 
01:31:16 | Info | '[COORDINATE CONTROLLER] - Requested method to create coordinate - Passing through the Coordinate Service' | 
01:31:16 | Info | '[COORDINATE CONTROLLER] - Requested method to create coordinate - Passing through the Coordinate Service' | 
01:31:16 | Info | '[COORDINATE SERVICE] - Requested method to create coordinates' | 
01:31:16 | Info | '[COORDINATE SERVICE] - Requested method to create coordinates' | 
01:31:16 | Info | '[COORDINATE CONTROLLER] - Requested method to create coordinate - Passing through the Coordinate Service' | 
01:31:16 | Info | '[COORDINATE SERVICE] - Requested method to create coordinates' | 
01:31:16 | Info | '[COORDINATE CONTROLLER] - Requested method to create coordinate - Passing through the Coordinate Service' | 
01:31:16 | Info | '[COORDINATE SERVICE] - Requested method to create coordinates' | 
01:31:16 | Info | '[COORDINATE SERVICE] - Requested method to get all coordinates' | 
01:31:16 | Info | '[COORDINATE CONTROLLER] - Requested method to create coordinate - Passing through the Coordinate Service' | 
01:31:16 | Info | '[COORDINATE SERVICE] - Requested method to create coordinates' | 
01:31:16 | Info | '[COORDINATE SERVICE] - Requested method to get all coordinates' | 
01:31:16 | Info | '[COORDINATE SERVICE] - Requested method to get all coordinates' | 
01:31:16 | Info | '[COORDINATE SERVICE] - Requested method to get all coordinates' | 
01:31:16 | Info | '[COORDINATE CONTROLLER] - Requested method to create coordinate - Passing through the Coordinate Service' | 
01:31:16 | Info | '[COORDINATE SERVICE] - Requested method to get all coordinates' | 
01:31:16 | Info | '[COORDINATE SERVICE] - Requested method to create coordinates' | 
01:31:16 | Info | '[COORDINATE SERVICE] - Requested method to get all coordinates' | 
01:31:16 | Info | '[COORDINATE CONTROLLER] - Requested method to create coordinate - Passing through the Coordinate Service' | 
01:31:16 | Info | '[COORDINATE CONTROLLER] - Requested method to create coordinate - Passing through the Coordinate Service' | 
01:31:16 | Info | '[COORDINATE SERVICE] - Requested method to create coordinates' | 
01:31:16 | Info | '[COORDINATE CONTROLLER] - Requested method to create coordinate - Passing through the Coordinate Service' | 
01:31:16 | Info | '[COORDINATE CONTROLLER] - Requested method to create coordinate - Passing through the Coordinate Service' | 
01:31:16 | Info | '[COORDINATE SERVICE] - Requested method to create coordinates' | 
01:31:16 | Info | '[COORDINATE SERVICE] - Requested method to create coordinates' | 
01:31:16 | Info | '[COORDINATE SERVICE] - Requested method to create coordinates' | 
01:31:16 | Info | '[COORDINATE SERVICE] - Requested method to get all coordinates' | 
01:31:16 | Info | '[COORDINATE SERVICE] - Requested method to get all coordinates' | 
01:31:16 | Info | '[COORDINATE SERVICE] - Requested method to get all coordinates' | 
01:31:16 | Info | '[COORDINATE SERVICE] - Requested method to get all coordinates' | 
01:31:16 | Info | '[COORDINATE CONTROLLER] - Requested method to create coordinate - Passing through the Coordinate Service' | 
01:31:16 | Info | '[COORDINATE CONTROLLER] - Requested method to create coordinate - Passing through the Coordinate Service' | 
01:31:16 | Info | '[COORDINATE SERVICE] - Requested method to create coordinates' | 
01:31:16 | Info | '[COORDINATE CONTROLLER] - Requested method to create coordinate - Passing through the Coordinate Service' | 
01:31:16 | Info | '[COORDINATE SERVICE] - Requested method to create coordinates' | 
01:31:16 | Info | '[COORDINATE SERVICE] - Requested method to create coordinates' | 
01:31:16 | Info | '[COORDINATE SERVICE] - Requested method to get all coordinates' | 
01:31:16 | Info | '[COORDINATE SERVICE] - Requested method to get all coordinates' | 
01:31:16 | Info | '[COORDINATE CONTROLLER] - Requested method to create coordinate - Passing through the Coordinate Service' | 
01:31:16 | Info | '[COORDINATE SERVICE] - Requested method to create coordinates' | 
01:31:16 | Info | '[COORDINATE SERVICE] - Requested method to get all coordinates' | 
01:31:16 | Info | '[COORDINATE SERVICE] - Requested method to get all coordinates' | 
01:31:16 | Info | '[COORDINATE CONTROLLER] - Requested method to create coordinate - Passing through the Coordinate Service' | 
01:31:16 | Info | '[COORDINATE CONTROLLER] - Requested method to create coordinate - Passing through the Coordinate Service' | 
01:31:16 | Info | '[COORDINATE SERVICE] - Requested method to create coordinates' | 
01:31:16 | Info | '[COORDINATE CONTROLLER] - Requested method to create coordinate - Passing through the Coordinate Service' | 
01:31:16 | Info | '[COORDINATE SERVICE] - Requested method to create coordinates' | 
01:31:16 | Info | '[COORDINATE CONTROLLER] - Requested method to create coordinate - Passing through the Coordinate Service' | 
01:31:16 | Info | '[COORDINATE SERVICE] - Requested method to create coordinates' | 
01:31:16 | Info | '[COORDINATE SERVICE] - Requested method to create coordinates' | 
01:31:16 | Info | '[COORDINATE SERVICE] - Requested method to get all coordinates' | 
01:31:16 | Info | '[COORDINATE SERVICE] - Requested method to get all coordinates' | 
01:31:16 | Info | '[COORDINATE CONTROLLER] - Requested method to create coordinate - Passing through the Coordinate Service' | 
01:31:16 | Info | '[COORDINATE SERVICE] - Requested method to get all coordinates' | 
01:31:16 | Info | '[COORDINATE SERVICE] - Requested method to create coordinates' | 
01:31:16 | Info | '[COORDINATE CONTROLLER] - Requested method to create coordinate - Passing through the Coordinate Service' | 
01:31:16 | Info | '[COORDINATE SERVICE] - Requested method to get all coordinates' | 
01:31:16 | Info | '[COORDINATE SERVICE] - Requested method to create coordinates' | 
01:31:16 | Info | '[COORDINATE SERVICE] - Requested method to get all coordinates' | 
01:31:16 | Info | '[COORDINATE CONTROLLER] - Requested method to create coordinate - Passing through the Coordinate Service' | 
01:31:16 | Info | '[COORDINATE SERVICE] - Requested method to get all coordinates' | 
01:31:16 | Info | '[COORDINATE SERVICE] - Requested method to create coordinates' | 
01:31:16 | Info | '[COORDINATE CONTROLLER] - Requested method to create coordinate - Passing through the Coordinate Service' | 
01:31:16 | Info | '[COORDINATE SERVICE] - Requested method to create coordinates' | 
01:31:16 | Info | '[COORDINATE SERVICE] - Requested method to get all coordinates' | 
01:31:16 | Info | '[COORDINATE SERVICE] - Requested method to create coordinates' | 
01:31:16 | Info | '[COORDINATE SERVICE] - Requested method to get all coordinates' | 
01:31:16 | Info | '[COORDINATE CONTROLLER] - Requested method to create coordinate - Passing through the Coordinate Service' | 
01:31:16 | Info | '[COORDINATE CONTROLLER] - Requested method to create coordinate - Passing through the Coordinate Service' | 
01:31:16 | Info | '[COORDINATE CONTROLLER] - Requested method to create coordinate - Passing through the Coordinate Service' | 
01:31:16 | Info | '[COORDINATE SERVICE] - Requested method to create coordinates' | 
01:31:16 | Info | '[COORDINATE SERVICE] - Requested method to create coordinates' | 
01:31:16 | Info | '[COORDINATE SERVICE] - Requested method to get all coordinates' | 
01:31:16 | Info | '[COORDINATE CONTROLLER] - Requested method to create coordinate - Passing through the Coordinate Service' | 
01:31:16 | Info | '[COORDINATE SERVICE] - Requested method to create coordinates' | 
01:31:16 | Info | '[COORDINATE SERVICE] - Requested method to get all coordinates' | 
01:31:16 | Info | '[COORDINATE CONTROLLER] - Requested method to create coordinate - Passing through the Coordinate Service' | 
01:31:16 | Info | '[COORDINATE SERVICE] - Requested method to get all coordinates' | 
01:31:16 | Info | '[COORDINATE SERVICE] - Requested method to create coordinates' | 
01:31:16 | Info | '[COORDINATE SERVICE] - Requested method to create coordinates' | 
01:31:16 | Info | '[COORDINATE CONTROLLER] - Requested method to create coordinate - Passing through the Coordinate Service' | 
01:31:16 | Info | '[COORDINATE SERVICE] - Requested method to get all coordinates' | 
01:31:16 | Info | '[COORDINATE SERVICE] - Requested method to get all coordinates' | 
01:31:16 | Info | '[COORDINATE CONTROLLER] - Requested method to create coordinate - Passing through the Coordinate Service' | 
01:31:16 | Info | '[COORDINATE SERVICE] - Requested method to get all coordinates' | 
01:31:16 | Info | '[COORDINATE CONTROLLER] - Requested method to create coordinate - Passing through the Coordinate Service' | 
01:31:16 | Info | '[COORDINATE SERVICE] - Requested method to create coordinates' | 
01:31:16 | Info | '[COORDINATE SERVICE] - Requested method to create coordinates' | 
01:31:16 | Info | '[COORDINATE SERVICE] - Requested method to get all coordinates' | 
01:31:16 | Info | '[COORDINATE SERVICE] - Requested method to get all coordinates' | 
01:31:16 | Info | '[COORDINATE SERVICE] - Requested method to create coordinates' | 
01:31:16 | Info | '[COORDINATE CONTROLLER] - Requested method to create coordinate - Passing through the Coordinate Service' | 
01:31:17 | Info | '[COORDINATE CONTROLLER] - Requested method to create coordinate - Passing through the Coordinate Service' | 
01:31:17 | Info | '[COORDINATE CONTROLLER] - Requested method to create coordinate - Passing through the Coordinate Service' | 
01:31:17 | Info | '[COORDINATE SERVICE] - Requested method to create coordinates' | 
01:31:17 | Info | '[COORDINATE CONTROLLER] - Requested method to create coordinate - Passing through the Coordinate Service' | 
01:31:17 | Info | '[COORDINATE SERVICE] - Requested method to create coordinates' | 
01:31:17 | Info | '[COORDINATE SERVICE] - Requested method to create coordinates' | 
01:31:17 | Info | '[COORDINATE SERVICE] - Requested method to get all coordinates' | 
01:31:17 | Info | '[COORDINATE CONTROLLER] - Requested method to create coordinate - Passing through the Coordinate Service' | 
01:31:17 | Info | '[COORDINATE SERVICE] - Requested method to get all coordinates' | 
01:31:17 | Info | '[COORDINATE CONTROLLER] - Requested method to create coordinate - Passing through the Coordinate Service' | 
01:31:17 | Info | '[COORDINATE SERVICE] - Requested method to create coordinates' | 
01:31:17 | Info | '[COORDINATE SERVICE] - Requested method to get all coordinates' | 
01:31:17 | Info | '[COORDINATE SERVICE] - Requested method to create coordinates' | 
01:31:17 | Info | '[COORDINATE SERVICE] - Requested method to get all coordinates' | 
01:31:17 | Info | '[COORDINATE SERVICE] - Requested method to get all coordinates' | 
01:31:17 | Info | '[COORDINATE SERVICE] - Requested method to get all coordinates' | 
01:31:17 | Info | '[COORDINATE SERVICE] - Requested method to create coordinates' | 
01:31:17 | Info | '[COORDINATE CONTROLLER] - Requested method to create coordinate - Passing through the Coordinate Service' | 
01:31:17 | Info | '[COORDINATE CONTROLLER] - Requested method to create coordinate - Passing through the Coordinate Service' | 
01:31:17 | Info | '[COORDINATE CONTROLLER] - Requested method to create coordinate - Passing through the Coordinate Service' | 
01:31:17 | Info | '[COORDINATE SERVICE] - Requested method to create coordinates' | 
01:31:17 | Info | '[COORDINATE SERVICE] - Requested method to create coordinates' | 
01:31:17 | Info | '[COORDINATE SERVICE] - Requested method to get all coordinates' | 
01:31:17 | Info | '[COORDINATE SERVICE] - Requested method to get all coordinates' | 
01:31:17 | Info | '[COORDINATE SERVICE] - Requested method to get all coordinates' | 
01:31:17 | Info | '[COORDINATE CONTROLLER] - Requested method to create coordinate - Passing through the Coordinate Service' | 
01:31:17 | Info | '[COORDINATE CONTROLLER] - Requested method to create coordinate - Passing through the Coordinate Service' | 
01:31:17 | Info | '[COORDINATE SERVICE] - Requested method to create coordinates' | 
01:31:17 | Info | '[COORDINATE SERVICE] - Requested method to create coordinates' | 
01:31:17 | Info | '[COORDINATE SERVICE] - Requested method to get all coordinates' | 
01:31:17 | Info | '[COORDINATE SERVICE] - Requested method to get all coordinates' | 
01:31:17 | Info | '[COORDINATE SERVICE] - Requested method to create coordinates' | 
01:31:17 | Info | '[COORDINATE CONTROLLER] - Requested method to create coordinate - Passing through the Coordinate Service' | 
01:31:17 | Info | '[COORDINATE CONTROLLER] - Requested method to create coordinate - Passing through the Coordinate Service' | 
01:31:17 | Info | '[COORDINATE SERVICE] - Requested method to create coordinates' | 
01:31:17 | Info | '[COORDINATE CONTROLLER] - Requested method to create coordinate - Passing through the Coordinate Service' | 
01:31:17 | Info | '[COORDINATE SERVICE] - Requested method to create coordinates' | 
01:31:17 | Info | '[COORDINATE SERVICE] - Requested method to get all coordinates' | 
01:31:17 | Info | '[COORDINATE SERVICE] - Requested method to get all coordinates' | 
01:31:17 | Info | '[COORDINATE SERVICE] - Requested method to get all coordinates' | 
01:31:17 | Info | '[COORDINATE CONTROLLER] - Requested method to create coordinate - Passing through the Coordinate Service' | 
01:31:17 | Info | '[COORDINATE SERVICE] - Requested method to create coordinates' | 
01:31:17 | Info | '[COORDINATE SERVICE] - Requested method to create coordinates' | 
01:31:17 | Info | '[COORDINATE CONTROLLER] - Requested method to create coordinate - Passing through the Coordinate Service' | 
01:31:17 | Info | '[COORDINATE CONTROLLER] - Requested method to create coordinate - Passing through the Coordinate Service' | 
01:31:17 | Info | '[COORDINATE SERVICE] - Requested method to create coordinates' | 
01:31:17 | Info | '[COORDINATE SERVICE] - Requested method to get all coordinates' | 
01:31:17 | Info | '[COORDINATE SERVICE] - Requested method to get all coordinates' | 
01:31:17 | Info | '[COORDINATE SERVICE] - Requested method to get all coordinates' | 
01:31:17 | Info | '[COORDINATE SERVICE] - Requested method to create coordinates' | 
01:31:17 | Info | '[COORDINATE CONTROLLER] - Requested method to create coordinate - Passing through the Coordinate Service' | 
01:31:17 | Info | '[COORDINATE SERVICE] - Requested method to create coordinates' | 
01:31:17 | Info | '[COORDINATE CONTROLLER] - Requested method to create coordinate - Passing through the Coordinate Service' | 
01:31:17 | Info | '[COORDINATE SERVICE] - Requested method to get all coordinates' | 
01:31:17 | Info | '[COORDINATE SERVICE] - Requested method to get all coordinates' | 
01:31:17 | Info | '[COORDINATE CONTROLLER] - Requested method to create coordinate - Passing through the Coordinate Service' | 
01:31:17 | Info | '[COORDINATE CONTROLLER] - Requested method to create coordinate - Passing through the Coordinate Service' | 
01:31:17 | Info | '[COORDINATE SERVICE] - Requested method to create coordinates' | 
01:31:17 | Info | '[COORDINATE SERVICE] - Requested method to create coordinates' | 
01:31:17 | Info | '[COORDINATE CONTROLLER] - Requested method to create coordinate - Passing through the Coordinate Service' | 
01:31:17 | Info | '[COORDINATE SERVICE] - Requested method to create coordinates' | 
01:31:17 | Info | '[COORDINATE SERVICE] - Requested method to get all coordinates' | 
01:31:17 | Info | '[COORDINATE SERVICE] - Requested method to get all coordinates' | 
01:31:17 | Info | '[COORDINATE SERVICE] - Requested method to get all coordinates' | 
01:31:17 | Info | '[COORDINATE CONTROLLER] - Requested method to create coordinate - Passing through the Coordinate Service' | 
01:31:17 | Info | '[COORDINATE SERVICE] - Requested method to create coordinates' | 
01:31:17 | Info | '[COORDINATE CONTROLLER] - Requested method to create coordinate - Passing through the Coordinate Service' | 
01:31:17 | Info | '[COORDINATE SERVICE] - Requested method to create coordinates' | 
01:31:17 | Info | '[COORDINATE CONTROLLER] - Requested method to create coordinate - Passing through the Coordinate Service' | 
01:31:17 | Info | '[COORDINATE SERVICE] - Requested method to create coordinates' | 
01:31:17 | Info | '[COORDINATE SERVICE] - Requested method to get all coordinates' | 
01:31:17 | Info | '[COORDINATE SERVICE] - Requested method to get all coordinates' | 
01:31:17 | Info | '[COORDINATE SERVICE] - Requested method to get all coordinates' | 
01:31:17 | Info | '[COORDINATE SERVICE] - Requested method to create coordinates' | 
01:31:17 | Info | '[COORDINATE SERVICE] - Requested method to get all coordinates' | 
01:31:17 | Info | '[COORDINATE CONTROLLER] - Requested method to create coordinate - Passing through the Coordinate Service' | 
01:31:17 | Info | '[COORDINATE CONTROLLER] - Requested method to create coordinate - Passing through the Coordinate Service' | 
01:31:17 | Info | '[COORDINATE SERVICE] - Requested method to create coordinates' | 
01:31:17 | Info | '[COORDINATE CONTROLLER] - Requested method to create coordinate - Passing through the Coordinate Service' | 
01:31:17 | Info | '[COORDINATE SERVICE] - Requested method to create coordinates' | 
01:31:17 | Info | '[COORDINATE SERVICE] - Requested method to get all coordinates' | 
01:31:17 | Info | '[COORDINATE SERVICE] - Requested method to create coordinates' | 
01:31:17 | Info | '[COORDINATE SERVICE] - Requested method to get all coordinates' | 
01:31:17 | Info | '[COORDINATE CONTROLLER] - Requested method to create coordinate - Passing through the Coordinate Service' | 
01:31:17 | Info | '[COORDINATE CONTROLLER] - Requested method to create coordinate - Passing through the Coordinate Service' | 
01:31:17 | Info | '[COORDINATE SERVICE] - Requested method to create coordinates' | 
01:31:17 | Info | '[COORDINATE SERVICE] - Requested method to get all coordinates' | 
01:31:17 | Info | '[COORDINATE CONTROLLER] - Requested method to create coordinate - Passing through the Coordinate Service' | 
01:31:17 | Info | '[COORDINATE SERVICE] - Requested method to get all coordinates' | 
01:31:17 | Info | '[COORDINATE SERVICE] - Requested method to create coordinates' | 
01:31:17 | Info | '[COORDINATE CONTROLLER] - Requested method to create coordinate - Passing through the Coordinate Service' | 
01:31:17 | Info | '[COORDINATE SERVICE] - Requested method to create coordinates' | 
01:31:17 | Info | '[COORDINATE SERVICE] - Requested method to create coordinates' | 
01:31:17 | Info | '[COORDINATE CONTROLLER] - Requested method to create coordinate - Passing through the Coordinate Service' | 
01:31:17 | Info | '[COORDINATE CONTROLLER] - Requested method to create coordinate - Passing through the Coordinate Service' | 
01:31:17 | Info | '[COORDINATE SERVICE] - Requested method to create coordinates' | 
01:31:17 | Info | '[COORDINATE SERVICE] - Requested method to get all coordinates' | 
01:31:17 | Info | '[COORDINATE SERVICE] - Requested method to get all coordinates' | 
01:31:17 | Info | '[COORDINATE CONTROLLER] - Requested method to create coordinate - Passing through the Coordinate Service' | 
01:31:17 | Info | '[COORDINATE SERVICE] - Requested method to get all coordinates' | 
01:31:17 | Info | '[COORDINATE CONTROLLER] - Requested method to create coordinate - Passing through the Coordinate Service' | 
01:31:17 | Info | '[COORDINATE SERVICE] - Requested method to create coordinates' | 
01:31:17 | Info | '[COORDINATE SERVICE] - Requested method to create coordinates' | 
01:31:17 | Info | '[COORDINATE SERVICE] - Requested method to get all coordinates' | 
01:31:17 | Info | '[COORDINATE SERVICE] - Requested method to get all coordinates' | 
01:31:17 | Info | '[COORDINATE SERVICE] - Requested method to get all coordinates' | 
01:31:17 | Info | '[COORDINATE CONTROLLER] - Requested method to create coordinate - Passing through the Coordinate Service' | 
01:31:17 | Info | '[COORDINATE SERVICE] - Requested method to create coordinates' | 
01:31:17 | Info | '[COORDINATE CONTROLLER] - Requested method to create coordinate - Passing through the Coordinate Service' | 
01:31:17 | Info | '[COORDINATE SERVICE] - Requested method to create coordinates' | 
01:31:17 | Info | '[COORDINATE SERVICE] - Requested method to get all coordinates' | 
01:31:17 | Info | '[COORDINATE SERVICE] - Requested method to get all coordinates' | 
01:31:17 | Info | '[COORDINATE CONTROLLER] - Requested method to create coordinate - Passing through the Coordinate Service' | 
01:31:17 | Info | '[COORDINATE SERVICE] - Requested method to create coordinates' | 
01:31:17 | Info | '[COORDINATE CONTROLLER] - Requested method to create coordinate - Passing through the Coordinate Service' | 
01:31:17 | Info | '[COORDINATE SERVICE] - Requested method to create coordinates' | 
01:31:17 | Info | '[COORDINATE CONTROLLER] - Requested method to create coordinate - Passing through the Coordinate Service' | 
01:31:17 | Info | '[COORDINATE SERVICE] - Requested method to create coordinates' | 
01:31:17 | Info | '[COORDINATE CONTROLLER] - Requested method to create coordinate - Passing through the Coordinate Service' | 
01:31:17 | Info | '[COORDINATE SERVICE] - Requested method to create coordinates' | 
01:31:17 | Info | '[COORDINATE SERVICE] - Requested method to get all coordinates' | 
01:31:17 | Info | '[COORDINATE SERVICE] - Requested method to get all coordinates' | 
01:31:17 | Info | '[COORDINATE CONTROLLER] - Requested method to create coordinate - Passing through the Coordinate Service' | 
01:31:17 | Info | '[COORDINATE SERVICE] - Requested method to get all coordinates' | 
01:31:17 | Info | '[COORDINATE SERVICE] - Requested method to create coordinates' | 
01:31:17 | Info | '[COORDINATE CONTROLLER] - Requested method to create coordinate - Passing through the Coordinate Service' | 
01:31:17 | Info | '[COORDINATE SERVICE] - Requested method to create coordinates' | 
01:31:17 | Info | '[COORDINATE SERVICE] - Requested method to get all coordinates' | 
01:31:17 | Info | '[COORDINATE SERVICE] - Requested method to get all coordinates' | 
01:31:17 | Info | '[COORDINATE SERVICE] - Requested method to get all coordinates' | 
01:31:17 | Info | '[COORDINATE CONTROLLER] - Requested method to create coordinate - Passing through the Coordinate Service' | 
01:31:17 | Info | '[COORDINATE CONTROLLER] - Requested method to create coordinate - Passing through the Coordinate Service' | 
01:31:17 | Info | '[COORDINATE SERVICE] - Requested method to create coordinates' | 
01:31:17 | Info | '[COORDINATE SERVICE] - Requested method to create coordinates' | 
01:31:17 | Info | '[COORDINATE CONTROLLER] - Requested method to create coordinate - Passing through the Coordinate Service' | 
01:31:17 | Info | '[COORDINATE SERVICE] - Requested method to create coordinates' | 
01:31:17 | Info | '[COORDINATE SERVICE] - Requested method to get all coordinates' | 
01:31:17 | Info | '[COORDINATE SERVICE] - Requested method to get all coordinates' | 
01:31:17 | Info | '[COORDINATE SERVICE] - Requested method to get all coordinates' | 
01:31:17 | Info | '[COORDINATE CONTROLLER] - Requested method to create coordinate - Passing through the Coordinate Service' | 
01:31:17 | Info | '[COORDINATE SERVICE] - Requested method to create coordinates' | 
01:31:17 | Info | '[COORDINATE SERVICE] - Requested method to create coordinates' | 
01:31:17 | Info | '[COORDINATE CONTROLLER] - Requested method to create coordinate - Passing through the Coordinate Service' | 
01:31:17 | Info | '[COORDINATE SERVICE] - Requested method to get all coordinates' | 
01:31:17 | Info | '[COORDINATE SERVICE] - Requested method to get all coordinates' | 
01:31:17 | Info | '[COORDINATE CONTROLLER] - Requested method to create coordinate - Passing through the Coordinate Service' | 
01:31:17 | Info | '[COORDINATE CONTROLLER] - Requested method to create coordinate - Passing through the Coordinate Service' | 
01:31:17 | Info | '[COORDINATE SERVICE] - Requested method to create coordinates' | 
01:31:17 | Info | '[COORDINATE CONTROLLER] - Requested method to create coordinate - Passing through the Coordinate Service' | 
01:31:17 | Info | '[COORDINATE SERVICE] - Requested method to create coordinates' | 
01:31:17 | Info | '[COORDINATE SERVICE] - Requested method to create coordinates' | 
01:31:17 | Info | '[COORDINATE SERVICE] - Requested method to get all coordinates' | 
01:31:17 | Info | '[COORDINATE SERVICE] - Requested method to get all coordinates' | 
01:31:17 | Info | '[COORDINATE SERVICE] - Requested method to get all coordinates' | 
01:31:17 | Info | '[COORDINATE CONTROLLER] - Requested method to create coordinate - Passing through the Coordinate Service' | 
01:31:17 | Info | '[COORDINATE CONTROLLER] - Requested method to create coordinate - Passing through the Coordinate Service' | 
01:31:17 | Info | '[COORDINATE SERVICE] - Requested method to create coordinates' | 
01:31:17 | Info | '[COORDINATE SERVICE] - Requested method to create coordinates' | 
01:31:17 | Info | '[COORDINATE CONTROLLER] - Requested method to create coordinate - Passing through the Coordinate Service' | 
01:31:17 | Info | '[COORDINATE SERVICE] - Requested method to create coordinates' | 
01:31:17 | Info | '[COORDINATE SERVICE] - Requested method to get all coordinates' | 
01:31:17 | Info | '[COORDINATE SERVICE] - Requested method to get all coordinates' | 
01:31:17 | Info | '[COORDINATE CONTROLLER] - Requested method to create coordinate - Passing through the Coordinate Service' | 
01:31:17 | Info | '[COORDINATE SERVICE] - Requested method to create coordinates' | 
01:31:17 | Info | '[COORDINATE CONTROLLER] - Requested method to create coordinate - Passing through the Coordinate Service' | 
01:31:17 | Info | '[COORDINATE SERVICE] - Requested method to create coordinates' | 
01:31:17 | Info | '[COORDINATE SERVICE] - Requested method to get all coordinates' | 
01:31:17 | Info | '[COORDINATE SERVICE] - Requested method to get all coordinates' | 
01:31:17 | Info | '[COORDINATE SERVICE] - Requested method to get all coordinates' | 
01:31:17 | Info | '[COORDINATE CONTROLLER] - Requested method to create coordinate - Passing through the Coordinate Service' | 
01:31:17 | Info | '[COORDINATE SERVICE] - Requested method to create coordinates' | 
01:31:17 | Info | '[COORDINATE CONTROLLER] - Requested method to create coordinate - Passing through the Coordinate Service' | 
01:31:17 | Info | '[COORDINATE CONTROLLER] - Requested method to create coordinate - Passing through the Coordinate Service' | 
01:31:17 | Info | '[COORDINATE SERVICE] - Requested method to create coordinates' | 
01:31:17 | Info | '[COORDINATE CONTROLLER] - Requested method to create coordinate - Passing through the Coordinate Service' | 
01:31:17 | Info | '[COORDINATE SERVICE] - Requested method to create coordinates' | 
01:31:17 | Info | '[COORDINATE SERVICE] - Requested method to create coordinates' | 
01:31:17 | Info | '[COORDINATE CONTROLLER] - Requested method to create coordinate - Passing through the Coordinate Service' | 
01:31:17 | Info | '[COORDINATE SERVICE] - Requested method to get all coordinates' | 
01:31:17 | Info | '[COORDINATE SERVICE] - Requested method to get all coordinates' | 
01:31:17 | Info | '[COORDINATE SERVICE] - Requested method to create coordinates' | 
01:31:17 | Info | '[COORDINATE SERVICE] - Requested method to get all coordinates' | 
01:31:17 | Info | '[COORDINATE SERVICE] - Requested method to get all coordinates' | 
01:31:17 | Info | '[COORDINATE SERVICE] - Requested method to get all coordinates' | 
01:31:17 | Info | '[COORDINATE SERVICE] - Requested method to create coordinates' | 
01:31:17 | Info | '[COORDINATE CONTROLLER] - Requested method to create coordinate - Passing through the Coordinate Service' | 
01:31:17 | Info | '[COORDINATE CONTROLLER] - Requested method to create coordinate - Passing through the Coordinate Service' | 
01:31:17 | Info | '[COORDINATE SERVICE] - Requested method to create coordinates' | 
01:31:17 | Info | '[COORDINATE CONTROLLER] - Requested method to create coordinate - Passing through the Coordinate Service' | 
01:31:17 | Info | '[COORDINATE SERVICE] - Requested method to create coordinates' | 
01:31:17 | Info | '[COORDINATE SERVICE] - Requested method to get all coordinates' | 
01:31:17 | Info | '[COORDINATE SERVICE] - Requested method to get all coordinates' | 
01:31:17 | Info | '[COORDINATE SERVICE] - Requested method to get all coordinates' | 
01:31:17 | Info | '[COORDINATE SERVICE] - Requested method to create coordinates' | 
01:31:17 | Info | '[COORDINATE CONTROLLER] - Requested method to create coordinate - Passing through the Coordinate Service' | 
01:31:17 | Info | '[COORDINATE SERVICE] - Requested method to create coordinates' | 
01:31:17 | Info | '[COORDINATE CONTROLLER] - Requested method to create coordinate - Passing through the Coordinate Service' | 
01:31:17 | Info | '[COORDINATE SERVICE] - Requested method to get all coordinates' | 
01:31:17 | Info | '[COORDINATE CONTROLLER] - Requested method to create coordinate - Passing through the Coordinate Service' | 
01:31:17 | Info | '[COORDINATE SERVICE] - Requested method to get all coordinates' | 
01:31:17 | Info | '[COORDINATE SERVICE] - Requested method to create coordinates' | 
01:31:17 | Info | '[COORDINATE CONTROLLER] - Requested method to create coordinate - Passing through the Coordinate Service' | 
01:31:17 | Info | '[COORDINATE SERVICE] - Requested method to create coordinates' | 
01:31:17 | Info | '[COORDINATE SERVICE] - Requested method to create coordinates' | 
01:31:17 | Info | '[COORDINATE CONTROLLER] - Requested method to create coordinate - Passing through the Coordinate Service' | 
01:31:17 | Info | '[COORDINATE CONTROLLER] - Requested method to create coordinate - Passing through the Coordinate Service' | 
01:31:17 | Info | '[COORDINATE SERVICE] - Requested method to create coordinates' | 
01:31:17 | Info | '[COORDINATE SERVICE] - Requested method to get all coordinates' | 
01:31:17 | Info | '[COORDINATE SERVICE] - Requested method to get all coordinates' | 
01:31:17 | Info | '[COORDINATE SERVICE] - Requested method to get all coordinates' | 
01:31:17 | Info | '[COORDINATE SERVICE] - Requested method to create coordinates' | 
01:31:17 | Info | '[COORDINATE CONTROLLER] - Requested method to create coordinate - Passing through the Coordinate Service' | 
01:31:17 | Info | '[COORDINATE SERVICE] - Requested method to create coordinates' | 
01:31:17 | Info | '[COORDINATE CONTROLLER] - Requested method to create coordinate - Passing through the Coordinate Service' | 
01:31:17 | Info | '[COORDINATE SERVICE] - Requested method to get all coordinates' | 
01:31:17 | Info | '[COORDINATE SERVICE] - Requested method to get all coordinates' | 
01:31:17 | Info | '[COORDINATE SERVICE] - Requested method to get all coordinates' | 
01:31:17 | Info | '[COORDINATE CONTROLLER] - Requested method to create coordinate - Passing through the Coordinate Service' | 
01:31:17 | Info | '[COORDINATE SERVICE] - Requested method to create coordinates' | 
01:31:17 | Info | '[COORDINATE CONTROLLER] - Requested method to create coordinate - Passing through the Coordinate Service' | 
01:31:17 | Info | '[COORDINATE SERVICE] - Requested method to create coordinates' | 
01:31:17 | Info | '[COORDINATE SERVICE] - Requested method to get all coordinates' | 
01:31:17 | Info | '[COORDINATE SERVICE] - Requested method to get all coordinates' | 
01:31:17 | Info | '[COORDINATE CONTROLLER] - Requested method to create coordinate - Passing through the Coordinate Service' | 
01:31:17 | Info | '[COORDINATE SERVICE] - Requested method to create coordinates' | 
01:31:17 | Info | '[COORDINATE CONTROLLER] - Requested method to create coordinate - Passing through the Coordinate Service' | 
01:31:17 | Info | '[COORDINATE SERVICE] - Requested method to create coordinates' | 
01:31:17 | Info | '[COORDINATE CONTROLLER] - Requested method to create coordinate - Passing through the Coordinate Service' | 
01:31:17 | Info | '[COORDINATE SERVICE] - Requested method to create coordinates' | 
01:31:17 | Info | '[COORDINATE CONTROLLER] - Requested method to create coordinate - Passing through the Coordinate Service' | 
01:31:17 | Info | '[COORDINATE SERVICE] - Requested method to get all coordinates' | 
01:31:17 | Info | '[COORDINATE SERVICE] - Requested method to create coordinates' | 
01:31:17 | Info | '[COORDINATE SERVICE] - Requested method to get all coordinates' | 
01:31:17 | Info | '[COORDINATE SERVICE] - Requested method to get all coordinates' | 
01:31:17 | Info | '[COORDINATE SERVICE] - Requested method to get all coordinates' | 
01:31:17 | Info | '[COORDINATE SERVICE] - Requested method to create coordinates' | 
01:31:17 | Info | '[COORDINATE CONTROLLER] - Requested method to create coordinate - Passing through the Coordinate Service' | 
01:31:17 | Info | '[COORDINATE SERVICE] - Requested method to create coordinates' | 
01:31:17 | Info | '[COORDINATE CONTROLLER] - Requested method to create coordinate - Passing through the Coordinate Service' | 
01:31:17 | Info | '[COORDINATE SERVICE] - Requested method to get all coordinates' | 
01:31:17 | Info | '[COORDINATE CONTROLLER] - Requested method to create coordinate - Passing through the Coordinate Service' | 
01:31:17 | Info | '[COORDINATE SERVICE] - Requested method to get all coordinates' | 
01:31:17 | Info | '[COORDINATE SERVICE] - Requested method to create coordinates' | 
01:31:17 | Info | '[COORDINATE CONTROLLER] - Requested method to create coordinate - Passing through the Coordinate Service' | 
01:31:17 | Info | '[COORDINATE SERVICE] - Requested method to create coordinates' | 
01:31:17 | Info | '[COORDINATE SERVICE] - Requested method to get all coordinates' | 
01:31:17 | Info | '[COORDINATE SERVICE] - Requested method to get all coordinates' | 
01:31:17 | Info | '[COORDINATE CONTROLLER] - Requested method to create coordinate - Passing through the Coordinate Service' | 
01:31:17 | Info | '[COORDINATE SERVICE] - Requested method to create coordinates' | 
01:31:17 | Info | '[COORDINATE CONTROLLER] - Requested method to create coordinate - Passing through the Coordinate Service' | 
01:31:17 | Info | '[COORDINATE CONTROLLER] - Requested method to create coordinate - Passing through the Coordinate Service' | 
01:31:17 | Info | '[COORDINATE CONTROLLER] - Requested method to create coordinate - Passing through the Coordinate Service' | 
01:31:17 | Info | '[COORDINATE SERVICE] - Requested method to create coordinates' | 
01:31:17 | Info | '[COORDINATE SERVICE] - Requested method to create coordinates' | 
01:31:17 | Info | '[COORDINATE SERVICE] - Requested method to create coordinates' | 
01:31:17 | Info | '[COORDINATE SERVICE] - Requested method to get all coordinates' | 
01:31:17 | Info | '[COORDINATE SERVICE] - Requested method to get all coordinates' | 
01:31:17 | Info | '[COORDINATE CONTROLLER] - Requested method to create coordinate - Passing through the Coordinate Service' | 
01:31:17 | Info | '[COORDINATE SERVICE] - Requested method to get all coordinates' | 
01:31:17 | Info | '[COORDINATE SERVICE] - Requested method to create coordinates' | 
01:31:17 | Info | '[COORDINATE SERVICE] - Requested method to create coordinates' | 
01:31:17 | Info | '[COORDINATE CONTROLLER] - Requested method to create coordinate - Passing through the Coordinate Service' | 
01:31:17 | Info | '[COORDINATE SERVICE] - Requested method to get all coordinates' | 
01:31:17 | Info | '[COORDINATE SERVICE] - Requested method to get all coordinates' | 
01:31:17 | Info | '[COORDINATE SERVICE] - Requested method to get all coordinates' | 
01:31:17 | Info | '[COORDINATE CONTROLLER] - Requested method to create coordinate - Passing through the Coordinate Service' | 
01:31:17 | Info | '[COORDINATE SERVICE] - Requested method to create coordinates' | 
01:31:17 | Info | '[COORDINATE CONTROLLER] - Requested method to create coordinate - Passing through the Coordinate Service' | 
01:31:17 | Info | '[COORDINATE SERVICE] - Requested method to create coordinates' | 
01:31:17 | Info | '[COORDINATE SERVICE] - Requested method to get all coordinates' | 
01:31:17 | Info | '[COORDINATE CONTROLLER] - Requested method to create coordinate - Passing through the Coordinate Service' | 
01:31:17 | Info | '[COORDINATE SERVICE] - Requested method to get all coordinates' | 
01:31:17 | Info | '[COORDINATE CONTROLLER] - Requested method to create coordinate - Passing through the Coordinate Service' | 
01:31:17 | Info | '[COORDINATE SERVICE] - Requested method to create coordinates' | 
01:31:17 | Info | '[COORDINATE SERVICE] - Requested method to create coordinates' | 
01:31:17 | Info | '[COORDINATE SERVICE] - Requested method to create coordinates' | 
01:31:17 | Info | '[COORDINATE CONTROLLER] - Requested method to create coordinate - Passing through the Coordinate Service' | 
01:31:17 | Info | '[COORDINATE CONTROLLER] - Requested method to create coordinate - Passing through the Coordinate Service' | 
01:31:17 | Info | '[COORDINATE SERVICE] - Requested method to create coordinates' | 
01:31:17 | Info | '[COORDINATE SERVICE] - Requested method to get all coordinates' | 
01:31:17 | Info | '[COORDINATE SERVICE] - Requested method to get all coordinates' | 
01:31:17 | Info | '[COORDINATE SERVICE] - Requested method to get all coordinates' | 
01:31:17 | Info | '[COORDINATE SERVICE] - Requested method to get all coordinates' | 
01:31:17 | Info | '[COORDINATE CONTROLLER] - Requested method to create coordinate - Passing through the Coordinate Service' | 
01:31:17 | Info | '[COORDINATE SERVICE] - Requested method to create coordinates' | 
01:31:17 | Info | '[COORDINATE CONTROLLER] - Requested method to create coordinate - Passing through the Coordinate Service' | 
01:31:17 | Info | '[COORDINATE SERVICE] - Requested method to create coordinates' | 
01:31:17 | Info | '[COORDINATE SERVICE] - Requested method to get all coordinates' | 
01:31:17 | Info | '[COORDINATE CONTROLLER] - Requested method to create coordinate - Passing through the Coordinate Service' | 
01:31:17 | Info | '[COORDINATE CONTROLLER] - Requested method to create coordinate - Passing through the Coordinate Service' | 
01:31:17 | Info | '[COORDINATE SERVICE] - Requested method to create coordinates' | 
01:31:17 | Info | '[COORDINATE SERVICE] - Requested method to create coordinates' | 
01:31:17 | Info | '[COORDINATE SERVICE] - Requested method to get all coordinates' | 
01:31:17 | Info | '[COORDINATE CONTROLLER] - Requested method to create coordinate - Passing through the Coordinate Service' | 
01:31:17 | Info | '[COORDINATE SERVICE] - Requested method to get all coordinates' | 
01:31:17 | Info | '[COORDINATE SERVICE] - Requested method to get all coordinates' | 
01:31:17 | Info | '[COORDINATE SERVICE] - Requested method to create coordinates' | 
01:31:17 | Info | '[COORDINATE CONTROLLER] - Requested method to create coordinate - Passing through the Coordinate Service' | 
01:31:17 | Info | '[COORDINATE SERVICE] - Requested method to create coordinates' | 
01:31:17 | Info | '[COORDINATE CONTROLLER] - Requested method to create coordinate - Passing through the Coordinate Service' | 
01:31:17 | Info | '[COORDINATE SERVICE] - Requested method to create coordinates' | 
01:31:17 | Info | '[COORDINATE CONTROLLER] - Requested method to create coordinate - Passing through the Coordinate Service' | 
01:31:17 | Info | '[COORDINATE SERVICE] - Requested method to create coordinates' | 
01:31:17 | Info | '[COORDINATE SERVICE] - Requested method to get all coordinates' | 
01:31:17 | Info | '[COORDINATE CONTROLLER] - Requested method to create coordinate - Passing through the Coordinate Service' | 
01:31:17 | Info | '[COORDINATE SERVICE] - Requested method to get all coordinates' | 
01:31:17 | Info | '[COORDINATE SERVICE] - Requested method to create coordinates' | 
01:31:17 | Info | '[COORDINATE SERVICE] - Requested method to get all coordinates' | 
01:31:17 | Info | '[COORDINATE SERVICE] - Requested method to get all coordinates' | 
01:31:17 | Info | '[COORDINATE SERVICE] - Requested method to get all coordinates' | 
01:31:17 | Info | '[COORDINATE SERVICE] - Requested method to create coordinates' | 
01:31:17 | Info | '[COORDINATE CONTROLLER] - Requested method to create coordinate - Passing through the Coordinate Service' | 
01:31:17 | Info | '[COORDINATE SERVICE] - Requested method to get all coordinates' | 
01:31:17 | Info | '[COORDINATE SERVICE] - Requested method to create coordinates' | 
01:31:17 | Info | '[COORDINATE CONTROLLER] - Requested method to create coordinate - Passing through the Coordinate Service' | 
01:31:17 | Info | '[COORDINATE SERVICE] - Requested method to create coordinates' | 
01:31:17 | Info | '[COORDINATE CONTROLLER] - Requested method to create coordinate - Passing through the Coordinate Service' | 
01:31:17 | Info | '[COORDINATE SERVICE] - Requested method to create coordinates' | 
01:31:17 | Info | '[COORDINATE CONTROLLER] - Requested method to create coordinate - Passing through the Coordinate Service' | 
01:31:17 | Info | '[COORDINATE SERVICE] - Requested method to get all coordinates' | 
01:31:17 | Info | '[COORDINATE SERVICE] - Requested method to create coordinates' | 
01:31:17 | Info | '[COORDINATE CONTROLLER] - Requested method to create coordinate - Passing through the Coordinate Service' | 
01:31:17 | Info | '[COORDINATE SERVICE] - Requested method to get all coordinates' | 
01:31:17 | Info | '[COORDINATE SERVICE] - Requested method to get all coordinates' | 
01:31:17 | Info | '[COORDINATE SERVICE] - Requested method to get all coordinates' | 
01:31:17 | Info | '[COORDINATE CONTROLLER] - Requested method to create coordinate - Passing through the Coordinate Service' | 
01:31:17 | Info | '[COORDINATE SERVICE] - Requested method to create coordinates' | 
01:31:17 | Info | '[COORDINATE SERVICE] - Requested method to create coordinates' | 
01:31:17 | Info | '[COORDINATE CONTROLLER] - Requested method to create coordinate - Passing through the Coordinate Service' | 
01:31:17 | Info | '[COORDINATE SERVICE] - Requested method to create coordinates' | 
01:31:17 | Info | '[COORDINATE CONTROLLER] - Requested method to create coordinate - Passing through the Coordinate Service' | 
01:31:17 | Info | '[COORDINATE SERVICE] - Requested method to get all coordinates' | 
01:31:17 | Info | '[COORDINATE SERVICE] - Requested method to get all coordinates' | 
01:31:17 | Info | '[COORDINATE CONTROLLER] - Requested method to create coordinate - Passing through the Coordinate Service' | 
01:31:17 | Info | '[COORDINATE SERVICE] - Requested method to create coordinates' | 
01:31:17 | Info | '[COORDINATE SERVICE] - Requested method to get all coordinates' | 
01:31:17 | Info | '[COORDINATE SERVICE] - Requested method to get all coordinates' | 
01:31:17 | Info | '[COORDINATE SERVICE] - Requested method to create coordinates' | 
01:31:17 | Info | '[COORDINATE CONTROLLER] - Requested method to create coordinate - Passing through the Coordinate Service' | 
01:31:17 | Info | '[COORDINATE CONTROLLER] - Requested method to create coordinate - Passing through the Coordinate Service' | 
01:31:17 | Info | '[COORDINATE SERVICE] - Requested method to create coordinates' | 
01:31:17 | Info | '[COORDINATE CONTROLLER] - Requested method to create coordinate - Passing through the Coordinate Service' | 
01:31:17 | Info | '[COORDINATE CONTROLLER] - Requested method to create coordinate - Passing through the Coordinate Service' | 
01:31:17 | Info | '[COORDINATE SERVICE] - Requested method to create coordinates' | 
01:31:17 | Info | '[COORDINATE SERVICE] - Requested method to create coordinates' | 
01:31:17 | Info | '[COORDINATE SERVICE] - Requested method to get all coordinates' | 
01:31:17 | Info | '[COORDINATE SERVICE] - Requested method to get all coordinates' | 
01:31:17 | Info | '[COORDINATE SERVICE] - Requested method to get all coordinates' | 
01:31:17 | Info | '[COORDINATE CONTROLLER] - Requested method to create coordinate - Passing through the Coordinate Service' | 
01:31:17 | Info | '[COORDINATE CONTROLLER] - Requested method to create coordinate - Passing through the Coordinate Service' | 
01:31:17 | Info | '[COORDINATE SERVICE] - Requested method to create coordinates' | 
01:31:17 | Info | '[COORDINATE SERVICE] - Requested method to create coordinates' | 
01:31:17 | Info | '[COORDINATE SERVICE] - Requested method to get all coordinates' | 
01:31:17 | Info | '[COORDINATE SERVICE] - Requested method to get all coordinates' | 
01:31:17 | Info | '[COORDINATE SERVICE] - Requested method to get all coordinates' | 
01:31:17 | Info | '[COORDINATE SERVICE] - Requested method to create coordinates' | 
01:31:17 | Info | '[COORDINATE CONTROLLER] - Requested method to create coordinate - Passing through the Coordinate Service' | 
01:31:17 | Info | '[COORDINATE CONTROLLER] - Requested method to create coordinate - Passing through the Coordinate Service' | 
01:31:17 | Info | '[COORDINATE SERVICE] - Requested method to create coordinates' | 
01:31:17 | Info | '[COORDINATE SERVICE] - Requested method to get all coordinates' | 
01:31:17 | Info | '[COORDINATE CONTROLLER] - Requested method to create coordinate - Passing through the Coordinate Service' | 
01:31:17 | Info | '[COORDINATE SERVICE] - Requested method to get all coordinates' | 
01:31:17 | Info | '[COORDINATE SERVICE] - Requested method to create coordinates' | 
01:31:17 | Info | '[COORDINATE CONTROLLER] - Requested method to create coordinate - Passing through the Coordinate Service' | 
01:31:17 | Info | '[COORDINATE SERVICE] - Requested method to create coordinates' | 
01:31:17 | Info | '[COORDINATE SERVICE] - Requested method to create coordinates' | 
01:31:17 | Info | '[COORDINATE CONTROLLER] - Requested method to create coordinate - Passing through the Coordinate Service' | 
01:31:17 | Info | '[COORDINATE CONTROLLER] - Requested method to create coordinate - Passing through the Coordinate Service' | 
01:31:17 | Info | '[COORDINATE SERVICE] - Requested method to create coordinates' | 
01:31:17 | Info | '[COORDINATE SERVICE] - Requested method to get all coordinates' | 
01:31:17 | Info | '[COORDINATE SERVICE] - Requested method to get all coordinates' | 
01:31:17 | Info | '[COORDINATE SERVICE] - Requested method to create coordinates' | 
01:31:17 | Info | '[COORDINATE SERVICE] - Requested method to get all coordinates' | 
01:31:17 | Info | '[COORDINATE CONTROLLER] - Requested method to create coordinate - Passing through the Coordinate Service' | 
01:31:17 | Info | '[COORDINATE CONTROLLER] - Requested method to create coordinate - Passing through the Coordinate Service' | 
01:31:17 | Info | '[COORDINATE SERVICE] - Requested method to create coordinates' | 
01:31:17 | Info | '[COORDINATE SERVICE] - Requested method to get all coordinates' | 
01:31:17 | Info | '[COORDINATE SERVICE] - Requested method to get all coordinates' | 
01:31:17 | Info | '[COORDINATE SERVICE] - Requested method to get all coordinates' | 
01:31:17 | Info | '[COORDINATE SERVICE] - Requested method to create coordinates' | 
01:31:17 | Info | '[COORDINATE CONTROLLER] - Requested method to create coordinate - Passing through the Coordinate Service' | 
01:31:17 | Info | '[COORDINATE CONTROLLER] - Requested method to create coordinate - Passing through the Coordinate Service' | 
01:31:17 | Info | '[COORDINATE SERVICE] - Requested method to create coordinates' | 
01:31:17 | Info | '[COORDINATE SERVICE] - Requested method to get all coordinates' | 
01:31:17 | Info | '[COORDINATE SERVICE] - Requested method to get all coordinates' | 
01:31:17 | Info | '[COORDINATE CONTROLLER] - Requested method to create coordinate - Passing through the Coordinate Service' | 
01:31:17 | Info | '[COORDINATE SERVICE] - Requested method to create coordinates' | 
01:31:17 | Info | '[COORDINATE CONTROLLER] - Requested method to create coordinate - Passing through the Coordinate Service' | 
01:31:17 | Info | '[COORDINATE CONTROLLER] - Requested method to create coordinate - Passing through the Coordinate Service' | 
01:31:17 | Info | '[COORDINATE SERVICE] - Requested method to create coordinates' | 
01:31:17 | Info | '[COORDINATE CONTROLLER] - Requested method to create coordinate - Passing through the Coordinate Service' | 
01:31:17 | Info | '[COORDINATE SERVICE] - Requested method to create coordinates' | 
01:31:17 | Info | '[COORDINATE SERVICE] - Requested method to create coordinates' | 
01:31:17 | Info | '[COORDINATE SERVICE] - Requested method to get all coordinates' | 
01:31:17 | Info | '[COORDINATE SERVICE] - Requested method to get all coordinates' | 
01:31:17 | Info | '[COORDINATE CONTROLLER] - Requested method to create coordinate - Passing through the Coordinate Service' | 
01:31:17 | Info | '[COORDINATE SERVICE] - Requested method to get all coordinates' | 
01:31:17 | Info | '[COORDINATE CONTROLLER] - Requested method to create coordinate - Passing through the Coordinate Service' | 
01:31:17 | Info | '[COORDINATE SERVICE] - Requested method to create coordinates' | 
01:31:17 | Info | '[COORDINATE SERVICE] - Requested method to create coordinates' | 
01:31:17 | Info | '[COORDINATE SERVICE] - Requested method to get all coordinates' | 
01:31:17 | Info | '[COORDINATE SERVICE] - Requested method to get all coordinates' | 
01:31:17 | Info | '[COORDINATE SERVICE] - Requested method to get all coordinates' | 
01:31:17 | Info | '[COORDINATE SERVICE] - Requested method to get all coordinates' | 
01:31:17 | Info | '[COORDINATE CONTROLLER] - Requested method to create coordinate - Passing through the Coordinate Service' | 
01:31:17 | Info | '[COORDINATE SERVICE] - Requested method to create coordinates' | 
01:31:17 | Info | '[COORDINATE CONTROLLER] - Requested method to create coordinate - Passing through the Coordinate Service' | 
01:31:17 | Info | '[COORDINATE CONTROLLER] - Requested method to create coordinate - Passing through the Coordinate Service' | 
01:31:17 | Info | '[COORDINATE SERVICE] - Requested method to create coordinates' | 
01:31:17 | Info | '[COORDINATE SERVICE] - Requested method to create coordinates' | 
01:31:17 | Info | '[COORDINATE SERVICE] - Requested method to get all coordinates' | 
01:31:17 | Info | '[COORDINATE CONTROLLER] - Requested method to create coordinate - Passing through the Coordinate Service' | 
01:31:17 | Info | '[COORDINATE SERVICE] - Requested method to get all coordinates' | 
01:31:17 | Info | '[COORDINATE CONTROLLER] - Requested method to create coordinate - Passing through the Coordinate Service' | 
01:31:17 | Info | '[COORDINATE SERVICE] - Requested method to create coordinates' | 
01:31:17 | Info | '[COORDINATE SERVICE] - Requested method to create coordinates' | 
01:31:17 | Info | '[COORDINATE SERVICE] - Requested method to create coordinates' | 
01:31:17 | Info | '[COORDINATE CONTROLLER] - Requested method to create coordinate - Passing through the Coordinate Service' | 
01:31:17 | Info | '[COORDINATE SERVICE] - Requested method to get all coordinates' | 
01:31:17 | Info | '[COORDINATE CONTROLLER] - Requested method to create coordinate - Passing through the Coordinate Service' | 
01:31:17 | Info | '[COORDINATE CONTROLLER] - Requested method to create coordinate - Passing through the Coordinate Service' | 
01:31:17 | Info | '[COORDINATE SERVICE] - Requested method to create coordinates' | 
01:31:17 | Info | '[COORDINATE SERVICE] - Requested method to create coordinates' | 
01:31:17 | Info | '[COORDINATE SERVICE] - Requested method to create coordinates' | 
01:31:17 | Info | '[COORDINATE CONTROLLER] - Requested method to create coordinate - Passing through the Coordinate Service' | 
01:31:17 | Info | '[COORDINATE SERVICE] - Requested method to get all coordinates' | 
01:31:17 | Info | '[COORDINATE SERVICE] - Requested method to get all coordinates' | 
01:31:17 | Info | '[COORDINATE SERVICE] - Requested method to get all coordinates' | 
01:31:17 | Info | '[COORDINATE SERVICE] - Requested method to create coordinates' | 
01:31:17 | Info | '[COORDINATE SERVICE] - Requested method to get all coordinates' | 
01:31:17 | Info | '[COORDINATE CONTROLLER] - Requested method to create coordinate - Passing through the Coordinate Service' | 
01:31:17 | Info | '[COORDINATE SERVICE] - Requested method to get all coordinates' | 
01:31:17 | Info | '[COORDINATE CONTROLLER] - Requested method to create coordinate - Passing through the Coordinate Service' | 
01:31:17 | Info | '[COORDINATE SERVICE] - Requested method to create coordinates' | 
01:31:17 | Info | '[COORDINATE SERVICE] - Requested method to get all coordinates' | 
01:31:17 | Info | '[COORDINATE SERVICE] - Requested method to create coordinates' | 
01:31:17 | Info | '[COORDINATE CONTROLLER] - Requested method to create coordinate - Passing through the Coordinate Service' | 
01:31:17 | Info | '[COORDINATE SERVICE] - Requested method to get all coordinates' | 
01:31:17 | Info | '[COORDINATE SERVICE] - Requested method to create coordinates' | 
01:31:17 | Info | '[COORDINATE CONTROLLER] - Requested method to create coordinate - Passing through the Coordinate Service' | 
01:31:17 | Info | '[COORDINATE CONTROLLER] - Requested method to create coordinate - Passing through the Coordinate Service' | 
01:31:17 | Info | '[COORDINATE SERVICE] - Requested method to create coordinates' | 
01:31:17 | Info | '[COORDINATE SERVICE] - Requested method to create coordinates' | 
01:31:17 | Info | '[COORDINATE CONTROLLER] - Requested method to create coordinate - Passing through the Coordinate Service' | 
01:31:17 | Info | '[COORDINATE SERVICE] - Requested method to get all coordinates' | 
01:31:17 | Info | '[COORDINATE SERVICE] - Requested method to get all coordinates' | 
01:31:17 | Info | '[COORDINATE SERVICE] - Requested method to create coordinates' | 
01:31:17 | Info | '[COORDINATE CONTROLLER] - Requested method to create coordinate - Passing through the Coordinate Service' | 
01:31:17 | Info | '[COORDINATE SERVICE] - Requested method to create coordinates' | 
01:31:17 | Info | '[COORDINATE SERVICE] - Requested method to get all coordinates' | 
01:31:17 | Info | '[COORDINATE CONTROLLER] - Requested method to create coordinate - Passing through the Coordinate Service' | 
01:31:17 | Info | '[COORDINATE SERVICE] - Requested method to get all coordinates' | 
01:31:17 | Info | '[COORDINATE SERVICE] - Requested method to get all coordinates' | 
01:31:17 | Info | '[COORDINATE SERVICE] - Requested method to get all coordinates' | 
01:31:17 | Info | '[COORDINATE CONTROLLER] - Requested method to create coordinate - Passing through the Coordinate Service' | 
01:31:17 | Info | '[COORDINATE SERVICE] - Requested method to create coordinates' | 
01:31:17 | Info | '[COORDINATE SERVICE] - Requested method to get all coordinates' | 
01:31:17 | Info | '[COORDINATE CONTROLLER] - Requested method to create coordinate - Passing through the Coordinate Service' | 
01:31:17 | Info | '[COORDINATE SERVICE] - Requested method to create coordinates' | 
01:31:17 | Info | '[COORDINATE CONTROLLER] - Requested method to create coordinate - Passing through the Coordinate Service' | 
01:31:17 | Info | '[COORDINATE SERVICE] - Requested method to create coordinates' | 
01:31:17 | Info | '[COORDINATE CONTROLLER] - Requested method to create coordinate - Passing through the Coordinate Service' | 
01:31:17 | Info | '[COORDINATE SERVICE] - Requested method to create coordinates' | 
01:31:17 | Info | '[COORDINATE CONTROLLER] - Requested method to create coordinate - Passing through the Coordinate Service' | 
01:31:17 | Info | '[COORDINATE SERVICE] - Requested method to create coordinates' | 
01:31:17 | Info | '[COORDINATE SERVICE] - Requested method to get all coordinates' | 
01:31:17 | Info | '[COORDINATE SERVICE] - Requested method to get all coordinates' | 
01:31:17 | Info | '[COORDINATE SERVICE] - Requested method to get all coordinates' | 
01:31:17 | Info | '[COORDINATE SERVICE] - Requested method to get all coordinates' | 
01:31:17 | Info | '[COORDINATE SERVICE] - Requested method to create coordinates' | 
01:31:17 | Info | '[COORDINATE CONTROLLER] - Requested method to create coordinate - Passing through the Coordinate Service' | 
01:31:17 | Info | '[COORDINATE SERVICE] - Requested method to create coordinates' | 
01:31:17 | Info | '[COORDINATE CONTROLLER] - Requested method to create coordinate - Passing through the Coordinate Service' | 
01:31:17 | Info | '[COORDINATE CONTROLLER] - Requested method to create coordinate - Passing through the Coordinate Service' | 
01:31:17 | Info | '[COORDINATE SERVICE] - Requested method to create coordinates' | 
01:31:17 | Info | '[COORDINATE SERVICE] - Requested method to get all coordinates' | 
01:31:18 | Info | '[COORDINATE CONTROLLER] - Requested method to create coordinate - Passing through the Coordinate Service' | 
01:31:17 | Info | '[COORDINATE SERVICE] - Requested method to get all coordinates' | 
01:31:18 | Info | '[COORDINATE SERVICE] - Requested method to create coordinates' | 
01:31:18 | Info | '[COORDINATE SERVICE] - Requested method to get all coordinates' | 
01:31:18 | Info | '[COORDINATE CONTROLLER] - Requested method to create coordinate - Passing through the Coordinate Service' | 
01:31:18 | Info | '[COORDINATE SERVICE] - Requested method to get all coordinates' | 
01:31:18 | Info | '[COORDINATE SERVICE] - Requested method to create coordinates' | 
01:31:18 | Info | '[COORDINATE SERVICE] - Requested method to create coordinates' | 
01:31:18 | Info | '[COORDINATE CONTROLLER] - Requested method to create coordinate - Passing through the Coordinate Service' | 
01:31:18 | Info | '[COORDINATE CONTROLLER] - Requested method to create coordinate - Passing through the Coordinate Service' | 
01:31:18 | Info | '[COORDINATE SERVICE] - Requested method to create coordinates' | 
01:31:18 | Info | '[COORDINATE CONTROLLER] - Requested method to create coordinate - Passing through the Coordinate Service' | 
01:31:18 | Info | '[COORDINATE SERVICE] - Requested method to create coordinates' | 
01:31:18 | Info | '[COORDINATE SERVICE] - Requested method to get all coordinates' | 
01:31:18 | Info | '[COORDINATE SERVICE] - Requested method to get all coordinates' | 
01:31:18 | Info | '[COORDINATE SERVICE] - Requested method to get all coordinates' | 
01:31:18 | Info | '[COORDINATE CONTROLLER] - Requested method to create coordinate - Passing through the Coordinate Service' | 
01:31:18 | Info | '[COORDINATE CONTROLLER] - Requested method to create coordinate - Passing through the Coordinate Service' | 
01:31:18 | Info | '[COORDINATE SERVICE] - Requested method to create coordinates' | 
01:31:18 | Info | '[COORDINATE SERVICE] - Requested method to create coordinates' | 
01:31:18 | Info | '[COORDINATE SERVICE] - Requested method to get all coordinates' | 
01:31:18 | Info | '[COORDINATE CONTROLLER] - Requested method to create coordinate - Passing through the Coordinate Service' | 
01:31:18 | Info | '[COORDINATE SERVICE] - Requested method to get all coordinates' | 
01:31:18 | Info | '[COORDINATE SERVICE] - Requested method to get all coordinates' | 
01:31:18 | Info | '[COORDINATE SERVICE] - Requested method to create coordinates' | 
01:31:18 | Info | '[COORDINATE SERVICE] - Requested method to create coordinates' | 
01:31:18 | Info | '[COORDINATE CONTROLLER] - Requested method to create coordinate - Passing through the Coordinate Service' | 
01:31:18 | Info | '[COORDINATE SERVICE] - Requested method to get all coordinates' | 
01:31:18 | Info | '[COORDINATE SERVICE] - Requested method to get all coordinates' | 
01:31:18 | Info | '[COORDINATE CONTROLLER] - Requested method to create coordinate - Passing through the Coordinate Service' | 
01:31:18 | Info | '[COORDINATE SERVICE] - Requested method to create coordinates' | 
01:31:18 | Info | '[COORDINATE CONTROLLER] - Requested method to create coordinate - Passing through the Coordinate Service' | 
01:31:18 | Info | '[COORDINATE SERVICE] - Requested method to create coordinates' | 
01:31:18 | Info | '[COORDINATE CONTROLLER] - Requested method to create coordinate - Passing through the Coordinate Service' | 
01:31:18 | Info | '[COORDINATE SERVICE] - Requested method to create coordinates' | 
01:31:18 | Info | '[COORDINATE CONTROLLER] - Requested method to create coordinate - Passing through the Coordinate Service' | 
01:31:18 | Info | '[COORDINATE SERVICE] - Requested method to create coordinates' | 
01:31:18 | Info | '[COORDINATE SERVICE] - Requested method to get all coordinates' | 
01:31:18 | Info | '[COORDINATE SERVICE] - Requested method to get all coordinates' | 
01:31:18 | Info | '[COORDINATE SERVICE] - Requested method to get all coordinates' | 
01:31:18 | Info | '[COORDINATE CONTROLLER] - Requested method to create coordinate - Passing through the Coordinate Service' | 
01:31:18 | Info | '[COORDINATE SERVICE] - Requested method to create coordinates' | 
01:31:18 | Info | '[COORDINATE CONTROLLER] - Requested method to create coordinate - Passing through the Coordinate Service' | 
01:31:18 | Info | '[COORDINATE SERVICE] - Requested method to create coordinates' | 
01:31:18 | Info | '[COORDINATE SERVICE] - Requested method to get all coordinates' | 
01:31:18 | Info | '[COORDINATE SERVICE] - Requested method to get all coordinates' | 
01:31:18 | Info | '[COORDINATE CONTROLLER] - Requested method to create coordinate - Passing through the Coordinate Service' | 
01:31:18 | Info | '[COORDINATE SERVICE] - Requested method to create coordinates' | 
01:31:18 | Info | '[COORDINATE CONTROLLER] - Requested method to create coordinate - Passing through the Coordinate Service' | 
01:31:18 | Info | '[COORDINATE SERVICE] - Requested method to create coordinates' | 
01:31:18 | Info | '[COORDINATE SERVICE] - Requested method to get all coordinates' | 
01:31:18 | Info | '[COORDINATE SERVICE] - Requested method to get all coordinates' | 
01:31:18 | Info | '[COORDINATE SERVICE] - Requested method to get all coordinates' | 
01:31:18 | Info | '[COORDINATE CONTROLLER] - Requested method to create coordinate - Passing through the Coordinate Service' | 
01:31:18 | Info | '[COORDINATE CONTROLLER] - Requested method to create coordinate - Passing through the Coordinate Service' | 
01:31:18 | Info | '[COORDINATE SERVICE] - Requested method to create coordinates' | 
01:31:18 | Info | '[COORDINATE SERVICE] - Requested method to create coordinates' | 
01:31:18 | Info | '[COORDINATE SERVICE] - Requested method to create coordinates' | 
01:31:18 | Info | '[COORDINATE CONTROLLER] - Requested method to create coordinate - Passing through the Coordinate Service' | 
01:31:18 | Info | '[COORDINATE SERVICE] - Requested method to create coordinates' | 
01:31:18 | Info | '[COORDINATE CONTROLLER] - Requested method to create coordinate - Passing through the Coordinate Service' | 
01:31:18 | Info | '[COORDINATE SERVICE] - Requested method to get all coordinates' | 
01:31:18 | Info | '[COORDINATE SERVICE] - Requested method to get all coordinates' | 
01:31:18 | Info | '[COORDINATE SERVICE] - Requested method to create coordinates' | 
01:31:18 | Info | '[COORDINATE CONTROLLER] - Requested method to create coordinate - Passing through the Coordinate Service' | 
01:31:18 | Info | '[COORDINATE SERVICE] - Requested method to get all coordinates' | 
01:31:18 | Info | '[COORDINATE SERVICE] - Requested method to get all coordinates' | 
01:31:18 | Info | '[COORDINATE SERVICE] - Requested method to get all coordinates' | 
01:31:18 | Info | '[COORDINATE SERVICE] - Requested method to get all coordinates' | 
01:31:18 | Info | '[COORDINATE CONTROLLER] - Requested method to create coordinate - Passing through the Coordinate Service' | 
01:31:18 | Info | '[COORDINATE SERVICE] - Requested method to create coordinates' | 
01:31:18 | Info | '[COORDINATE CONTROLLER] - Requested method to create coordinate - Passing through the Coordinate Service' | 
01:31:18 | Info | '[COORDINATE SERVICE] - Requested method to create coordinates' | 
01:31:18 | Info | '[COORDINATE SERVICE] - Requested method to create coordinates' | 
01:31:18 | Info | '[COORDINATE CONTROLLER] - Requested method to create coordinate - Passing through the Coordinate Service' | 
01:31:18 | Info | '[COORDINATE SERVICE] - Requested method to create coordinates' | 
01:31:18 | Info | '[COORDINATE CONTROLLER] - Requested method to create coordinate - Passing through the Coordinate Service' | 
01:31:18 | Info | '[COORDINATE SERVICE] - Requested method to get all coordinates' | 
01:31:18 | Info | '[COORDINATE SERVICE] - Requested method to get all coordinates' | 
01:31:18 | Info | '[COORDINATE SERVICE] - Requested method to get all coordinates' | 
01:31:18 | Info | '[COORDINATE CONTROLLER] - Requested method to create coordinate - Passing through the Coordinate Service' | 
01:31:18 | Info | '[COORDINATE CONTROLLER] - Requested method to create coordinate - Passing through the Coordinate Service' | 
01:31:18 | Info | '[COORDINATE SERVICE] - Requested method to create coordinates' | 
01:31:18 | Info | '[COORDINATE SERVICE] - Requested method to create coordinates' | 
01:31:18 | Info | '[COORDINATE SERVICE] - Requested method to get all coordinates' | 
01:31:18 | Info | '[COORDINATE SERVICE] - Requested method to get all coordinates' | 
01:31:18 | Info | '[COORDINATE CONTROLLER] - Requested method to create coordinate - Passing through the Coordinate Service' | 
01:31:18 | Info | '[COORDINATE CONTROLLER] - Requested method to create coordinate - Passing through the Coordinate Service' | 
01:31:18 | Info | '[COORDINATE SERVICE] - Requested method to create coordinates' | 
01:31:18 | Info | '[COORDINATE SERVICE] - Requested method to create coordinates' | 
01:31:18 | Info | '[COORDINATE CONTROLLER] - Requested method to create coordinate - Passing through the Coordinate Service' | 
01:31:18 | Info | '[COORDINATE SERVICE] - Requested method to create coordinates' | 
01:31:18 | Info | '[COORDINATE SERVICE] - Requested method to get all coordinates' | 
01:31:18 | Info | '[COORDINATE SERVICE] - Requested method to get all coordinates' | 
01:31:18 | Info | '[COORDINATE SERVICE] - Requested method to get all coordinates' | 
01:31:18 | Info | '[COORDINATE CONTROLLER] - Requested method to create coordinate - Passing through the Coordinate Service' | 
01:31:18 | Info | '[COORDINATE SERVICE] - Requested method to create coordinates' | 
01:31:18 | Info | '[COORDINATE SERVICE] - Requested method to create coordinates' | 
01:31:18 | Info | '[COORDINATE CONTROLLER] - Requested method to create coordinate - Passing through the Coordinate Service' | 
01:31:18 | Info | '[COORDINATE CONTROLLER] - Requested method to create coordinate - Passing through the Coordinate Service' | 
01:31:18 | Info | '[COORDINATE SERVICE] - Requested method to create coordinates' | 
01:31:18 | Info | '[COORDINATE SERVICE] - Requested method to get all coordinates' | 
01:31:18 | Info | '[COORDINATE CONTROLLER] - Requested method to create coordinate - Passing through the Coordinate Service' | 
01:31:18 | Info | '[COORDINATE SERVICE] - Requested method to get all coordinates' | 
01:31:18 | Info | '[COORDINATE CONTROLLER] - Requested method to create coordinate - Passing through the Coordinate Service' | 
01:31:18 | Info | '[COORDINATE SERVICE] - Requested method to create coordinates' | 
01:31:18 | Info | '[COORDINATE SERVICE] - Requested method to create coordinates' | 
01:31:18 | Info | '[COORDINATE SERVICE] - Requested method to get all coordinates' | 
01:31:18 | Info | '[COORDINATE SERVICE] - Requested method to get all coordinates' | 
01:31:18 | Info | '[COORDINATE CONTROLLER] - Requested method to create coordinate - Passing through the Coordinate Service' | 
01:31:18 | Info | '[COORDINATE SERVICE] - Requested method to create coordinates' | 
01:31:18 | Info | '[COORDINATE SERVICE] - Requested method to create coordinates' | 
01:31:18 | Info | '[COORDINATE SERVICE] - Requested method to get all coordinates' | 
01:31:18 | Info | '[COORDINATE CONTROLLER] - Requested method to create coordinate - Passing through the Coordinate Service' | 
01:31:18 | Info | '[COORDINATE CONTROLLER] - Requested method to create coordinate - Passing through the Coordinate Service' | 
01:31:18 | Info | '[COORDINATE SERVICE] - Requested method to create coordinates' | 
01:31:18 | Info | '[COORDINATE SERVICE] - Requested method to create coordinates' | 
01:31:18 | Info | '[COORDINATE CONTROLLER] - Requested method to create coordinate - Passing through the Coordinate Service' | 
01:31:18 | Info | '[COORDINATE SERVICE] - Requested method to get all coordinates' | 
01:31:18 | Info | '[COORDINATE CONTROLLER] - Requested method to create coordinate - Passing through the Coordinate Service' | 
01:31:18 | Info | '[COORDINATE SERVICE] - Requested method to get all coordinates' | 
01:31:18 | Info | '[COORDINATE SERVICE] - Requested method to create coordinates' | 
01:31:18 | Info | '[COORDINATE SERVICE] - Requested method to get all coordinates' | 
01:31:18 | Info | '[COORDINATE SERVICE] - Requested method to get all coordinates' | 
01:31:18 | Info | '[COORDINATE SERVICE] - Requested method to get all coordinates' | 
01:31:18 | Info | '[COORDINATE CONTROLLER] - Requested method to create coordinate - Passing through the Coordinate Service' | 
01:31:18 | Info | '[COORDINATE SERVICE] - Requested method to create coordinates' | 
01:31:18 | Info | '[COORDINATE CONTROLLER] - Requested method to create coordinate - Passing through the Coordinate Service' | 
01:31:18 | Info | '[COORDINATE SERVICE] - Requested method to create coordinates' | 
01:31:18 | Info | '[COORDINATE CONTROLLER] - Requested method to create coordinate - Passing through the Coordinate Service' | 
01:31:18 | Info | '[COORDINATE SERVICE] - Requested method to create coordinates' | 
01:31:18 | Info | '[COORDINATE SERVICE] - Requested method to get all coordinates' | 
01:31:18 | Info | '[COORDINATE SERVICE] - Requested method to get all coordinates' | 
01:31:18 | Info | '[COORDINATE SERVICE] - Requested method to create coordinates' | 
01:31:18 | Info | '[COORDINATE CONTROLLER] - Requested method to create coordinate - Passing through the Coordinate Service' | 
01:31:18 | Info | '[COORDINATE SERVICE] - Requested method to create coordinates' | 
01:31:18 | Info | '[COORDINATE CONTROLLER] - Requested method to create coordinate - Passing through the Coordinate Service' | 
01:31:18 | Info | '[COORDINATE SERVICE] - Requested method to get all coordinates' | 
01:31:18 | Info | '[COORDINATE SERVICE] - Requested method to get all coordinates' | 
01:31:18 | Info | '[COORDINATE CONTROLLER] - Requested method to create coordinate - Passing through the Coordinate Service' | 
01:31:18 | Info | '[COORDINATE SERVICE] - Requested method to get all coordinates' | 
01:31:18 | Info | '[COORDINATE SERVICE] - Requested method to create coordinates' | 
01:31:18 | Info | '[COORDINATE SERVICE] - Requested method to create coordinates' | 
01:31:18 | Info | '[COORDINATE CONTROLLER] - Requested method to create coordinate - Passing through the Coordinate Service' | 
01:31:18 | Info | '[COORDINATE CONTROLLER] - Requested method to create coordinate - Passing through the Coordinate Service' | 
01:31:18 | Info | '[COORDINATE SERVICE] - Requested method to create coordinates' | 
01:31:18 | Info | '[COORDINATE SERVICE] - Requested method to get all coordinates' | 
01:31:18 | Info | '[COORDINATE SERVICE] - Requested method to get all coordinates' | 
01:31:18 | Info | '[COORDINATE CONTROLLER] - Requested method to create coordinate - Passing through the Coordinate Service' | 
01:31:18 | Info | '[COORDINATE SERVICE] - Requested method to create coordinates' | 
01:31:18 | Info | '[COORDINATE CONTROLLER] - Requested method to create coordinate - Passing through the Coordinate Service' | 
01:31:18 | Info | '[COORDINATE SERVICE] - Requested method to create coordinates' | 
01:31:18 | Info | '[COORDINATE SERVICE] - Requested method to get all coordinates' | 
01:31:18 | Info | '[COORDINATE SERVICE] - Requested method to get all coordinates' | 
01:31:18 | Info | '[COORDINATE SERVICE] - Requested method to get all coordinates' | 
01:31:18 | Info | '[COORDINATE CONTROLLER] - Requested method to create coordinate - Passing through the Coordinate Service' | 
01:31:18 | Info | '[COORDINATE SERVICE] - Requested method to create coordinates' | 
01:31:18 | Info | '[COORDINATE CONTROLLER] - Requested method to create coordinate - Passing through the Coordinate Service' | 
01:31:18 | Info | '[COORDINATE CONTROLLER] - Requested method to create coordinate - Passing through the Coordinate Service' | 
01:31:18 | Info | '[COORDINATE SERVICE] - Requested method to create coordinates' | 
01:31:18 | Info | '[COORDINATE SERVICE] - Requested method to create coordinates' | 
01:31:18 | Info | '[COORDINATE SERVICE] - Requested method to get all coordinates' | 
01:31:18 | Info | '[COORDINATE SERVICE] - Requested method to get all coordinates' | 
01:31:18 | Info | '[COORDINATE CONTROLLER] - Requested method to create coordinate - Passing through the Coordinate Service' | 
01:31:18 | Info | '[COORDINATE SERVICE] - Requested method to create coordinates' | 
01:31:18 | Info | '[COORDINATE SERVICE] - Requested method to create coordinates' | 
01:31:18 | Info | '[COORDINATE CONTROLLER] - Requested method to create coordinate - Passing through the Coordinate Service' | 
01:31:18 | Info | '[COORDINATE SERVICE] - Requested method to get all coordinates' | 
01:31:18 | Info | '[COORDINATE SERVICE] - Requested method to get all coordinates' | 
01:31:18 | Info | '[COORDINATE SERVICE] - Requested method to get all coordinates' | 
01:31:18 | Info | '[COORDINATE SERVICE] - Requested method to create coordinates' | 
01:31:18 | Info | '[COORDINATE CONTROLLER] - Requested method to create coordinate - Passing through the Coordinate Service' | 
01:31:18 | Info | '[COORDINATE CONTROLLER] - Requested method to create coordinate - Passing through the Coordinate Service' | 
01:31:18 | Info | '[COORDINATE SERVICE] - Requested method to create coordinates' | 
01:31:18 | Info | '[COORDINATE SERVICE] - Requested method to create coordinates' | 
01:31:18 | Info | '[COORDINATE CONTROLLER] - Requested method to create coordinate - Passing through the Coordinate Service' | 
01:31:18 | Info | '[COORDINATE SERVICE] - Requested method to get all coordinates' | 
01:31:18 | Info | '[COORDINATE SERVICE] - Requested method to get all coordinates' | 
01:31:18 | Info | '[COORDINATE SERVICE] - Requested method to get all coordinates' | 
01:31:18 | Info | '[COORDINATE SERVICE] - Requested method to create coordinates' | 
01:31:18 | Info | '[COORDINATE CONTROLLER] - Requested method to create coordinate - Passing through the Coordinate Service' | 
01:31:18 | Info | '[COORDINATE CONTROLLER] - Requested method to create coordinate - Passing through the Coordinate Service' | 
01:31:18 | Info | '[COORDINATE SERVICE] - Requested method to create coordinates' | 
01:31:18 | Info | '[COORDINATE SERVICE] - Requested method to get all coordinates' | 
01:31:18 | Info | '[COORDINATE CONTROLLER] - Requested method to create coordinate - Passing through the Coordinate Service' | 
01:31:18 | Info | '[COORDINATE SERVICE] - Requested method to get all coordinates' | 
01:31:18 | Info | '[COORDINATE SERVICE] - Requested method to create coordinates' | 
01:31:18 | Info | '[COORDINATE SERVICE] - Requested method to create coordinates' | 
01:31:18 | Info | '[COORDINATE CONTROLLER] - Requested method to create coordinate - Passing through the Coordinate Service' | 
01:31:18 | Info | '[COORDINATE SERVICE] - Requested method to create coordinates' | 
01:31:18 | Info | '[COORDINATE CONTROLLER] - Requested method to create coordinate - Passing through the Coordinate Service' | 
01:31:18 | Info | '[COORDINATE SERVICE] - Requested method to get all coordinates' | 
01:31:18 | Info | '[COORDINATE SERVICE] - Requested method to get all coordinates' | 
01:31:18 | Info | '[COORDINATE SERVICE] - Requested method to get all coordinates' | 
01:31:18 | Info | '[COORDINATE SERVICE] - Requested method to get all coordinates' | 
01:31:18 | Info | '[COORDINATE SERVICE] - Requested method to create coordinates' | 
01:31:18 | Info | '[COORDINATE CONTROLLER] - Requested method to create coordinate - Passing through the Coordinate Service' | 
01:31:18 | Info | '[COORDINATE SERVICE] - Requested method to create coordinates' | 
01:31:18 | Info | '[COORDINATE CONTROLLER] - Requested method to create coordinate - Passing through the Coordinate Service' | 
01:31:18 | Info | '[COORDINATE CONTROLLER] - Requested method to create coordinate - Passing through the Coordinate Service' | 
01:31:18 | Info | '[COORDINATE SERVICE] - Requested method to create coordinates' | 
01:31:18 | Info | '[COORDINATE SERVICE] - Requested method to get all coordinates' | 
01:31:18 | Info | '[COORDINATE SERVICE] - Requested method to get all coordinates' | 
01:31:18 | Info | '[COORDINATE CONTROLLER] - Requested method to create coordinate - Passing through the Coordinate Service' | 
01:31:18 | Info | '[COORDINATE SERVICE] - Requested method to create coordinates' | 
01:31:18 | Info | '[COORDINATE CONTROLLER] - Requested method to create coordinate - Passing through the Coordinate Service' | 
01:31:18 | Info | '[COORDINATE SERVICE] - Requested method to create coordinates' | 
01:31:18 | Info | '[COORDINATE SERVICE] - Requested method to get all coordinates' | 
01:31:18 | Info | '[COORDINATE SERVICE] - Requested method to create coordinates' | 
01:31:18 | Info | '[COORDINATE CONTROLLER] - Requested method to create coordinate - Passing through the Coordinate Service' | 
01:31:18 | Info | '[COORDINATE CONTROLLER] - Requested method to create coordinate - Passing through the Coordinate Service' | 
01:31:18 | Info | '[COORDINATE CONTROLLER] - Requested method to create coordinate - Passing through the Coordinate Service' | 
01:31:18 | Info | '[COORDINATE SERVICE] - Requested method to create coordinates' | 
01:31:18 | Info | '[COORDINATE CONTROLLER] - Requested method to create coordinate - Passing through the Coordinate Service' | 
01:31:18 | Info | '[COORDINATE SERVICE] - Requested method to create coordinates' | 
01:31:18 | Info | '[COORDINATE SERVICE] - Requested method to create coordinates' | 
01:31:18 | Info | '[COORDINATE SERVICE] - Requested method to get all coordinates' | 
01:31:18 | Info | '[COORDINATE SERVICE] - Requested method to get all coordinates' | 
01:31:18 | Info | '[COORDINATE SERVICE] - Requested method to get all coordinates' | 
01:31:18 | Info | '[COORDINATE CONTROLLER] - Requested method to create coordinate - Passing through the Coordinate Service' | 
01:31:18 | Info | '[COORDINATE SERVICE] - Requested method to create coordinates' | 
01:31:18 | Info | '[COORDINATE CONTROLLER] - Requested method to create coordinate - Passing through the Coordinate Service' | 
01:31:18 | Info | '[COORDINATE SERVICE] - Requested method to get all coordinates' | 
01:31:18 | Info | '[COORDINATE SERVICE] - Requested method to create coordinates' | 
01:31:18 | Info | '[COORDINATE SERVICE] - Requested method to get all coordinates' | 
01:31:18 | Info | '[COORDINATE SERVICE] - Requested method to get all coordinates' | 
01:31:18 | Info | '[COORDINATE CONTROLLER] - Requested method to create coordinate - Passing through the Coordinate Service' | 
01:31:18 | Info | '[COORDINATE SERVICE] - Requested method to get all coordinates' | 
01:31:18 | Info | '[COORDINATE CONTROLLER] - Requested method to create coordinate - Passing through the Coordinate Service' | 
01:31:18 | Info | '[COORDINATE SERVICE] - Requested method to create coordinates' | 
01:31:18 | Info | '[COORDINATE SERVICE] - Requested method to create coordinates' | 
01:31:18 | Info | '[COORDINATE SERVICE] - Requested method to get all coordinates' | 
01:31:18 | Info | '[COORDINATE CONTROLLER] - Requested method to create coordinate - Passing through the Coordinate Service' | 
01:31:18 | Info | '[COORDINATE SERVICE] - Requested method to create coordinates' | 
01:31:18 | Info | '[COORDINATE CONTROLLER] - Requested method to create coordinate - Passing through the Coordinate Service' | 
01:31:18 | Info | '[COORDINATE CONTROLLER] - Requested method to create coordinate - Passing through the Coordinate Service' | 
01:31:18 | Info | '[COORDINATE SERVICE] - Requested method to create coordinates' | 
01:31:18 | Info | '[COORDINATE SERVICE] - Requested method to get all coordinates' | 
01:31:18 | Info | '[COORDINATE SERVICE] - Requested method to create coordinates' | 
01:31:18 | Info | '[COORDINATE SERVICE] - Requested method to get all coordinates' | 
01:31:18 | Info | '[COORDINATE SERVICE] - Requested method to get all coordinates' | 
01:31:18 | Info | '[COORDINATE SERVICE] - Requested method to get all coordinates' | 
01:31:18 | Info | '[COORDINATE CONTROLLER] - Requested method to create coordinate - Passing through the Coordinate Service' | 
01:31:18 | Info | '[COORDINATE SERVICE] - Requested method to create coordinates' | 
01:31:18 | Info | '[COORDINATE SERVICE] - Requested method to get all coordinates' | 
01:31:18 | Info | '[COORDINATE CONTROLLER] - Requested method to create coordinate - Passing through the Coordinate Service' | 
01:31:18 | Info | '[COORDINATE SERVICE] - Requested method to create coordinates' | 
01:31:18 | Info | '[COORDINATE CONTROLLER] - Requested method to create coordinate - Passing through the Coordinate Service' | 
01:31:18 | Info | '[COORDINATE SERVICE] - Requested method to create coordinates' | 
01:31:18 | Info | '[COORDINATE CONTROLLER] - Requested method to create coordinate - Passing through the Coordinate Service' | 
01:31:18 | Info | '[COORDINATE SERVICE] - Requested method to create coordinates' | 
01:31:18 | Info | '[COORDINATE SERVICE] - Requested method to get all coordinates' | 
01:31:18 | Info | '[COORDINATE SERVICE] - Requested method to get all coordinates' | 
01:31:18 | Info | '[COORDINATE SERVICE] - Requested method to get all coordinates' | 
01:31:18 | Info | '[COORDINATE CONTROLLER] - Requested method to create coordinate - Passing through the Coordinate Service' | 
01:31:18 | Info | '[COORDINATE SERVICE] - Requested method to create coordinates' | 
01:31:18 | Info | '[COORDINATE SERVICE] - Requested method to get all coordinates' | 
01:31:18 | Info | '[COORDINATE CONTROLLER] - Requested method to create coordinate - Passing through the Coordinate Service' | 
01:31:18 | Info | '[COORDINATE CONTROLLER] - Requested method to create coordinate - Passing through the Coordinate Service' | 
01:31:18 | Info | '[COORDINATE SERVICE] - Requested method to create coordinates' | 
01:31:18 | Info | '[COORDINATE CONTROLLER] - Requested method to create coordinate - Passing through the Coordinate Service' | 
01:31:18 | Info | '[COORDINATE SERVICE] - Requested method to create coordinates' | 
01:31:18 | Info | '[COORDINATE SERVICE] - Requested method to create coordinates' | 
01:31:18 | Info | '[COORDINATE CONTROLLER] - Requested method to create coordinate - Passing through the Coordinate Service' | 
01:31:18 | Info | '[COORDINATE SERVICE] - Requested method to get all coordinates' | 
01:31:18 | Info | '[COORDINATE SERVICE] - Requested method to create coordinates' | 
01:31:18 | Info | '[COORDINATE SERVICE] - Requested method to get all coordinates' | 
01:31:18 | Info | '[COORDINATE SERVICE] - Requested method to get all coordinates' | 
01:31:18 | Info | '[COORDINATE SERVICE] - Requested method to get all coordinates' | 
01:31:18 | Info | '[COORDINATE SERVICE] - Requested method to get all coordinates' | 
01:31:18 | Info | '[COORDINATE CONTROLLER] - Requested method to create coordinate - Passing through the Coordinate Service' | 
01:31:18 | Info | '[COORDINATE SERVICE] - Requested method to create coordinates' | 
01:31:18 | Info | '[COORDINATE CONTROLLER] - Requested method to create coordinate - Passing through the Coordinate Service' | 
01:31:18 | Info | '[COORDINATE CONTROLLER] - Requested method to create coordinate - Passing through the Coordinate Service' | 
01:31:18 | Info | '[COORDINATE SERVICE] - Requested method to create coordinates' | 
01:31:18 | Info | '[COORDINATE CONTROLLER] - Requested method to create coordinate - Passing through the Coordinate Service' | 
01:31:18 | Info | '[COORDINATE SERVICE] - Requested method to create coordinates' | 
01:31:18 | Info | '[COORDINATE SERVICE] - Requested method to create coordinates' | 
01:31:18 | Info | '[COORDINATE SERVICE] - Requested method to get all coordinates' | 
01:31:18 | Info | '[COORDINATE SERVICE] - Requested method to get all coordinates' | 
01:31:18 | Info | '[COORDINATE SERVICE] - Requested method to create coordinates' | 
01:31:18 | Info | '[COORDINATE CONTROLLER] - Requested method to create coordinate - Passing through the Coordinate Service' | 
01:31:18 | Info | '[COORDINATE SERVICE] - Requested method to get all coordinates' | 
01:31:18 | Info | '[COORDINATE SERVICE] - Requested method to create coordinates' | 
01:31:18 | Info | '[COORDINATE CONTROLLER] - Requested method to create coordinate - Passing through the Coordinate Service' | 
01:31:18 | Info | '[COORDINATE CONTROLLER] - Requested method to create coordinate - Passing through the Coordinate Service' | 
01:31:18 | Info | '[COORDINATE SERVICE] - Requested method to create coordinates' | 
01:31:18 | Info | '[COORDINATE SERVICE] - Requested method to create coordinates' | 
01:31:18 | Info | '[COORDINATE CONTROLLER] - Requested method to create coordinate - Passing through the Coordinate Service' | 
01:31:18 | Info | '[COORDINATE SERVICE] - Requested method to get all coordinates' | 
01:31:18 | Info | '[COORDINATE SERVICE] - Requested method to get all coordinates' | 
01:31:18 | Info | '[COORDINATE SERVICE] - Requested method to get all coordinates' | 
01:31:18 | Info | '[COORDINATE CONTROLLER] - Requested method to create coordinate - Passing through the Coordinate Service' | 
01:31:18 | Info | '[COORDINATE SERVICE] - Requested method to create coordinates' | 
01:31:18 | Info | '[COORDINATE SERVICE] - Requested method to get all coordinates' | 
01:31:18 | Info | '[COORDINATE SERVICE] - Requested method to get all coordinates' | 
01:31:18 | Info | '[COORDINATE SERVICE] - Requested method to create coordinates' | 
01:31:18 | Info | '[COORDINATE CONTROLLER] - Requested method to create coordinate - Passing through the Coordinate Service' | 
01:31:18 | Info | '[COORDINATE SERVICE] - Requested method to get all coordinates' | 
01:31:18 | Info | '[COORDINATE SERVICE] - Requested method to create coordinates' | 
01:31:18 | Info | '[COORDINATE CONTROLLER] - Requested method to create coordinate - Passing through the Coordinate Service' | 
01:31:18 | Info | '[COORDINATE SERVICE] - Requested method to create coordinates' | 
01:31:18 | Info | '[COORDINATE SERVICE] - Requested method to create coordinates' | 
01:31:18 | Info | '[COORDINATE CONTROLLER] - Requested method to create coordinate - Passing through the Coordinate Service' | 
01:31:18 | Info | '[COORDINATE CONTROLLER] - Requested method to create coordinate - Passing through the Coordinate Service' | 
01:31:18 | Info | '[COORDINATE CONTROLLER] - Requested method to create coordinate - Passing through the Coordinate Service' | 
01:31:18 | Info | '[COORDINATE CONTROLLER] - Requested method to create coordinate - Passing through the Coordinate Service' | 
01:31:18 | Info | '[COORDINATE SERVICE] - Requested method to create coordinates' | 
01:31:18 | Info | '[COORDINATE SERVICE] - Requested method to create coordinates' | 
01:31:18 | Info | '[COORDINATE SERVICE] - Requested method to get all coordinates' | 
01:31:18 | Info | '[COORDINATE SERVICE] - Requested method to get all coordinates' | 
01:31:18 | Info | '[COORDINATE SERVICE] - Requested method to get all coordinates' | 
01:31:18 | Info | '[COORDINATE SERVICE] - Requested method to get all coordinates' | 
01:31:18 | Info | '[COORDINATE CONTROLLER] - Requested method to create coordinate - Passing through the Coordinate Service' | 
01:31:18 | Info | '[COORDINATE SERVICE] - Requested method to create coordinates' | 
01:31:18 | Info | '[COORDINATE CONTROLLER] - Requested method to create coordinate - Passing through the Coordinate Service' | 
01:31:18 | Info | '[COORDINATE SERVICE] - Requested method to get all coordinates' | 
01:31:18 | Info | '[COORDINATE SERVICE] - Requested method to create coordinates' | 
01:31:18 | Info | '[COORDINATE SERVICE] - Requested method to create coordinates' | 
01:31:18 | Info | '[COORDINATE SERVICE] - Requested method to get all coordinates' | 
01:31:18 | Info | '[COORDINATE CONTROLLER] - Requested method to create coordinate - Passing through the Coordinate Service' | 
01:31:18 | Info | '[COORDINATE SERVICE] - Requested method to get all coordinates' | 
01:31:18 | Info | '[COORDINATE SERVICE] - Requested method to get all coordinates' | 
01:31:18 | Info | '[COORDINATE SERVICE] - Requested method to create coordinates' | 
01:31:18 | Info | '[COORDINATE CONTROLLER] - Requested method to create coordinate - Passing through the Coordinate Service' | 
01:31:18 | Info | '[COORDINATE CONTROLLER] - Requested method to create coordinate - Passing through the Coordinate Service' | 
01:31:18 | Info | '[COORDINATE CONTROLLER] - Requested method to create coordinate - Passing through the Coordinate Service' | 
01:31:18 | Info | '[COORDINATE SERVICE] - Requested method to create coordinates' | 
01:31:18 | Info | '[COORDINATE CONTROLLER] - Requested method to create coordinate - Passing through the Coordinate Service' | 
01:31:18 | Info | '[COORDINATE SERVICE] - Requested method to create coordinates' | 
01:31:18 | Info | '[COORDINATE SERVICE] - Requested method to create coordinates' | 
01:31:18 | Info | '[COORDINATE SERVICE] - Requested method to get all coordinates' | 
01:31:18 | Info | '[COORDINATE CONTROLLER] - Requested method to create coordinate - Passing through the Coordinate Service' | 
01:31:18 | Info | '[COORDINATE SERVICE] - Requested method to create coordinates' | 
01:31:18 | Info | '[COORDINATE SERVICE] - Requested method to get all coordinates' | 
01:31:18 | Info | '[COORDINATE CONTROLLER] - Requested method to create coordinate - Passing through the Coordinate Service' | 
01:31:18 | Info | '[COORDINATE SERVICE] - Requested method to get all coordinates' | 
01:31:18 | Info | '[COORDINATE SERVICE] - Requested method to create coordinates' | 
01:31:18 | Info | '[COORDINATE SERVICE] - Requested method to get all coordinates' | 
01:31:18 | Info | '[COORDINATE SERVICE] - Requested method to get all coordinates' | 
01:31:18 | Info | '[COORDINATE SERVICE] - Requested method to get all coordinates' | 
01:31:18 | Info | '[COORDINATE CONTROLLER] - Requested method to create coordinate - Passing through the Coordinate Service' | 
01:31:18 | Info | '[COORDINATE SERVICE] - Requested method to create coordinates' | 
01:31:18 | Info | '[COORDINATE SERVICE] - Requested method to create coordinates' | 
01:31:18 | Info | '[COORDINATE CONTROLLER] - Requested method to create coordinate - Passing through the Coordinate Service' | 
01:31:18 | Info | '[COORDINATE SERVICE] - Requested method to get all coordinates' | 
01:31:18 | Info | '[COORDINATE CONTROLLER] - Requested method to create coordinate - Passing through the Coordinate Service' | 
01:31:18 | Info | '[COORDINATE SERVICE] - Requested method to create coordinates' | 
01:31:18 | Info | '[COORDINATE SERVICE] - Requested method to get all coordinates' | 
01:31:18 | Info | '[COORDINATE SERVICE] - Requested method to create coordinates' | 
01:31:18 | Info | '[COORDINATE CONTROLLER] - Requested method to create coordinate - Passing through the Coordinate Service' | 
01:31:18 | Info | '[COORDINATE SERVICE] - Requested method to create coordinates' | 
01:31:18 | Info | '[COORDINATE SERVICE] - Requested method to get all coordinates' | 
01:31:18 | Info | '[COORDINATE CONTROLLER] - Requested method to create coordinate - Passing through the Coordinate Service' | 
01:31:18 | Info | '[COORDINATE SERVICE] - Requested method to get all coordinates' | 
01:31:18 | Info | '[COORDINATE SERVICE] - Requested method to get all coordinates' | 
01:31:18 | Info | '[COORDINATE CONTROLLER] - Requested method to create coordinate - Passing through the Coordinate Service' | 
01:31:18 | Info | '[COORDINATE SERVICE] - Requested method to create coordinates' | 
01:31:18 | Info | '[COORDINATE SERVICE] - Requested method to get all coordinates' | 
01:31:18 | Info | '[COORDINATE CONTROLLER] - Requested method to create coordinate - Passing through the Coordinate Service' | 
01:31:18 | Info | '[COORDINATE CONTROLLER] - Requested method to create coordinate - Passing through the Coordinate Service' | 
01:31:18 | Info | '[COORDINATE SERVICE] - Requested method to create coordinates' | 
01:31:18 | Info | '[COORDINATE SERVICE] - Requested method to create coordinates' | 
01:31:18 | Info | '[COORDINATE CONTROLLER] - Requested method to create coordinate - Passing through the Coordinate Service' | 
01:31:18 | Info | '[COORDINATE SERVICE] - Requested method to create coordinates' | 
01:31:18 | Info | '[COORDINATE CONTROLLER] - Requested method to create coordinate - Passing through the Coordinate Service' | 
01:31:18 | Info | '[COORDINATE SERVICE] - Requested method to create coordinates' | 
01:31:18 | Info | '[COORDINATE CONTROLLER] - Requested method to create coordinate - Passing through the Coordinate Service' | 
01:31:18 | Info | '[COORDINATE SERVICE] - Requested method to create coordinates' | 
01:31:18 | Info | '[COORDINATE SERVICE] - Requested method to get all coordinates' | 
01:31:18 | Info | '[COORDINATE SERVICE] - Requested method to get all coordinates' | 
01:31:18 | Info | '[COORDINATE CONTROLLER] - Requested method to create coordinate - Passing through the Coordinate Service' | 
01:31:18 | Info | '[COORDINATE SERVICE] - Requested method to get all coordinates' | 
01:31:18 | Info | '[COORDINATE CONTROLLER] - Requested method to create coordinate - Passing through the Coordinate Service' | 
01:31:18 | Info | '[COORDINATE SERVICE] - Requested method to get all coordinates' | 
01:31:18 | Info | '[COORDINATE SERVICE] - Requested method to create coordinates' | 
01:31:18 | Info | '[COORDINATE SERVICE] - Requested method to create coordinates' | 
01:31:18 | Info | '[COORDINATE SERVICE] - Requested method to get all coordinates' | 
01:31:18 | Info | '[COORDINATE SERVICE] - Requested method to get all coordinates' | 
01:31:18 | Info | '[COORDINATE SERVICE] - Requested method to get all coordinates' | 
01:31:18 | Info | '[COORDINATE SERVICE] - Requested method to create coordinates' | 
01:31:18 | Info | '[COORDINATE CONTROLLER] - Requested method to create coordinate - Passing through the Coordinate Service' | 
01:31:18 | Info | '[COORDINATE SERVICE] - Requested method to get all coordinates' | 
01:31:18 | Info | '[COORDINATE CONTROLLER] - Requested method to create coordinate - Passing through the Coordinate Service' | 
01:31:18 | Info | '[COORDINATE SERVICE] - Requested method to create coordinates' | 
01:31:18 | Info | '[COORDINATE CONTROLLER] - Requested method to create coordinate - Passing through the Coordinate Service' | 
01:31:18 | Info | '[COORDINATE SERVICE] - Requested method to create coordinates' | 
01:31:18 | Info | '[COORDINATE CONTROLLER] - Requested method to create coordinate - Passing through the Coordinate Service' | 
01:31:18 | Info | '[COORDINATE CONTROLLER] - Requested method to create coordinate - Passing through the Coordinate Service' | 
01:31:18 | Info | '[COORDINATE SERVICE] - Requested method to create coordinates' | 
01:31:19 | Info | '[COORDINATE SERVICE] - Requested method to get all coordinates' | 
01:31:18 | Info | '[COORDINATE SERVICE] - Requested method to create coordinates' | 
01:31:19 | Info | '[COORDINATE SERVICE] - Requested method to get all coordinates' | 
01:31:19 | Info | '[COORDINATE SERVICE] - Requested method to get all coordinates' | 
01:31:19 | Info | '[COORDINATE SERVICE] - Requested method to get all coordinates' | 
01:31:19 | Info | '[COORDINATE SERVICE] - Requested method to get all coordinates' | 
01:31:19 | Info | '[COORDINATE CONTROLLER] - Requested method to create coordinate - Passing through the Coordinate Service' | 
01:31:19 | Info | '[COORDINATE SERVICE] - Requested method to create coordinates' | 
01:31:19 | Info | '[COORDINATE CONTROLLER] - Requested method to create coordinate - Passing through the Coordinate Service' | 
01:31:19 | Info | '[COORDINATE CONTROLLER] - Requested method to create coordinate - Passing through the Coordinate Service' | 
01:31:19 | Info | '[COORDINATE SERVICE] - Requested method to create coordinates' | 
01:31:19 | Info | '[COORDINATE CONTROLLER] - Requested method to create coordinate - Passing through the Coordinate Service' | 
01:31:19 | Info | '[COORDINATE SERVICE] - Requested method to create coordinates' | 
01:31:19 | Info | '[COORDINATE SERVICE] - Requested method to create coordinates' | 
01:31:19 | Info | '[COORDINATE SERVICE] - Requested method to get all coordinates' | 
01:31:19 | Info | '[COORDINATE SERVICE] - Requested method to get all coordinates' | 
01:31:19 | Info | '[COORDINATE SERVICE] - Requested method to create coordinates' | 
01:31:19 | Info | '[COORDINATE SERVICE] - Requested method to get all coordinates' | 
01:31:19 | Info | '[COORDINATE CONTROLLER] - Requested method to create coordinate - Passing through the Coordinate Service' | 
01:31:19 | Info | '[COORDINATE SERVICE] - Requested method to create coordinates' | 
01:31:19 | Info | '[COORDINATE CONTROLLER] - Requested method to create coordinate - Passing through the Coordinate Service' | 
01:31:19 | Info | '[COORDINATE CONTROLLER] - Requested method to create coordinate - Passing through the Coordinate Service' | 
01:31:19 | Info | '[COORDINATE CONTROLLER] - Requested method to create coordinate - Passing through the Coordinate Service' | 
01:31:19 | Info | '[COORDINATE SERVICE] - Requested method to create coordinates' | 
01:31:19 | Info | '[COORDINATE SERVICE] - Requested method to get all coordinates' | 
01:31:19 | Info | '[COORDINATE SERVICE] - Requested method to create coordinates' | 
01:31:19 | Info | '[COORDINATE SERVICE] - Requested method to get all coordinates' | 
01:31:19 | Info | '[COORDINATE CONTROLLER] - Requested method to create coordinate - Passing through the Coordinate Service' | 
01:31:19 | Info | '[COORDINATE SERVICE] - Requested method to get all coordinates' | 
01:31:19 | Info | '[COORDINATE SERVICE] - Requested method to create coordinates' | 
01:31:19 | Info | '[COORDINATE SERVICE] - Requested method to get all coordinates' | 
01:31:19 | Info | '[COORDINATE SERVICE] - Requested method to get all coordinates' | 
01:31:19 | Info | '[COORDINATE CONTROLLER] - Requested method to create coordinate - Passing through the Coordinate Service' | 
01:31:19 | Info | '[COORDINATE SERVICE] - Requested method to get all coordinates' | 
01:31:19 | Info | '[COORDINATE SERVICE] - Requested method to create coordinates' | 
01:31:19 | Info | '[COORDINATE CONTROLLER] - Requested method to create coordinate - Passing through the Coordinate Service' | 
01:31:19 | Info | '[COORDINATE SERVICE] - Requested method to create coordinates' | 
01:31:19 | Info | '[COORDINATE SERVICE] - Requested method to create coordinates' | 
01:31:19 | Info | '[COORDINATE CONTROLLER] - Requested method to create coordinate - Passing through the Coordinate Service' | 
01:31:19 | Info | '[COORDINATE CONTROLLER] - Requested method to create coordinate - Passing through the Coordinate Service' | 
01:31:19 | Info | '[COORDINATE SERVICE] - Requested method to create coordinates' | 
01:31:19 | Info | '[COORDINATE CONTROLLER] - Requested method to create coordinate - Passing through the Coordinate Service' | 
01:31:19 | Info | '[COORDINATE SERVICE] - Requested method to create coordinates' | 
01:31:19 | Info | '[COORDINATE CONTROLLER] - Requested method to create coordinate - Passing through the Coordinate Service' | 
01:31:19 | Info | '[COORDINATE CONTROLLER] - Requested method to create coordinate - Passing through the Coordinate Service' | 
01:31:19 | Info | '[COORDINATE SERVICE] - Requested method to create coordinates' | 
01:31:19 | Info | '[COORDINATE SERVICE] - Requested method to create coordinates' | 
01:31:19 | Info | '[COORDINATE SERVICE] - Requested method to get all coordinates' | 
01:31:19 | Info | '[COORDINATE SERVICE] - Requested method to get all coordinates' | 
01:31:19 | Info | '[COORDINATE SERVICE] - Requested method to get all coordinates' | 
01:31:19 | Info | '[COORDINATE SERVICE] - Requested method to get all coordinates' | 
01:31:19 | Info | '[COORDINATE CONTROLLER] - Requested method to create coordinate - Passing through the Coordinate Service' | 
01:31:19 | Info | '[COORDINATE SERVICE] - Requested method to get all coordinates' | 
01:31:19 | Info | '[COORDINATE SERVICE] - Requested method to get all coordinates' | 
01:31:19 | Info | '[COORDINATE SERVICE] - Requested method to create coordinates' | 
01:31:19 | Info | '[COORDINATE SERVICE] - Requested method to get all coordinates' | 
01:31:19 | Info | '[COORDINATE CONTROLLER] - Requested method to create coordinate - Passing through the Coordinate Service' | 
01:31:19 | Info | '[COORDINATE SERVICE] - Requested method to create coordinates' | 
01:31:19 | Info | '[COORDINATE CONTROLLER] - Requested method to create coordinate - Passing through the Coordinate Service' | 
01:31:19 | Info | '[COORDINATE SERVICE] - Requested method to create coordinates' | 
01:31:19 | Info | '[COORDINATE SERVICE] - Requested method to get all coordinates' | 
01:31:19 | Info | '[COORDINATE CONTROLLER] - Requested method to create coordinate - Passing through the Coordinate Service' | 
01:31:19 | Info | '[COORDINATE SERVICE] - Requested method to create coordinates' | 
01:31:19 | Info | '[COORDINATE SERVICE] - Requested method to get all coordinates' | 
01:31:19 | Info | '[COORDINATE CONTROLLER] - Requested method to create coordinate - Passing through the Coordinate Service' | 
01:31:19 | Info | '[COORDINATE CONTROLLER] - Requested method to create coordinate - Passing through the Coordinate Service' | 
01:31:19 | Info | '[COORDINATE SERVICE] - Requested method to create coordinates' | 
01:31:19 | Info | '[COORDINATE SERVICE] - Requested method to create coordinates' | 
01:31:19 | Info | '[COORDINATE SERVICE] - Requested method to get all coordinates' | 
01:31:19 | Info | '[COORDINATE SERVICE] - Requested method to create coordinates' | 
01:31:19 | Info | '[COORDINATE CONTROLLER] - Requested method to create coordinate - Passing through the Coordinate Service' | 
01:31:19 | Info | '[COORDINATE SERVICE] - Requested method to get all coordinates' | 
01:31:19 | Info | '[COORDINATE SERVICE] - Requested method to get all coordinates' | 
01:31:19 | Info | '[COORDINATE SERVICE] - Requested method to get all coordinates' | 
01:31:19 | Info | '[COORDINATE SERVICE] - Requested method to get all coordinates' | 
01:31:19 | Info | '[COORDINATE CONTROLLER] - Requested method to create coordinate - Passing through the Coordinate Service' | 
01:31:19 | Info | '[COORDINATE SERVICE] - Requested method to create coordinates' | 
01:31:19 | Info | '[COORDINATE SERVICE] - Requested method to create coordinates' | 
01:31:19 | Info | '[COORDINATE CONTROLLER] - Requested method to create coordinate - Passing through the Coordinate Service' | 
01:31:19 | Info | '[COORDINATE SERVICE] - Requested method to get all coordinates' | 
01:31:19 | Info | '[COORDINATE SERVICE] - Requested method to create coordinates' | 
01:31:19 | Info | '[COORDINATE CONTROLLER] - Requested method to create coordinate - Passing through the Coordinate Service' | 
01:31:19 | Info | '[COORDINATE SERVICE] - Requested method to create coordinates' | 
01:31:19 | Info | '[COORDINATE CONTROLLER] - Requested method to create coordinate - Passing through the Coordinate Service' | 
01:31:19 | Info | '[COORDINATE SERVICE] - Requested method to create coordinates' | 
01:31:19 | Info | '[COORDINATE CONTROLLER] - Requested method to create coordinate - Passing through the Coordinate Service' | 
01:31:19 | Info | '[COORDINATE CONTROLLER] - Requested method to create coordinate - Passing through the Coordinate Service' | 
01:31:19 | Info | '[COORDINATE SERVICE] - Requested method to create coordinates' | 
01:31:19 | Info | '[COORDINATE SERVICE] - Requested method to get all coordinates' | 
01:31:19 | Info | '[COORDINATE SERVICE] - Requested method to get all coordinates' | 
01:31:19 | Info | '[COORDINATE SERVICE] - Requested method to get all coordinates' | 
01:31:19 | Info | '[COORDINATE SERVICE] - Requested method to create coordinates' | 
01:31:19 | Info | '[COORDINATE SERVICE] - Requested method to get all coordinates' | 
01:31:19 | Info | '[COORDINATE CONTROLLER] - Requested method to create coordinate - Passing through the Coordinate Service' | 
01:31:19 | Info | '[COORDINATE CONTROLLER] - Requested method to create coordinate - Passing through the Coordinate Service' | 
01:31:19 | Info | '[COORDINATE SERVICE] - Requested method to create coordinates' | 
01:31:19 | Info | '[COORDINATE SERVICE] - Requested method to create coordinates' | 
01:31:19 | Info | '[COORDINATE CONTROLLER] - Requested method to create coordinate - Passing through the Coordinate Service' | 
01:31:19 | Info | '[COORDINATE SERVICE] - Requested method to get all coordinates' | 
01:31:19 | Info | '[COORDINATE CONTROLLER] - Requested method to create coordinate - Passing through the Coordinate Service' | 
01:31:19 | Info | '[COORDINATE SERVICE] - Requested method to get all coordinates' | 
01:31:19 | Info | '[COORDINATE SERVICE] - Requested method to create coordinates' | 
01:31:19 | Info | '[COORDINATE SERVICE] - Requested method to get all coordinates' | 
01:31:19 | Info | '[COORDINATE SERVICE] - Requested method to get all coordinates' | 
01:31:19 | Info | '[COORDINATE CONTROLLER] - Requested method to create coordinate - Passing through the Coordinate Service' | 
01:31:19 | Info | '[COORDINATE SERVICE] - Requested method to create coordinates' | 
01:31:19 | Info | '[COORDINATE CONTROLLER] - Requested method to create coordinate - Passing through the Coordinate Service' | 
01:31:19 | Info | '[COORDINATE CONTROLLER] - Requested method to create coordinate - Passing through the Coordinate Service' | 
01:31:19 | Info | '[COORDINATE CONTROLLER] - Requested method to create coordinate - Passing through the Coordinate Service' | 
01:31:19 | Info | '[COORDINATE SERVICE] - Requested method to create coordinates' | 
01:31:19 | Info | '[COORDINATE SERVICE] - Requested method to create coordinates' | 
01:31:19 | Info | '[COORDINATE SERVICE] - Requested method to create coordinates' | 
01:31:19 | Info | '[COORDINATE SERVICE] - Requested method to get all coordinates' | 
01:31:19 | Info | '[COORDINATE SERVICE] - Requested method to get all coordinates' | 
01:31:19 | Info | '[COORDINATE SERVICE] - Requested method to create coordinates' | 
01:31:19 | Info | '[COORDINATE SERVICE] - Requested method to get all coordinates' | 
01:31:19 | Info | '[COORDINATE CONTROLLER] - Requested method to create coordinate - Passing through the Coordinate Service' | 
01:31:19 | Info | '[COORDINATE SERVICE] - Requested method to create coordinates' | 
01:31:19 | Info | '[COORDINATE CONTROLLER] - Requested method to create coordinate - Passing through the Coordinate Service' | 
01:31:19 | Info | '[COORDINATE SERVICE] - Requested method to get all coordinates' | 
01:31:19 | Info | '[COORDINATE SERVICE] - Requested method to get all coordinates' | 
01:31:19 | Info | '[COORDINATE SERVICE] - Requested method to get all coordinates' | 
01:31:19 | Info | '[COORDINATE CONTROLLER] - Requested method to create coordinate - Passing through the Coordinate Service' | 
01:31:19 | Info | '[COORDINATE SERVICE] - Requested method to create coordinates' | 
01:31:19 | Info | '[COORDINATE CONTROLLER] - Requested method to create coordinate - Passing through the Coordinate Service' | 
01:31:19 | Info | '[COORDINATE SERVICE] - Requested method to create coordinates' | 
01:31:19 | Info | '[COORDINATE SERVICE] - Requested method to get all coordinates' | 
01:31:19 | Info | '[COORDINATE SERVICE] - Requested method to get all coordinates' | 
01:31:19 | Info | '[COORDINATE CONTROLLER] - Requested method to create coordinate - Passing through the Coordinate Service' | 
01:31:19 | Info | '[COORDINATE CONTROLLER] - Requested method to create coordinate - Passing through the Coordinate Service' | 
01:31:19 | Info | '[COORDINATE SERVICE] - Requested method to create coordinates' | 
01:31:19 | Info | '[COORDINATE SERVICE] - Requested method to create coordinates' | 
01:31:19 | Info | '[COORDINATE CONTROLLER] - Requested method to create coordinate - Passing through the Coordinate Service' | 
01:31:19 | Info | '[COORDINATE SERVICE] - Requested method to create coordinates' | 
01:31:19 | Info | '[COORDINATE SERVICE] - Requested method to get all coordinates' | 
01:31:19 | Info | '[COORDINATE CONTROLLER] - Requested method to create coordinate - Passing through the Coordinate Service' | 
01:31:19 | Info | '[COORDINATE SERVICE] - Requested method to get all coordinates' | 
01:31:19 | Info | '[COORDINATE SERVICE] - Requested method to create coordinates' | 
01:31:19 | Info | '[COORDINATE CONTROLLER] - Requested method to create coordinate - Passing through the Coordinate Service' | 
01:31:19 | Info | '[COORDINATE SERVICE] - Requested method to create coordinates' | 
01:31:19 | Info | '[COORDINATE SERVICE] - Requested method to create coordinates' | 
01:31:19 | Info | '[COORDINATE CONTROLLER] - Requested method to create coordinate - Passing through the Coordinate Service' | 
01:31:19 | Info | '[COORDINATE SERVICE] - Requested method to get all coordinates' | 
01:31:19 | Info | '[COORDINATE SERVICE] - Requested method to get all coordinates' | 
01:31:19 | Info | '[COORDINATE SERVICE] - Requested method to get all coordinates' | 
01:31:19 | Info | '[COORDINATE SERVICE] - Requested method to get all coordinates' | 
01:31:19 | Info | '[COORDINATE SERVICE] - Requested method to create coordinates' | 
01:31:19 | Info | '[COORDINATE CONTROLLER] - Requested method to create coordinate - Passing through the Coordinate Service' | 
01:31:19 | Info | '[COORDINATE SERVICE] - Requested method to create coordinates' | 
01:31:19 | Info | '[COORDINATE CONTROLLER] - Requested method to create coordinate - Passing through the Coordinate Service' | 
01:31:19 | Info | '[COORDINATE SERVICE] - Requested method to get all coordinates' | 
01:31:19 | Info | '[COORDINATE SERVICE] - Requested method to get all coordinates' | 
01:31:19 | Info | '[COORDINATE CONTROLLER] - Requested method to create coordinate - Passing through the Coordinate Service' | 
01:31:19 | Info | '[COORDINATE SERVICE] - Requested method to create coordinates' | 
01:31:19 | Info | '[COORDINATE CONTROLLER] - Requested method to create coordinate - Passing through the Coordinate Service' | 
01:31:19 | Info | '[COORDINATE SERVICE] - Requested method to create coordinates' | 
01:31:19 | Info | '[COORDINATE CONTROLLER] - Requested method to create coordinate - Passing through the Coordinate Service' | 
01:31:19 | Info | '[COORDINATE SERVICE] - Requested method to create coordinates' | 
01:31:19 | Info | '[COORDINATE SERVICE] - Requested method to get all coordinates' | 
01:31:19 | Info | '[COORDINATE SERVICE] - Requested method to get all coordinates' | 
01:31:19 | Info | '[COORDINATE CONTROLLER] - Requested method to create coordinate - Passing through the Coordinate Service' | 
01:31:19 | Info | '[COORDINATE CONTROLLER] - Requested method to create coordinate - Passing through the Coordinate Service' | 
01:31:19 | Info | '[COORDINATE SERVICE] - Requested method to create coordinates' | 
01:31:19 | Info | '[COORDINATE SERVICE] - Requested method to create coordinates' | 
01:31:19 | Info | '[COORDINATE SERVICE] - Requested method to create coordinates' | 
01:31:19 | Info | '[COORDINATE CONTROLLER] - Requested method to create coordinate - Passing through the Coordinate Service' | 
01:31:19 | Info | '[COORDINATE SERVICE] - Requested method to get all coordinates' | 
01:31:19 | Info | '[COORDINATE SERVICE] - Requested method to get all coordinates' | 
01:31:19 | Info | '[COORDINATE SERVICE] - Requested method to get all coordinates' | 
01:31:19 | Info | '[COORDINATE SERVICE] - Requested method to get all coordinates' | 
01:31:19 | Info | '[COORDINATE CONTROLLER] - Requested method to create coordinate - Passing through the Coordinate Service' | 
01:31:19 | Info | '[COORDINATE SERVICE] - Requested method to create coordinates' | 
01:31:19 | Info | '[COORDINATE CONTROLLER] - Requested method to create coordinate - Passing through the Coordinate Service' | 
01:31:19 | Info | '[COORDINATE SERVICE] - Requested method to create coordinates' | 
01:31:19 | Info | '[COORDINATE SERVICE] - Requested method to get all coordinates' | 
01:31:19 | Info | '[COORDINATE SERVICE] - Requested method to get all coordinates' | 
01:31:19 | Info | '[COORDINATE CONTROLLER] - Requested method to create coordinate - Passing through the Coordinate Service' | 
01:31:19 | Info | '[COORDINATE SERVICE] - Requested method to create coordinates' | 
01:31:19 | Info | '[COORDINATE CONTROLLER] - Requested method to create coordinate - Passing through the Coordinate Service' | 
01:31:19 | Info | '[COORDINATE SERVICE] - Requested method to create coordinates' | 
01:31:19 | Info | '[COORDINATE SERVICE] - Requested method to get all coordinates' | 
01:31:19 | Info | '[COORDINATE CONTROLLER] - Requested method to create coordinate - Passing through the Coordinate Service' | 
01:31:19 | Info | '[COORDINATE SERVICE] - Requested method to create coordinates' | 
01:31:19 | Info | '[COORDINATE CONTROLLER] - Requested method to create coordinate - Passing through the Coordinate Service' | 
01:31:19 | Info | '[COORDINATE SERVICE] - Requested method to create coordinates' | 
01:31:19 | Info | '[COORDINATE CONTROLLER] - Requested method to create coordinate - Passing through the Coordinate Service' | 
01:31:19 | Info | '[COORDINATE SERVICE] - Requested method to create coordinates' | 
01:31:19 | Info | '[COORDINATE CONTROLLER] - Requested method to create coordinate - Passing through the Coordinate Service' | 
01:31:19 | Info | '[COORDINATE SERVICE] - Requested method to create coordinates' | 
01:31:19 | Info | '[COORDINATE SERVICE] - Requested method to get all coordinates' | 
01:31:19 | Info | '[COORDINATE SERVICE] - Requested method to get all coordinates' | 
01:31:19 | Info | '[COORDINATE SERVICE] - Requested method to get all coordinates' | 
01:31:19 | Info | '[COORDINATE CONTROLLER] - Requested method to create coordinate - Passing through the Coordinate Service' | 
01:31:19 | Info | '[COORDINATE SERVICE] - Requested method to create coordinates' | 
01:31:19 | Info | '[COORDINATE CONTROLLER] - Requested method to create coordinate - Passing through the Coordinate Service' | 
01:31:19 | Info | '[COORDINATE SERVICE] - Requested method to create coordinates' | 
01:31:19 | Info | '[COORDINATE SERVICE] - Requested method to get all coordinates' | 
01:31:19 | Info | '[COORDINATE SERVICE] - Requested method to get all coordinates' | 
01:31:19 | Info | '[COORDINATE SERVICE] - Requested method to get all coordinates' | 
01:31:19 | Info | '[COORDINATE SERVICE] - Requested method to get all coordinates' | 
01:31:19 | Info | '[COORDINATE CONTROLLER] - Requested method to create coordinate - Passing through the Coordinate Service' | 
01:31:19 | Info | '[COORDINATE SERVICE] - Requested method to create coordinates' | 
01:31:19 | Info | '[COORDINATE CONTROLLER] - Requested method to create coordinate - Passing through the Coordinate Service' | 
01:31:19 | Info | '[COORDINATE SERVICE] - Requested method to create coordinates' | 
01:31:19 | Info | '[COORDINATE CONTROLLER] - Requested method to create coordinate - Passing through the Coordinate Service' | 
01:31:19 | Info | '[COORDINATE SERVICE] - Requested method to create coordinates' | 
01:31:19 | Info | '[COORDINATE SERVICE] - Requested method to get all coordinates' | 
01:31:19 | Info | '[COORDINATE SERVICE] - Requested method to get all coordinates' | 
01:31:19 | Info | '[COORDINATE SERVICE] - Requested method to get all coordinates' | 
01:31:19 | Info | '[COORDINATE SERVICE] - Requested method to create coordinates' | 
01:31:19 | Info | '[COORDINATE SERVICE] - Requested method to create coordinates' | 
01:31:19 | Info | '[COORDINATE CONTROLLER] - Requested method to create coordinate - Passing through the Coordinate Service' | 
01:31:19 | Info | '[COORDINATE CONTROLLER] - Requested method to create coordinate - Passing through the Coordinate Service' | 
01:31:19 | Info | '[COORDINATE SERVICE] - Requested method to get all coordinates' | 
01:31:19 | Info | '[COORDINATE SERVICE] - Requested method to get all coordinates' | 
01:31:19 | Info | '[COORDINATE SERVICE] - Requested method to create coordinates' | 
01:31:19 | Info | '[COORDINATE CONTROLLER] - Requested method to create coordinate - Passing through the Coordinate Service' | 
01:31:19 | Info | '[COORDINATE SERVICE] - Requested method to get all coordinates' | 
01:31:19 | Info | '[COORDINATE CONTROLLER] - Requested method to create coordinate - Passing through the Coordinate Service' | 
01:31:19 | Info | '[COORDINATE SERVICE] - Requested method to create coordinates' | 
01:31:19 | Info | '[COORDINATE CONTROLLER] - Requested method to create coordinate - Passing through the Coordinate Service' | 
01:31:19 | Info | '[COORDINATE SERVICE] - Requested method to create coordinates' | 
01:31:19 | Info | '[COORDINATE CONTROLLER] - Requested method to create coordinate - Passing through the Coordinate Service' | 
01:31:19 | Info | '[COORDINATE SERVICE] - Requested method to create coordinates' | 
01:31:19 | Info | '[COORDINATE CONTROLLER] - Requested method to create coordinate - Passing through the Coordinate Service' | 
01:31:19 | Info | '[COORDINATE SERVICE] - Requested method to create coordinates' | 
01:31:19 | Info | '[COORDINATE CONTROLLER] - Requested method to create coordinate - Passing through the Coordinate Service' | 
01:31:19 | Info | '[COORDINATE SERVICE] - Requested method to create coordinates' | 
01:31:19 | Info | '[COORDINATE SERVICE] - Requested method to get all coordinates' | 
01:31:19 | Info | '[COORDINATE SERVICE] - Requested method to get all coordinates' | 
01:31:19 | Info | '[COORDINATE SERVICE] - Requested method to get all coordinates' | 
01:31:19 | Info | '[COORDINATE SERVICE] - Requested method to get all coordinates' | 
01:31:19 | Info | '[COORDINATE CONTROLLER] - Requested method to create coordinate - Passing through the Coordinate Service' | 
01:31:19 | Info | '[COORDINATE SERVICE] - Requested method to create coordinates' | 
01:31:19 | Info | '[COORDINATE SERVICE] - Requested method to get all coordinates' | 
01:31:19 | Info | '[COORDINATE CONTROLLER] - Requested method to create coordinate - Passing through the Coordinate Service' | 
01:31:19 | Info | '[COORDINATE SERVICE] - Requested method to create coordinates' | 
01:31:19 | Info | '[COORDINATE SERVICE] - Requested method to get all coordinates' | 
01:31:19 | Info | '[COORDINATE SERVICE] - Requested method to get all coordinates' | 
01:31:19 | Info | '[COORDINATE CONTROLLER] - Requested method to create coordinate - Passing through the Coordinate Service' | 
01:31:19 | Info | '[COORDINATE SERVICE] - Requested method to create coordinates' | 
01:31:19 | Info | '[COORDINATE CONTROLLER] - Requested method to create coordinate - Passing through the Coordinate Service' | 
01:31:19 | Info | '[COORDINATE SERVICE] - Requested method to create coordinates' | 
01:31:19 | Info | '[COORDINATE SERVICE] - Requested method to get all coordinates' | 
01:31:19 | Info | '[COORDINATE CONTROLLER] - Requested method to create coordinate - Passing through the Coordinate Service' | 
01:31:19 | Info | '[COORDINATE SERVICE] - Requested method to get all coordinates' | 
01:31:19 | Info | '[COORDINATE CONTROLLER] - Requested method to create coordinate - Passing through the Coordinate Service' | 
01:31:19 | Info | '[COORDINATE SERVICE] - Requested method to create coordinates' | 
01:31:19 | Info | '[COORDINATE SERVICE] - Requested method to create coordinates' | 
01:31:19 | Info | '[COORDINATE CONTROLLER] - Requested method to create coordinate - Passing through the Coordinate Service' | 
01:31:19 | Info | '[COORDINATE SERVICE] - Requested method to create coordinates' | 
01:31:19 | Info | '[COORDINATE CONTROLLER] - Requested method to create coordinate - Passing through the Coordinate Service' | 
01:31:19 | Info | '[COORDINATE SERVICE] - Requested method to create coordinates' | 
01:31:19 | Info | '[COORDINATE SERVICE] - Requested method to get all coordinates' | 
01:31:19 | Info | '[COORDINATE SERVICE] - Requested method to get all coordinates' | 
01:31:19 | Info | '[COORDINATE SERVICE] - Requested method to get all coordinates' | 
01:31:19 | Info | '[COORDINATE SERVICE] - Requested method to get all coordinates' | 
01:31:19 | Info | '[COORDINATE SERVICE] - Requested method to get all coordinates' | 
01:31:19 | Info | '[COORDINATE SERVICE] - Requested method to create coordinates' | 
01:31:19 | Info | '[COORDINATE CONTROLLER] - Requested method to create coordinate - Passing through the Coordinate Service' | 
01:31:19 | Info | '[COORDINATE CONTROLLER] - Requested method to create coordinate - Passing through the Coordinate Service' | 
01:31:19 | Info | '[COORDINATE SERVICE] - Requested method to create coordinates' | 
01:31:19 | Info | '[COORDINATE SERVICE] - Requested method to create coordinates' | 
01:31:19 | Info | '[COORDINATE CONTROLLER] - Requested method to create coordinate - Passing through the Coordinate Service' | 
01:31:19 | Info | '[COORDINATE SERVICE] - Requested method to get all coordinates' | 
01:31:19 | Info | '[COORDINATE CONTROLLER] - Requested method to create coordinate - Passing through the Coordinate Service' | 
01:31:19 | Info | '[COORDINATE SERVICE] - Requested method to get all coordinates' | 
01:31:19 | Info | '[COORDINATE SERVICE] - Requested method to create coordinates' | 
01:31:19 | Info | '[COORDINATE CONTROLLER] - Requested method to create coordinate - Passing through the Coordinate Service' | 
01:31:19 | Info | '[COORDINATE SERVICE] - Requested method to create coordinates' | 
01:31:19 | Info | '[COORDINATE CONTROLLER] - Requested method to create coordinate - Passing through the Coordinate Service' | 
01:31:19 | Info | '[COORDINATE CONTROLLER] - Requested method to create coordinate - Passing through the Coordinate Service' | 
01:31:19 | Info | '[COORDINATE SERVICE] - Requested method to create coordinates' | 
01:31:19 | Info | '[COORDINATE SERVICE] - Requested method to create coordinates' | 
01:31:19 | Info | '[COORDINATE SERVICE] - Requested method to create coordinates' | 
01:31:19 | Info | '[COORDINATE CONTROLLER] - Requested method to create coordinate - Passing through the Coordinate Service' | 
01:31:19 | Info | '[COORDINATE SERVICE] - Requested method to get all coordinates' | 
01:31:19 | Info | '[COORDINATE SERVICE] - Requested method to get all coordinates' | 
01:31:19 | Info | '[COORDINATE SERVICE] - Requested method to get all coordinates' | 
01:31:19 | Info | '[COORDINATE SERVICE] - Requested method to create coordinates' | 
01:31:19 | Info | '[COORDINATE CONTROLLER] - Requested method to create coordinate - Passing through the Coordinate Service' | 
01:31:19 | Info | '[COORDINATE SERVICE] - Requested method to get all coordinates' | 
01:31:19 | Info | '[COORDINATE SERVICE] - Requested method to get all coordinates' | 
01:31:19 | Info | '[COORDINATE SERVICE] - Requested method to get all coordinates' | 
01:31:19 | Info | '[COORDINATE CONTROLLER] - Requested method to create coordinate - Passing through the Coordinate Service' | 
01:31:19 | Info | '[COORDINATE SERVICE] - Requested method to create coordinates' | 
01:31:19 | Info | '[COORDINATE CONTROLLER] - Requested method to create coordinate - Passing through the Coordinate Service' | 
01:31:19 | Info | '[COORDINATE CONTROLLER] - Requested method to create coordinate - Passing through the Coordinate Service' | 
01:31:19 | Info | '[COORDINATE SERVICE] - Requested method to create coordinates' | 
01:31:19 | Info | '[COORDINATE SERVICE] - Requested method to create coordinates' | 
01:31:19 | Info | '[COORDINATE SERVICE] - Requested method to get all coordinates' | 
01:31:19 | Info | '[COORDINATE CONTROLLER] - Requested method to create coordinate - Passing through the Coordinate Service' | 
01:31:19 | Info | '[COORDINATE SERVICE] - Requested method to get all coordinates' | 
01:31:19 | Info | '[COORDINATE CONTROLLER] - Requested method to create coordinate - Passing through the Coordinate Service' | 
01:31:19 | Info | '[COORDINATE SERVICE] - Requested method to create coordinates' | 
01:31:19 | Info | '[COORDINATE SERVICE] - Requested method to create coordinates' | 
01:31:19 | Info | '[COORDINATE CONTROLLER] - Requested method to create coordinate - Passing through the Coordinate Service' | 
01:31:19 | Info | '[COORDINATE CONTROLLER] - Requested method to create coordinate - Passing through the Coordinate Service' | 
01:31:19 | Info | '[COORDINATE SERVICE] - Requested method to create coordinates' | 
01:31:19 | Info | '[COORDINATE SERVICE] - Requested method to create coordinates' | 
01:31:19 | Info | '[COORDINATE SERVICE] - Requested method to get all coordinates' | 
01:31:19 | Info | '[COORDINATE SERVICE] - Requested method to get all coordinates' | 
01:31:19 | Info | '[COORDINATE SERVICE] - Requested method to get all coordinates' | 
01:31:19 | Info | '[COORDINATE SERVICE] - Requested method to get all coordinates' | 
01:31:19 | Info | '[COORDINATE SERVICE] - Requested method to get all coordinates' | 
01:31:19 | Info | '[COORDINATE SERVICE] - Requested method to get all coordinates' | 
01:31:19 | Info | '[COORDINATE SERVICE] - Requested method to create coordinates' | 
01:31:19 | Info | '[COORDINATE CONTROLLER] - Requested method to create coordinate - Passing through the Coordinate Service' | 
01:31:19 | Info | '[COORDINATE SERVICE] - Requested method to create coordinates' | 
01:31:19 | Info | '[COORDINATE CONTROLLER] - Requested method to create coordinate - Passing through the Coordinate Service' | 
01:31:19 | Info | '[COORDINATE SERVICE] - Requested method to get all coordinates' | 
01:31:19 | Info | '[COORDINATE SERVICE] - Requested method to create coordinates' | 
01:31:19 | Info | '[COORDINATE CONTROLLER] - Requested method to create coordinate - Passing through the Coordinate Service' | 
01:31:19 | Info | '[COORDINATE SERVICE] - Requested method to create coordinates' | 
01:31:19 | Info | '[COORDINATE CONTROLLER] - Requested method to create coordinate - Passing through the Coordinate Service' | 
01:31:19 | Info | '[COORDINATE SERVICE] - Requested method to create coordinates' | 
01:31:19 | Info | '[COORDINATE CONTROLLER] - Requested method to create coordinate - Passing through the Coordinate Service' | 
01:31:19 | Info | '[COORDINATE SERVICE] - Requested method to create coordinates' | 
01:31:19 | Info | '[COORDINATE CONTROLLER] - Requested method to create coordinate - Passing through the Coordinate Service' | 
01:31:19 | Info | '[COORDINATE SERVICE] - Requested method to get all coordinates' | 
01:31:19 | Info | '[COORDINATE SERVICE] - Requested method to get all coordinates' | 
01:31:19 | Info | '[COORDINATE SERVICE] - Requested method to get all coordinates' | 
01:31:19 | Info | '[COORDINATE SERVICE] - Requested method to get all coordinates' | 
01:31:19 | Info | '[COORDINATE CONTROLLER] - Requested method to create coordinate - Passing through the Coordinate Service' | 
01:31:19 | Info | '[COORDINATE SERVICE] - Requested method to create coordinates' | 
01:31:19 | Info | '[COORDINATE SERVICE] - Requested method to get all coordinates' | 
01:31:19 | Info | '[COORDINATE SERVICE] - Requested method to create coordinates' | 
01:31:19 | Info | '[COORDINATE CONTROLLER] - Requested method to create coordinate - Passing through the Coordinate Service' | 
01:31:19 | Info | '[COORDINATE SERVICE] - Requested method to create coordinates' | 
01:31:19 | Info | '[COORDINATE CONTROLLER] - Requested method to create coordinate - Passing through the Coordinate Service' | 
01:31:19 | Info | '[COORDINATE SERVICE] - Requested method to create coordinates' | 
01:31:19 | Info | '[COORDINATE CONTROLLER] - Requested method to create coordinate - Passing through the Coordinate Service' | 
01:31:19 | Info | '[COORDINATE SERVICE] - Requested method to get all coordinates' | 
01:31:19 | Info | '[COORDINATE SERVICE] - Requested method to get all coordinates' | 
01:31:19 | Info | '[COORDINATE SERVICE] - Requested method to get all coordinates' | 
01:31:19 | Info | '[COORDINATE SERVICE] - Requested method to create coordinates' | 
01:31:19 | Info | '[COORDINATE CONTROLLER] - Requested method to create coordinate - Passing through the Coordinate Service' | 
01:31:19 | Info | '[COORDINATE SERVICE] - Requested method to create coordinates' | 
01:31:19 | Info | '[COORDINATE CONTROLLER] - Requested method to create coordinate - Passing through the Coordinate Service' | 
01:31:19 | Info | '[COORDINATE CONTROLLER] - Requested method to create coordinate - Passing through the Coordinate Service' | 
01:31:19 | Info | '[COORDINATE SERVICE] - Requested method to create coordinates' | 
01:31:19 | Info | '[COORDINATE CONTROLLER] - Requested method to create coordinate - Passing through the Coordinate Service' | 
01:31:19 | Info | '[COORDINATE SERVICE] - Requested method to create coordinates' | 
01:31:19 | Info | '[COORDINATE SERVICE] - Requested method to get all coordinates' | 
01:31:19 | Info | '[COORDINATE SERVICE] - Requested method to get all coordinates' | 
01:31:19 | Info | '[COORDINATE SERVICE] - Requested method to get all coordinates' | 
01:31:19 | Info | '[COORDINATE SERVICE] - Requested method to get all coordinates' | 
01:31:20 | Info | '[COORDINATE CONTROLLER] - Requested method to create coordinate - Passing through the Coordinate Service' | 
01:31:20 | Info | '[COORDINATE SERVICE] - Requested method to create coordinates' | 
01:31:20 | Info | '[COORDINATE SERVICE] - Requested method to get all coordinates' | 
01:31:20 | Info | '[COORDINATE SERVICE] - Requested method to create coordinates' | 
01:31:20 | Info | '[COORDINATE CONTROLLER] - Requested method to create coordinate - Passing through the Coordinate Service' | 
01:31:20 | Info | '[COORDINATE CONTROLLER] - Requested method to create coordinate - Passing through the Coordinate Service' | 
01:31:20 | Info | '[COORDINATE SERVICE] - Requested method to create coordinates' | 
01:31:20 | Info | '[COORDINATE SERVICE] - Requested method to create coordinates' | 
01:31:20 | Info | '[COORDINATE CONTROLLER] - Requested method to create coordinate - Passing through the Coordinate Service' | 
01:31:20 | Info | '[COORDINATE SERVICE] - Requested method to get all coordinates' | 
01:31:20 | Info | '[COORDINATE SERVICE] - Requested method to get all coordinates' | 
01:31:20 | Info | '[COORDINATE CONTROLLER] - Requested method to create coordinate - Passing through the Coordinate Service' | 
01:31:20 | Info | '[COORDINATE SERVICE] - Requested method to get all coordinates' | 
01:31:20 | Info | '[COORDINATE CONTROLLER] - Requested method to create coordinate - Passing through the Coordinate Service' | 
01:31:20 | Info | '[COORDINATE SERVICE] - Requested method to create coordinates' | 
01:31:20 | Info | '[COORDINATE SERVICE] - Requested method to create coordinates' | 
01:31:20 | Info | '[COORDINATE SERVICE] - Requested method to create coordinates' | 
01:31:20 | Info | '[COORDINATE CONTROLLER] - Requested method to create coordinate - Passing through the Coordinate Service' | 
01:31:20 | Info | '[COORDINATE SERVICE] - Requested method to create coordinates' | 
01:31:20 | Info | '[COORDINATE CONTROLLER] - Requested method to create coordinate - Passing through the Coordinate Service' | 
01:31:20 | Info | '[COORDINATE SERVICE] - Requested method to get all coordinates' | 
01:31:20 | Info | '[COORDINATE SERVICE] - Requested method to get all coordinates' | 
01:31:20 | Info | '[COORDINATE SERVICE] - Requested method to get all coordinates' | 
01:31:20 | Info | '[COORDINATE SERVICE] - Requested method to create coordinates' | 
01:31:20 | Info | '[COORDINATE CONTROLLER] - Requested method to create coordinate - Passing through the Coordinate Service' | 
01:31:20 | Info | '[COORDINATE SERVICE] - Requested method to get all coordinates' | 
01:31:20 | Info | '[COORDINATE SERVICE] - Requested method to get all coordinates' | 
01:31:20 | Info | '[COORDINATE SERVICE] - Requested method to create coordinates' | 
01:31:20 | Info | '[COORDINATE CONTROLLER] - Requested method to create coordinate - Passing through the Coordinate Service' | 
01:31:20 | Info | '[COORDINATE CONTROLLER] - Requested method to create coordinate - Passing through the Coordinate Service' | 
01:31:20 | Info | '[COORDINATE SERVICE] - Requested method to create coordinates' | 
01:31:20 | Info | '[COORDINATE CONTROLLER] - Requested method to create coordinate - Passing through the Coordinate Service' | 
01:31:20 | Info | '[COORDINATE SERVICE] - Requested method to create coordinates' | 
01:31:20 | Info | '[COORDINATE SERVICE] - Requested method to get all coordinates' | 
01:31:20 | Info | '[COORDINATE SERVICE] - Requested method to get all coordinates' | 
01:31:20 | Info | '[COORDINATE SERVICE] - Requested method to get all coordinates' | 
01:31:20 | Info | '[COORDINATE CONTROLLER] - Requested method to create coordinate - Passing through the Coordinate Service' | 
01:31:20 | Info | '[COORDINATE SERVICE] - Requested method to create coordinates' | 
01:31:20 | Info | '[COORDINATE CONTROLLER] - Requested method to create coordinate - Passing through the Coordinate Service' | 
01:31:20 | Info | '[COORDINATE SERVICE] - Requested method to create coordinates' | 
01:31:20 | Info | '[COORDINATE CONTROLLER] - Requested method to create coordinate - Passing through the Coordinate Service' | 
01:31:20 | Info | '[COORDINATE CONTROLLER] - Requested method to create coordinate - Passing through the Coordinate Service' | 
01:31:20 | Info | '[COORDINATE SERVICE] - Requested method to create coordinates' | 
01:31:20 | Info | '[COORDINATE SERVICE] - Requested method to create coordinates' | 
01:31:20 | Info | '[COORDINATE SERVICE] - Requested method to get all coordinates' | 
01:31:20 | Info | '[COORDINATE SERVICE] - Requested method to get all coordinates' | 
01:31:20 | Info | '[COORDINATE SERVICE] - Requested method to get all coordinates' | 
01:31:20 | Info | '[COORDINATE CONTROLLER] - Requested method to create coordinate - Passing through the Coordinate Service' | 
01:31:20 | Info | '[COORDINATE SERVICE] - Requested method to get all coordinates' | 
01:31:20 | Info | '[COORDINATE SERVICE] - Requested method to create coordinates' | 
01:31:20 | Info | '[COORDINATE SERVICE] - Requested method to get all coordinates' | 
01:31:20 | Info | '[COORDINATE SERVICE] - Requested method to create coordinates' | 
01:31:20 | Info | '[COORDINATE CONTROLLER] - Requested method to create coordinate - Passing through the Coordinate Service' | 
01:31:20 | Info | '[COORDINATE CONTROLLER] - Requested method to create coordinate - Passing through the Coordinate Service' | 
01:31:20 | Info | '[COORDINATE SERVICE] - Requested method to create coordinates' | 
01:31:20 | Info | '[COORDINATE CONTROLLER] - Requested method to create coordinate - Passing through the Coordinate Service' | 
01:31:20 | Info | '[COORDINATE SERVICE] - Requested method to create coordinates' | 
01:31:20 | Info | '[COORDINATE SERVICE] - Requested method to get all coordinates' | 
01:31:20 | Info | '[COORDINATE SERVICE] - Requested method to get all coordinates' | 
01:31:20 | Info | '[COORDINATE SERVICE] - Requested method to get all coordinates' | 
01:31:20 | Info | '[COORDINATE CONTROLLER] - Requested method to create coordinate - Passing through the Coordinate Service' | 
01:31:20 | Info | '[COORDINATE SERVICE] - Requested method to create coordinates' | 
01:31:20 | Info | '[COORDINATE CONTROLLER] - Requested method to create coordinate - Passing through the Coordinate Service' | 
01:31:20 | Info | '[COORDINATE SERVICE] - Requested method to create coordinates' | 
01:31:20 | Info | '[COORDINATE CONTROLLER] - Requested method to create coordinate - Passing through the Coordinate Service' | 
01:31:20 | Info | '[COORDINATE SERVICE] - Requested method to create coordinates' | 
01:31:20 | Info | '[COORDINATE SERVICE] - Requested method to create coordinates' | 
01:31:20 | Info | '[COORDINATE CONTROLLER] - Requested method to create coordinate - Passing through the Coordinate Service' | 
01:31:20 | Info | '[COORDINATE SERVICE] - Requested method to get all coordinates' | 
01:31:20 | Info | '[COORDINATE SERVICE] - Requested method to get all coordinates' | 
01:31:20 | Info | '[COORDINATE SERVICE] - Requested method to get all coordinates' | 
01:31:20 | Info | '[COORDINATE SERVICE] - Requested method to get all coordinates' | 
01:31:20 | Info | '[COORDINATE CONTROLLER] - Requested method to create coordinate - Passing through the Coordinate Service' | 
01:31:20 | Info | '[COORDINATE SERVICE] - Requested method to create coordinates' | 
01:31:20 | Info | '[COORDINATE SERVICE] - Requested method to get all coordinates' | 
01:31:20 | Info | '[COORDINATE SERVICE] - Requested method to create coordinates' | 
01:31:20 | Info | '[COORDINATE CONTROLLER] - Requested method to create coordinate - Passing through the Coordinate Service' | 
01:31:20 | Info | '[COORDINATE CONTROLLER] - Requested method to create coordinate - Passing through the Coordinate Service' | 
01:31:20 | Info | '[COORDINATE SERVICE] - Requested method to create coordinates' | 
01:31:20 | Info | '[COORDINATE CONTROLLER] - Requested method to create coordinate - Passing through the Coordinate Service' | 
01:31:20 | Info | '[COORDINATE SERVICE] - Requested method to create coordinates' | 
01:31:20 | Info | '[COORDINATE SERVICE] - Requested method to get all coordinates' | 
01:31:20 | Info | '[COORDINATE SERVICE] - Requested method to get all coordinates' | 
01:31:20 | Info | '[COORDINATE SERVICE] - Requested method to get all coordinates' | 
01:31:20 | Info | '[COORDINATE CONTROLLER] - Requested method to create coordinate - Passing through the Coordinate Service' | 
01:31:20 | Info | '[COORDINATE SERVICE] - Requested method to create coordinates' | 
01:31:20 | Info | '[COORDINATE SERVICE] - Requested method to create coordinates' | 
01:31:20 | Info | '[COORDINATE CONTROLLER] - Requested method to create coordinate - Passing through the Coordinate Service' | 
01:31:20 | Info | '[COORDINATE CONTROLLER] - Requested method to create coordinate - Passing through the Coordinate Service' | 
01:31:20 | Info | '[COORDINATE SERVICE] - Requested method to create coordinates' | 
01:31:20 | Info | '[COORDINATE SERVICE] - Requested method to create coordinates' | 
01:31:20 | Info | '[COORDINATE CONTROLLER] - Requested method to create coordinate - Passing through the Coordinate Service' | 
01:31:20 | Info | '[COORDINATE SERVICE] - Requested method to get all coordinates' | 
01:31:20 | Info | '[COORDINATE SERVICE] - Requested method to get all coordinates' | 
01:31:20 | Info | '[COORDINATE SERVICE] - Requested method to get all coordinates' | 
01:31:20 | Info | '[COORDINATE CONTROLLER] - Requested method to create coordinate - Passing through the Coordinate Service' | 
01:31:20 | Info | '[COORDINATE SERVICE] - Requested method to create coordinates' | 
01:31:20 | Info | '[COORDINATE SERVICE] - Requested method to get all coordinates' | 
01:31:20 | Info | '[COORDINATE SERVICE] - Requested method to get all coordinates' | 
01:31:20 | Info | '[COORDINATE CONTROLLER] - Requested method to create coordinate - Passing through the Coordinate Service' | 
01:31:20 | Info | '[COORDINATE SERVICE] - Requested method to create coordinates' | 
01:31:20 | Info | '[COORDINATE CONTROLLER] - Requested method to create coordinate - Passing through the Coordinate Service' | 
01:31:20 | Info | '[COORDINATE SERVICE] - Requested method to create coordinates' | 
01:31:20 | Info | '[COORDINATE CONTROLLER] - Requested method to create coordinate - Passing through the Coordinate Service' | 
01:31:20 | Info | '[COORDINATE SERVICE] - Requested method to create coordinates' | 
01:31:20 | Info | '[COORDINATE SERVICE] - Requested method to get all coordinates' | 
01:31:20 | Info | '[COORDINATE SERVICE] - Requested method to get all coordinates' | 
01:31:20 | Info | '[COORDINATE CONTROLLER] - Requested method to create coordinate - Passing through the Coordinate Service' | 
01:31:20 | Info | '[COORDINATE SERVICE] - Requested method to get all coordinates' | 
01:31:20 | Info | '[COORDINATE SERVICE] - Requested method to create coordinates' | 
01:31:20 | Info | '[COORDINATE SERVICE] - Requested method to create coordinates' | 
01:31:20 | Info | '[COORDINATE SERVICE] - Requested method to create coordinates' | 
01:31:20 | Info | '[COORDINATE CONTROLLER] - Requested method to create coordinate - Passing through the Coordinate Service' | 
01:31:20 | Info | '[COORDINATE CONTROLLER] - Requested method to create coordinate - Passing through the Coordinate Service' | 
01:31:20 | Info | '[COORDINATE CONTROLLER] - Requested method to create coordinate - Passing through the Coordinate Service' | 
01:31:20 | Info | '[COORDINATE SERVICE] - Requested method to create coordinates' | 
01:31:20 | Info | '[COORDINATE SERVICE] - Requested method to get all coordinates' | 
01:31:20 | Info | '[COORDINATE SERVICE] - Requested method to get all coordinates' | 
01:31:20 | Info | '[COORDINATE CONTROLLER] - Requested method to create coordinate - Passing through the Coordinate Service' | 
01:31:20 | Info | '[COORDINATE SERVICE] - Requested method to create coordinates' | 
01:31:20 | Info | '[COORDINATE SERVICE] - Requested method to get all coordinates' | 
01:31:20 | Info | '[COORDINATE SERVICE] - Requested method to get all coordinates' | 
01:31:20 | Info | '[COORDINATE SERVICE] - Requested method to get all coordinates' | 
01:31:20 | Info | '[COORDINATE CONTROLLER] - Requested method to create coordinate - Passing through the Coordinate Service' | 
01:31:20 | Info | '[COORDINATE SERVICE] - Requested method to create coordinates' | 
01:31:20 | Info | '[COORDINATE SERVICE] - Requested method to create coordinates' | 
01:31:20 | Info | '[COORDINATE CONTROLLER] - Requested method to create coordinate - Passing through the Coordinate Service' | 
01:31:20 | Info | '[COORDINATE SERVICE] - Requested method to create coordinates' | 
01:31:20 | Info | '[COORDINATE CONTROLLER] - Requested method to create coordinate - Passing through the Coordinate Service' | 
01:31:20 | Info | '[COORDINATE SERVICE] - Requested method to get all coordinates' | 
01:31:20 | Info | '[COORDINATE SERVICE] - Requested method to get all coordinates' | 
01:31:20 | Info | '[COORDINATE SERVICE] - Requested method to get all coordinates' | 
01:31:20 | Info | '[COORDINATE SERVICE] - Requested method to create coordinates' | 
01:31:20 | Info | '[COORDINATE CONTROLLER] - Requested method to create coordinate - Passing through the Coordinate Service' | 
01:31:20 | Info | '[COORDINATE SERVICE] - Requested method to create coordinates' | 
01:31:20 | Info | '[COORDINATE CONTROLLER] - Requested method to create coordinate - Passing through the Coordinate Service' | 
01:31:20 | Info | '[COORDINATE SERVICE] - Requested method to get all coordinates' | 
01:31:20 | Info | '[COORDINATE SERVICE] - Requested method to get all coordinates' | 
01:31:20 | Info | '[COORDINATE CONTROLLER] - Requested method to create coordinate - Passing through the Coordinate Service' | 
01:31:20 | Info | '[COORDINATE SERVICE] - Requested method to create coordinates' | 
01:31:20 | Info | '[COORDINATE CONTROLLER] - Requested method to create coordinate - Passing through the Coordinate Service' | 
01:31:20 | Info | '[COORDINATE CONTROLLER] - Requested method to create coordinate - Passing through the Coordinate Service' | 
01:31:20 | Info | '[COORDINATE SERVICE] - Requested method to create coordinates' | 
01:31:20 | Info | '[COORDINATE SERVICE] - Requested method to create coordinates' | 
01:31:20 | Info | '[COORDINATE SERVICE] - Requested method to get all coordinates' | 
01:31:20 | Info | '[COORDINATE SERVICE] - Requested method to get all coordinates' | 
01:31:20 | Info | '[COORDINATE SERVICE] - Requested method to get all coordinates' | 
01:31:20 | Info | '[COORDINATE CONTROLLER] - Requested method to create coordinate - Passing through the Coordinate Service' | 
01:31:20 | Info | '[COORDINATE CONTROLLER] - Requested method to create coordinate - Passing through the Coordinate Service' | 
01:31:20 | Info | '[COORDINATE SERVICE] - Requested method to create coordinates' | 
01:31:20 | Info | '[COORDINATE SERVICE] - Requested method to create coordinates' | 
01:31:20 | Info | '[COORDINATE CONTROLLER] - Requested method to create coordinate - Passing through the Coordinate Service' | 
01:31:20 | Info | '[COORDINATE SERVICE] - Requested method to create coordinates' | 
01:31:20 | Info | '[COORDINATE SERVICE] - Requested method to get all coordinates' | 
01:31:20 | Info | '[COORDINATE SERVICE] - Requested method to get all coordinates' | 
01:31:20 | Info | '[COORDINATE SERVICE] - Requested method to get all coordinates' | 
01:31:20 | Info | '[COORDINATE CONTROLLER] - Requested method to create coordinate - Passing through the Coordinate Service' | 
01:31:20 | Info | '[COORDINATE SERVICE] - Requested method to get all coordinates' | 
01:31:20 | Info | '[COORDINATE CONTROLLER] - Requested method to create coordinate - Passing through the Coordinate Service' | 
01:31:20 | Info | '[COORDINATE SERVICE] - Requested method to create coordinates' | 
01:31:20 | Info | '[COORDINATE SERVICE] - Requested method to create coordinates' | 
01:31:20 | Info | '[COORDINATE SERVICE] - Requested method to get all coordinates' | 
01:31:20 | Info | '[COORDINATE SERVICE] - Requested method to create coordinates' | 
01:31:20 | Info | '[COORDINATE CONTROLLER] - Requested method to create coordinate - Passing through the Coordinate Service' | 
01:31:20 | Info | '[COORDINATE SERVICE] - Requested method to create coordinates' | 
01:31:20 | Info | '[COORDINATE CONTROLLER] - Requested method to create coordinate - Passing through the Coordinate Service' | 
01:31:20 | Info | '[COORDINATE CONTROLLER] - Requested method to create coordinate - Passing through the Coordinate Service' | 
01:31:20 | Info | '[COORDINATE CONTROLLER] - Requested method to create coordinate - Passing through the Coordinate Service' | 
01:31:20 | Info | '[COORDINATE SERVICE] - Requested method to create coordinates' | 
01:31:20 | Info | '[COORDINATE SERVICE] - Requested method to create coordinates' | 
01:31:20 | Info | '[COORDINATE SERVICE] - Requested method to get all coordinates' | 
01:31:20 | Info | '[COORDINATE SERVICE] - Requested method to get all coordinates' | 
01:31:20 | Info | '[COORDINATE CONTROLLER] - Requested method to create coordinate - Passing through the Coordinate Service' | 
01:31:20 | Info | '[COORDINATE SERVICE] - Requested method to get all coordinates' | 
01:31:20 | Info | '[COORDINATE SERVICE] - Requested method to create coordinates' | 
01:31:20 | Info | '[COORDINATE CONTROLLER] - Requested method to create coordinate - Passing through the Coordinate Service' | 
01:31:20 | Info | '[COORDINATE SERVICE] - Requested method to create coordinates' | 
01:31:20 | Info | '[COORDINATE CONTROLLER] - Requested method to create coordinate - Passing through the Coordinate Service' | 
01:31:20 | Info | '[COORDINATE SERVICE] - Requested method to get all coordinates' | 
01:31:20 | Info | '[COORDINATE SERVICE] - Requested method to create coordinates' | 
01:31:20 | Info | '[COORDINATE SERVICE] - Requested method to get all coordinates' | 
01:31:20 | Info | '[COORDINATE CONTROLLER] - Requested method to create coordinate - Passing through the Coordinate Service' | 
01:31:20 | Info | '[COORDINATE SERVICE] - Requested method to get all coordinates' | 
01:31:20 | Info | '[COORDINATE SERVICE] - Requested method to create coordinates' | 
01:31:20 | Info | '[COORDINATE SERVICE] - Requested method to get all coordinates' | 
01:31:20 | Info | '[COORDINATE CONTROLLER] - Requested method to create coordinate - Passing through the Coordinate Service' | 
01:31:20 | Info | '[COORDINATE SERVICE] - Requested method to get all coordinates' | 
01:31:20 | Info | '[COORDINATE SERVICE] - Requested method to create coordinates' | 
01:31:20 | Info | '[COORDINATE CONTROLLER] - Requested method to create coordinate - Passing through the Coordinate Service' | 
01:31:20 | Info | '[COORDINATE SERVICE] - Requested method to create coordinates' | 
01:31:20 | Info | '[COORDINATE SERVICE] - Requested method to create coordinates' | 
01:31:20 | Info | '[COORDINATE CONTROLLER] - Requested method to create coordinate - Passing through the Coordinate Service' | 
01:31:20 | Info | '[COORDINATE CONTROLLER] - Requested method to create coordinate - Passing through the Coordinate Service' | 
01:31:20 | Info | '[COORDINATE SERVICE] - Requested method to create coordinates' | 
01:31:20 | Info | '[COORDINATE SERVICE] - Requested method to get all coordinates' | 
01:31:20 | Info | '[COORDINATE SERVICE] - Requested method to get all coordinates' | 
01:31:20 | Info | '[COORDINATE SERVICE] - Requested method to get all coordinates' | 
01:31:20 | Info | '[COORDINATE CONTROLLER] - Requested method to create coordinate - Passing through the Coordinate Service' | 
01:31:20 | Info | '[COORDINATE CONTROLLER] - Requested method to create coordinate - Passing through the Coordinate Service' | 
01:31:20 | Info | '[COORDINATE SERVICE] - Requested method to create coordinates' | 
01:31:20 | Info | '[COORDINATE SERVICE] - Requested method to create coordinates' | 
01:31:20 | Info | '[COORDINATE SERVICE] - Requested method to get all coordinates' | 
01:31:20 | Info | '[COORDINATE SERVICE] - Requested method to get all coordinates' | 
01:31:20 | Info | '[COORDINATE SERVICE] - Requested method to create coordinates' | 
01:31:20 | Info | '[COORDINATE CONTROLLER] - Requested method to create coordinate - Passing through the Coordinate Service' | 
01:31:20 | Info | '[COORDINATE SERVICE] - Requested method to get all coordinates' | 
01:31:20 | Info | '[COORDINATE CONTROLLER] - Requested method to create coordinate - Passing through the Coordinate Service' | 
01:31:20 | Info | '[COORDINATE SERVICE] - Requested method to create coordinates' | 
01:31:20 | Info | '[COORDINATE CONTROLLER] - Requested method to create coordinate - Passing through the Coordinate Service' | 
01:31:20 | Info | '[COORDINATE SERVICE] - Requested method to create coordinates' | 
01:31:20 | Info | '[COORDINATE SERVICE] - Requested method to get all coordinates' | 
01:31:20 | Info | '[COORDINATE SERVICE] - Requested method to get all coordinates' | 
01:31:20 | Info | '[COORDINATE CONTROLLER] - Requested method to create coordinate - Passing through the Coordinate Service' | 
01:31:20 | Info | '[COORDINATE SERVICE] - Requested method to get all coordinates' | 
01:31:20 | Info | '[COORDINATE SERVICE] - Requested method to create coordinates' | 
01:31:20 | Info | '[COORDINATE SERVICE] - Requested method to create coordinates' | 
01:31:20 | Info | '[COORDINATE CONTROLLER] - Requested method to create coordinate - Passing through the Coordinate Service' | 
01:31:20 | Info | '[COORDINATE SERVICE] - Requested method to create coordinates' | 
01:31:20 | Info | '[COORDINATE CONTROLLER] - Requested method to create coordinate - Passing through the Coordinate Service' | 
01:31:20 | Info | '[COORDINATE SERVICE] - Requested method to get all coordinates' | 
01:31:20 | Info | '[COORDINATE SERVICE] - Requested method to get all coordinates' | 
01:31:20 | Info | '[COORDINATE SERVICE] - Requested method to get all coordinates' | 
01:31:20 | Info | '[COORDINATE CONTROLLER] - Requested method to create coordinate - Passing through the Coordinate Service' | 
01:31:20 | Info | '[COORDINATE CONTROLLER] - Requested method to create coordinate - Passing through the Coordinate Service' | 
01:31:20 | Info | '[COORDINATE SERVICE] - Requested method to create coordinates' | 
01:31:20 | Info | '[COORDINATE SERVICE] - Requested method to create coordinates' | 
01:31:20 | Info | '[COORDINATE SERVICE] - Requested method to get all coordinates' | 
01:31:20 | Info | '[COORDINATE CONTROLLER] - Requested method to create coordinate - Passing through the Coordinate Service' | 
01:31:20 | Info | '[COORDINATE SERVICE] - Requested method to create coordinates' | 
01:31:20 | Info | '[COORDINATE SERVICE] - Requested method to get all coordinates' | 
01:31:20 | Info | '[COORDINATE SERVICE] - Requested method to create coordinates' | 
01:31:20 | Info | '[COORDINATE CONTROLLER] - Requested method to create coordinate - Passing through the Coordinate Service' | 
01:31:20 | Info | '[COORDINATE CONTROLLER] - Requested method to create coordinate - Passing through the Coordinate Service' | 
01:31:20 | Info | '[COORDINATE SERVICE] - Requested method to create coordinates' | 
01:31:20 | Info | '[COORDINATE SERVICE] - Requested method to get all coordinates' | 
01:31:20 | Info | '[COORDINATE SERVICE] - Requested method to get all coordinates' | 
01:31:20 | Info | '[COORDINATE SERVICE] - Requested method to get all coordinates' | 
01:31:20 | Info | '[COORDINATE SERVICE] - Requested method to get all coordinates' | 
01:31:20 | Info | '[COORDINATE SERVICE] - Requested method to create coordinates' | 
01:31:20 | Info | '[COORDINATE CONTROLLER] - Requested method to create coordinate - Passing through the Coordinate Service' | 
01:31:20 | Info | '[COORDINATE CONTROLLER] - Requested method to create coordinate - Passing through the Coordinate Service' | 
01:31:20 | Info | '[COORDINATE SERVICE] - Requested method to create coordinates' | 
01:31:20 | Info | '[COORDINATE CONTROLLER] - Requested method to create coordinate - Passing through the Coordinate Service' | 
01:31:20 | Info | '[COORDINATE SERVICE] - Requested method to create coordinates' | 
01:31:20 | Info | '[COORDINATE SERVICE] - Requested method to get all coordinates' | 
01:31:20 | Info | '[COORDINATE SERVICE] - Requested method to get all coordinates' | 
01:31:20 | Info | '[COORDINATE SERVICE] - Requested method to get all coordinates' | 
01:31:20 | Info | '[COORDINATE CONTROLLER] - Requested method to create coordinate - Passing through the Coordinate Service' | 
01:31:20 | Info | '[COORDINATE SERVICE] - Requested method to create coordinates' | 
01:31:20 | Info | '[COORDINATE CONTROLLER] - Requested method to create coordinate - Passing through the Coordinate Service' | 
01:31:20 | Info | '[COORDINATE SERVICE] - Requested method to create coordinates' | 
01:31:20 | Info | '[COORDINATE SERVICE] - Requested method to create coordinates' | 
01:31:20 | Info | '[COORDINATE CONTROLLER] - Requested method to create coordinate - Passing through the Coordinate Service' | 
01:31:20 | Info | '[COORDINATE CONTROLLER] - Requested method to create coordinate - Passing through the Coordinate Service' | 
01:31:20 | Info | '[COORDINATE CONTROLLER] - Requested method to create coordinate - Passing through the Coordinate Service' | 
01:31:20 | Info | '[COORDINATE CONTROLLER] - Requested method to create coordinate - Passing through the Coordinate Service' | 
01:31:20 | Info | '[COORDINATE SERVICE] - Requested method to create coordinates' | 
01:31:20 | Info | '[COORDINATE SERVICE] - Requested method to create coordinates' | 
01:31:20 | Info | '[COORDINATE SERVICE] - Requested method to create coordinates' | 
01:31:20 | Info | '[COORDINATE SERVICE] - Requested method to get all coordinates' | 
01:31:20 | Info | '[COORDINATE SERVICE] - Requested method to get all coordinates' | 
01:31:20 | Info | '[COORDINATE SERVICE] - Requested method to get all coordinates' | 
01:31:20 | Info | '[COORDINATE SERVICE] - Requested method to get all coordinates' | 
01:31:20 | Info | '[COORDINATE SERVICE] - Requested method to get all coordinates' | 
01:31:20 | Info | '[COORDINATE CONTROLLER] - Requested method to create coordinate - Passing through the Coordinate Service' | 
01:31:20 | Info | '[COORDINATE CONTROLLER] - Requested method to create coordinate - Passing through the Coordinate Service' | 
01:31:20 | Info | '[COORDINATE SERVICE] - Requested method to create coordinates' | 
01:31:20 | Info | '[COORDINATE CONTROLLER] - Requested method to create coordinate - Passing through the Coordinate Service' | 
01:31:20 | Info | '[COORDINATE SERVICE] - Requested method to create coordinates' | 
01:31:20 | Info | '[COORDINATE SERVICE] - Requested method to create coordinates' | 
01:31:20 | Info | '[COORDINATE SERVICE] - Requested method to get all coordinates' | 
01:31:20 | Info | '[COORDINATE SERVICE] - Requested method to get all coordinates' | 
01:31:20 | Info | '[COORDINATE CONTROLLER] - Requested method to create coordinate - Passing through the Coordinate Service' | 
01:31:20 | Info | '[COORDINATE SERVICE] - Requested method to get all coordinates' | 
01:31:20 | Info | '[COORDINATE SERVICE] - Requested method to create coordinates' | 
01:31:20 | Info | '[COORDINATE SERVICE] - Requested method to get all coordinates' | 
01:31:20 | Info | '[COORDINATE CONTROLLER] - Requested method to create coordinate - Passing through the Coordinate Service' | 
01:31:20 | Info | '[COORDINATE SERVICE] - Requested method to create coordinates' | 
01:31:20 | Info | '[COORDINATE CONTROLLER] - Requested method to create coordinate - Passing through the Coordinate Service' | 
01:31:20 | Info | '[COORDINATE SERVICE] - Requested method to create coordinates' | 
01:31:20 | Info | '[COORDINATE SERVICE] - Requested method to create coordinates' | 
01:31:20 | Info | '[COORDINATE CONTROLLER] - Requested method to create coordinate - Passing through the Coordinate Service' | 
01:31:20 | Info | '[COORDINATE SERVICE] - Requested method to create coordinates' | 
01:31:20 | Info | '[COORDINATE CONTROLLER] - Requested method to create coordinate - Passing through the Coordinate Service' | 
01:31:20 | Info | '[COORDINATE SERVICE] - Requested method to get all coordinates' | 
01:31:20 | Info | '[COORDINATE SERVICE] - Requested method to get all coordinates' | 
01:31:20 | Info | '[COORDINATE SERVICE] - Requested method to get all coordinates' | 
01:31:20 | Info | '[COORDINATE CONTROLLER] - Requested method to create coordinate - Passing through the Coordinate Service' | 
01:31:20 | Info | '[COORDINATE SERVICE] - Requested method to get all coordinates' | 
01:31:20 | Info | '[COORDINATE SERVICE] - Requested method to create coordinates' | 
01:31:20 | Info | '[COORDINATE CONTROLLER] - Requested method to create coordinate - Passing through the Coordinate Service' | 
01:31:20 | Info | '[COORDINATE SERVICE] - Requested method to create coordinates' | 
01:31:20 | Info | '[COORDINATE SERVICE] - Requested method to get all coordinates' | 
01:31:20 | Info | '[COORDINATE SERVICE] - Requested method to get all coordinates' | 
01:31:21 | Info | '[COORDINATE SERVICE] - Requested method to create coordinates' | 
01:31:21 | Info | '[COORDINATE CONTROLLER] - Requested method to create coordinate - Passing through the Coordinate Service' | 
01:31:21 | Info | '[COORDINATE CONTROLLER] - Requested method to create coordinate - Passing through the Coordinate Service' | 
01:31:21 | Info | '[COORDINATE SERVICE] - Requested method to create coordinates' | 
01:31:21 | Info | '[COORDINATE SERVICE] - Requested method to get all coordinates' | 
01:31:21 | Info | '[COORDINATE SERVICE] - Requested method to get all coordinates' | 
01:31:21 | Info | '[COORDINATE SERVICE] - Requested method to create coordinates' | 
01:31:21 | Info | '[COORDINATE CONTROLLER] - Requested method to create coordinate - Passing through the Coordinate Service' | 
01:31:21 | Info | '[COORDINATE SERVICE] - Requested method to create coordinates' | 
01:31:21 | Info | '[COORDINATE CONTROLLER] - Requested method to create coordinate - Passing through the Coordinate Service' | 
01:31:21 | Info | '[COORDINATE CONTROLLER] - Requested method to create coordinate - Passing through the Coordinate Service' | 
01:31:21 | Info | '[COORDINATE CONTROLLER] - Requested method to create coordinate - Passing through the Coordinate Service' | 
01:31:21 | Info | '[COORDINATE SERVICE] - Requested method to create coordinates' | 
01:31:21 | Info | '[COORDINATE SERVICE] - Requested method to create coordinates' | 
01:31:21 | Info | '[COORDINATE SERVICE] - Requested method to get all coordinates' | 
01:31:21 | Info | '[COORDINATE SERVICE] - Requested method to get all coordinates' | 
01:31:21 | Info | '[COORDINATE CONTROLLER] - Requested method to create coordinate - Passing through the Coordinate Service' | 
01:31:21 | Info | '[COORDINATE SERVICE] - Requested method to get all coordinates' | 
01:31:21 | Info | '[COORDINATE SERVICE] - Requested method to create coordinates' | 
01:31:21 | Info | '[COORDINATE SERVICE] - Requested method to get all coordinates' | 
01:31:21 | Info | '[COORDINATE SERVICE] - Requested method to create coordinates' | 
01:31:21 | Info | '[COORDINATE CONTROLLER] - Requested method to create coordinate - Passing through the Coordinate Service' | 
01:31:21 | Info | '[COORDINATE SERVICE] - Requested method to get all coordinates' | 
01:31:21 | Info | '[COORDINATE SERVICE] - Requested method to get all coordinates' | 
01:31:21 | Info | '[COORDINATE CONTROLLER] - Requested method to create coordinate - Passing through the Coordinate Service' | 
01:31:21 | Info | '[COORDINATE CONTROLLER] - Requested method to create coordinate - Passing through the Coordinate Service' | 
01:31:21 | Info | '[COORDINATE SERVICE] - Requested method to create coordinates' | 
01:31:21 | Info | '[COORDINATE SERVICE] - Requested method to create coordinates' | 
01:31:21 | Info | '[COORDINATE SERVICE] - Requested method to get all coordinates' | 
01:31:21 | Info | '[COORDINATE SERVICE] - Requested method to get all coordinates' | 
01:31:21 | Info | '[COORDINATE CONTROLLER] - Requested method to create coordinate - Passing through the Coordinate Service' | 
01:31:21 | Info | '[COORDINATE SERVICE] - Requested method to create coordinates' | 
01:31:21 | Info | '[COORDINATE CONTROLLER] - Requested method to create coordinate - Passing through the Coordinate Service' | 
01:31:21 | Info | '[COORDINATE CONTROLLER] - Requested method to create coordinate - Passing through the Coordinate Service' | 
01:31:21 | Info | '[COORDINATE SERVICE] - Requested method to create coordinates' | 
01:31:21 | Info | '[COORDINATE CONTROLLER] - Requested method to create coordinate - Passing through the Coordinate Service' | 
01:31:21 | Info | '[COORDINATE SERVICE] - Requested method to create coordinates' | 
01:31:21 | Info | '[COORDINATE SERVICE] - Requested method to create coordinates' | 
01:31:21 | Info | '[COORDINATE SERVICE] - Requested method to get all coordinates' | 
01:31:21 | Info | '[COORDINATE SERVICE] - Requested method to get all coordinates' | 
01:31:21 | Info | '[COORDINATE SERVICE] - Requested method to get all coordinates' | 
01:31:21 | Info | '[COORDINATE SERVICE] - Requested method to create coordinates' | 
01:31:21 | Info | '[COORDINATE CONTROLLER] - Requested method to create coordinate - Passing through the Coordinate Service' | 
01:31:21 | Info | '[COORDINATE CONTROLLER] - Requested method to create coordinate - Passing through the Coordinate Service' | 
01:31:21 | Info | '[COORDINATE SERVICE] - Requested method to create coordinates' | 
01:31:21 | Info | '[COORDINATE SERVICE] - Requested method to get all coordinates' | 
01:31:21 | Info | '[COORDINATE SERVICE] - Requested method to get all coordinates' | 
01:31:21 | Info | '[COORDINATE SERVICE] - Requested method to get all coordinates' | 
01:31:21 | Info | '[COORDINATE CONTROLLER] - Requested method to create coordinate - Passing through the Coordinate Service' | 
01:31:21 | Info | '[COORDINATE SERVICE] - Requested method to create coordinates' | 
01:31:21 | Info | '[COORDINATE SERVICE] - Requested method to create coordinates' | 
01:31:21 | Info | '[COORDINATE CONTROLLER] - Requested method to create coordinate - Passing through the Coordinate Service' | 
01:31:21 | Info | '[COORDINATE SERVICE] - Requested method to get all coordinates' | 
01:31:21 | Info | '[COORDINATE CONTROLLER] - Requested method to create coordinate - Passing through the Coordinate Service' | 
01:31:21 | Info | '[COORDINATE SERVICE] - Requested method to get all coordinates' | 
01:31:21 | Info | '[COORDINATE CONTROLLER] - Requested method to create coordinate - Passing through the Coordinate Service' | 
01:31:21 | Info | '[COORDINATE SERVICE] - Requested method to create coordinates' | 
01:31:21 | Info | '[COORDINATE SERVICE] - Requested method to create coordinates' | 
01:31:21 | Info | '[COORDINATE SERVICE] - Requested method to create coordinates' | 
01:31:21 | Info | '[COORDINATE SERVICE] - Requested method to create coordinates' | 
01:31:21 | Info | '[COORDINATE CONTROLLER] - Requested method to create coordinate - Passing through the Coordinate Service' | 
01:31:21 | Info | '[COORDINATE CONTROLLER] - Requested method to create coordinate - Passing through the Coordinate Service' | 
01:31:21 | Info | '[COORDINATE SERVICE] - Requested method to get all coordinates' | 
01:31:21 | Info | '[COORDINATE SERVICE] - Requested method to get all coordinates' | 
01:31:21 | Info | '[COORDINATE SERVICE] - Requested method to get all coordinates' | 
01:31:21 | Info | '[COORDINATE CONTROLLER] - Requested method to create coordinate - Passing through the Coordinate Service' | 
01:31:21 | Info | '[COORDINATE SERVICE] - Requested method to get all coordinates' | 
01:31:21 | Info | '[COORDINATE SERVICE] - Requested method to create coordinates' | 
01:31:21 | Info | '[COORDINATE SERVICE] - Requested method to create coordinates' | 
01:31:21 | Info | '[COORDINATE CONTROLLER] - Requested method to create coordinate - Passing through the Coordinate Service' | 
01:31:21 | Info | '[COORDINATE SERVICE] - Requested method to get all coordinates' | 
01:31:21 | Info | '[COORDINATE CONTROLLER] - Requested method to create coordinate - Passing through the Coordinate Service' | 
01:31:21 | Info | '[COORDINATE SERVICE] - Requested method to get all coordinates' | 
01:31:21 | Info | '[COORDINATE SERVICE] - Requested method to create coordinates' | 
01:31:21 | Info | '[COORDINATE CONTROLLER] - Requested method to create coordinate - Passing through the Coordinate Service' | 
01:31:21 | Info | '[COORDINATE SERVICE] - Requested method to create coordinates' | 
01:31:21 | Info | '[COORDINATE SERVICE] - Requested method to get all coordinates' | 
01:31:21 | Info | '[COORDINATE SERVICE] - Requested method to create coordinates' | 
01:31:21 | Info | '[COORDINATE CONTROLLER] - Requested method to create coordinate - Passing through the Coordinate Service' | 
01:31:21 | Info | '[COORDINATE SERVICE] - Requested method to get all coordinates' | 
01:31:21 | Info | '[COORDINATE SERVICE] - Requested method to create coordinates' | 
01:31:21 | Info | '[COORDINATE CONTROLLER] - Requested method to create coordinate - Passing through the Coordinate Service' | 
01:31:21 | Info | '[COORDINATE CONTROLLER] - Requested method to create coordinate - Passing through the Coordinate Service' | 
01:31:21 | Info | '[COORDINATE SERVICE] - Requested method to create coordinates' | 
01:31:21 | Info | '[COORDINATE SERVICE] - Requested method to create coordinates' | 
01:31:21 | Info | '[COORDINATE CONTROLLER] - Requested method to create coordinate - Passing through the Coordinate Service' | 
01:31:21 | Info | '[COORDINATE SERVICE] - Requested method to get all coordinates' | 
01:31:21 | Info | '[COORDINATE SERVICE] - Requested method to get all coordinates' | 
01:31:21 | Info | '[COORDINATE SERVICE] - Requested method to get all coordinates' | 
01:31:21 | Info | '[COORDINATE SERVICE] - Requested method to create coordinates' | 
01:31:21 | Info | '[COORDINATE CONTROLLER] - Requested method to create coordinate - Passing through the Coordinate Service' | 
01:31:21 | Info | '[COORDINATE SERVICE] - Requested method to get all coordinates' | 
01:31:21 | Info | '[COORDINATE CONTROLLER] - Requested method to create coordinate - Passing through the Coordinate Service' | 
01:31:21 | Info | '[COORDINATE SERVICE] - Requested method to create coordinates' | 
01:31:21 | Info | '[COORDINATE SERVICE] - Requested method to get all coordinates' | 
01:31:21 | Info | '[COORDINATE SERVICE] - Requested method to get all coordinates' | 
01:31:21 | Info | '[COORDINATE CONTROLLER] - Requested method to create coordinate - Passing through the Coordinate Service' | 
01:31:21 | Info | '[COORDINATE CONTROLLER] - Requested method to create coordinate - Passing through the Coordinate Service' | 
01:31:21 | Info | '[COORDINATE SERVICE] - Requested method to create coordinates' | 
01:31:21 | Info | '[COORDINATE SERVICE] - Requested method to create coordinates' | 
01:31:21 | Info | '[COORDINATE SERVICE] - Requested method to get all coordinates' | 
01:31:21 | Info | '[COORDINATE SERVICE] - Requested method to create coordinates' | 
01:31:21 | Info | '[COORDINATE SERVICE] - Requested method to get all coordinates' | 
01:31:21 | Info | '[COORDINATE CONTROLLER] - Requested method to create coordinate - Passing through the Coordinate Service' | 
01:31:21 | Info | '[COORDINATE CONTROLLER] - Requested method to create coordinate - Passing through the Coordinate Service' | 
01:31:21 | Info | '[COORDINATE SERVICE] - Requested method to create coordinates' | 
01:31:21 | Info | '[COORDINATE CONTROLLER] - Requested method to create coordinate - Passing through the Coordinate Service' | 
01:31:21 | Info | '[COORDINATE SERVICE] - Requested method to create coordinates' | 
01:31:21 | Info | '[COORDINATE CONTROLLER] - Requested method to create coordinate - Passing through the Coordinate Service' | 
01:31:21 | Info | '[COORDINATE SERVICE] - Requested method to create coordinates' | 
01:31:21 | Info | '[COORDINATE SERVICE] - Requested method to get all coordinates' | 
01:31:21 | Info | '[COORDINATE SERVICE] - Requested method to get all coordinates' | 
01:31:21 | Info | '[COORDINATE SERVICE] - Requested method to get all coordinates' | 
01:31:21 | Info | '[COORDINATE CONTROLLER] - Requested method to create coordinate - Passing through the Coordinate Service' | 
01:31:21 | Info | '[COORDINATE SERVICE] - Requested method to create coordinates' | 
01:31:21 | Info | '[COORDINATE CONTROLLER] - Requested method to create coordinate - Passing through the Coordinate Service' | 
01:31:21 | Info | '[COORDINATE SERVICE] - Requested method to create coordinates' | 
01:31:21 | Info | '[COORDINATE SERVICE] - Requested method to get all coordinates' | 
01:31:21 | Info | '[COORDINATE SERVICE] - Requested method to get all coordinates' | 
01:31:21 | Info | '[COORDINATE SERVICE] - Requested method to get all coordinates' | 
01:31:21 | Info | '[COORDINATE CONTROLLER] - Requested method to create coordinate - Passing through the Coordinate Service' | 
01:31:21 | Info | '[COORDINATE SERVICE] - Requested method to create coordinates' | 
01:31:21 | Info | '[COORDINATE CONTROLLER] - Requested method to create coordinate - Passing through the Coordinate Service' | 
01:31:21 | Info | '[COORDINATE SERVICE] - Requested method to create coordinates' | 
01:31:21 | Info | '[COORDINATE SERVICE] - Requested method to get all coordinates' | 
01:31:21 | Info | '[COORDINATE SERVICE] - Requested method to create coordinates' | 
01:31:21 | Info | '[COORDINATE SERVICE] - Requested method to get all coordinates' | 
01:31:21 | Info | '[COORDINATE CONTROLLER] - Requested method to create coordinate - Passing through the Coordinate Service' | 
01:31:21 | Info | '[COORDINATE SERVICE] - Requested method to create coordinates' | 
01:31:21 | Info | '[COORDINATE CONTROLLER] - Requested method to create coordinate - Passing through the Coordinate Service' | 
01:31:21 | Info | '[COORDINATE CONTROLLER] - Requested method to create coordinate - Passing through the Coordinate Service' | 
01:31:21 | Info | '[COORDINATE SERVICE] - Requested method to create coordinates' | 
01:31:21 | Info | '[COORDINATE CONTROLLER] - Requested method to create coordinate - Passing through the Coordinate Service' | 
01:31:21 | Info | '[COORDINATE SERVICE] - Requested method to create coordinates' | 
01:31:21 | Info | '[COORDINATE SERVICE] - Requested method to get all coordinates' | 
01:31:21 | Info | '[COORDINATE SERVICE] - Requested method to get all coordinates' | 
01:31:21 | Info | '[COORDINATE SERVICE] - Requested method to get all coordinates' | 
01:31:21 | Info | '[COORDINATE SERVICE] - Requested method to get all coordinates' | 
01:31:21 | Info | '[COORDINATE CONTROLLER] - Requested method to create coordinate - Passing through the Coordinate Service' | 
01:31:21 | Info | '[COORDINATE SERVICE] - Requested method to create coordinates' | 
01:31:21 | Info | '[COORDINATE CONTROLLER] - Requested method to create coordinate - Passing through the Coordinate Service' | 
01:31:21 | Info | '[COORDINATE SERVICE] - Requested method to create coordinates' | 
01:31:21 | Info | '[COORDINATE SERVICE] - Requested method to get all coordinates' | 
01:31:21 | Info | '[COORDINATE SERVICE] - Requested method to get all coordinates' | 
01:31:21 | Info | '[COORDINATE CONTROLLER] - Requested method to create coordinate - Passing through the Coordinate Service' | 
01:31:21 | Info | '[COORDINATE SERVICE] - Requested method to create coordinates' | 
01:31:21 | Info | '[COORDINATE CONTROLLER] - Requested method to create coordinate - Passing through the Coordinate Service' | 
01:31:21 | Info | '[COORDINATE SERVICE] - Requested method to create coordinates' | 
01:31:21 | Info | '[COORDINATE SERVICE] - Requested method to get all coordinates' | 
01:31:21 | Info | '[COORDINATE SERVICE] - Requested method to get all coordinates' | 
01:31:21 | Info | '[COORDINATE SERVICE] - Requested method to create coordinates' | 
01:31:21 | Info | '[COORDINATE CONTROLLER] - Requested method to create coordinate - Passing through the Coordinate Service' | 
01:31:21 | Info | '[COORDINATE CONTROLLER] - Requested method to create coordinate - Passing through the Coordinate Service' | 
01:31:21 | Info | '[COORDINATE CONTROLLER] - Requested method to create coordinate - Passing through the Coordinate Service' | 
01:31:21 | Info | '[COORDINATE SERVICE] - Requested method to create coordinates' | 
01:31:21 | Info | '[COORDINATE SERVICE] - Requested method to create coordinates' | 
01:31:21 | Info | '[COORDINATE CONTROLLER] - Requested method to create coordinate - Passing through the Coordinate Service' | 
01:31:21 | Info | '[COORDINATE SERVICE] - Requested method to create coordinates' | 
01:31:21 | Info | '[COORDINATE SERVICE] - Requested method to get all coordinates' | 
01:31:21 | Info | '[COORDINATE SERVICE] - Requested method to get all coordinates' | 
01:31:21 | Info | '[COORDINATE SERVICE] - Requested method to get all coordinates' | 
01:31:21 | Info | '[COORDINATE CONTROLLER] - Requested method to create coordinate - Passing through the Coordinate Service' | 
01:31:21 | Info | '[COORDINATE CONTROLLER] - Requested method to create coordinate - Passing through the Coordinate Service' | 
01:31:21 | Info | '[COORDINATE SERVICE] - Requested method to create coordinates' | 
01:31:21 | Info | '[COORDINATE SERVICE] - Requested method to get all coordinates' | 
01:31:21 | Info | '[COORDINATE SERVICE] - Requested method to create coordinates' | 
01:31:21 | Info | '[COORDINATE SERVICE] - Requested method to get all coordinates' | 
01:31:21 | Info | '[COORDINATE SERVICE] - Requested method to get all coordinates' | 
01:31:21 | Info | '[COORDINATE SERVICE] - Requested method to create coordinates' | 
01:31:21 | Info | '[COORDINATE CONTROLLER] - Requested method to create coordinate - Passing through the Coordinate Service' | 
01:31:21 | Info | '[COORDINATE SERVICE] - Requested method to create coordinates' | 
01:31:21 | Info | '[COORDINATE CONTROLLER] - Requested method to create coordinate - Passing through the Coordinate Service' | 
01:31:21 | Info | '[COORDINATE SERVICE] - Requested method to get all coordinates' | 
01:31:21 | Info | '[COORDINATE SERVICE] - Requested method to create coordinates' | 
01:31:21 | Info | '[COORDINATE SERVICE] - Requested method to get all coordinates' | 
01:31:21 | Info | '[COORDINATE CONTROLLER] - Requested method to create coordinate - Passing through the Coordinate Service' | 
01:31:21 | Info | '[COORDINATE SERVICE] - Requested method to create coordinates' | 
01:31:21 | Info | '[COORDINATE CONTROLLER] - Requested method to create coordinate - Passing through the Coordinate Service' | 
01:31:21 | Info | '[COORDINATE SERVICE] - Requested method to create coordinates' | 
01:31:21 | Info | '[COORDINATE CONTROLLER] - Requested method to create coordinate - Passing through the Coordinate Service' | 
01:31:21 | Info | '[COORDINATE CONTROLLER] - Requested method to create coordinate - Passing through the Coordinate Service' | 
01:31:21 | Info | '[COORDINATE SERVICE] - Requested method to create coordinates' | 
01:31:21 | Info | '[COORDINATE SERVICE] - Requested method to get all coordinates' | 
01:31:21 | Info | '[COORDINATE SERVICE] - Requested method to get all coordinates' | 
01:31:21 | Info | '[COORDINATE CONTROLLER] - Requested method to create coordinate - Passing through the Coordinate Service' | 
01:31:21 | Info | '[COORDINATE SERVICE] - Requested method to get all coordinates' | 
01:31:21 | Info | '[COORDINATE SERVICE] - Requested method to create coordinates' | 
01:31:21 | Info | '[COORDINATE SERVICE] - Requested method to get all coordinates' | 
01:31:21 | Info | '[COORDINATE CONTROLLER] - Requested method to create coordinate - Passing through the Coordinate Service' | 
01:31:21 | Info | '[COORDINATE SERVICE] - Requested method to create coordinates' | 
01:31:21 | Info | '[COORDINATE SERVICE] - Requested method to get all coordinates' | 
01:31:21 | Info | '[COORDINATE CONTROLLER] - Requested method to create coordinate - Passing through the Coordinate Service' | 
01:31:21 | Info | '[COORDINATE SERVICE] - Requested method to get all coordinates' | 
01:31:21 | Info | '[COORDINATE CONTROLLER] - Requested method to create coordinate - Passing through the Coordinate Service' | 
01:31:21 | Info | '[COORDINATE SERVICE] - Requested method to create coordinates' | 
01:31:21 | Info | '[COORDINATE SERVICE] - Requested method to create coordinates' | 
01:31:21 | Info | '[COORDINATE SERVICE] - Requested method to get all coordinates' | 
01:31:21 | Info | '[COORDINATE SERVICE] - Requested method to create coordinates' | 
01:31:21 | Info | '[COORDINATE SERVICE] - Requested method to get all coordinates' | 
01:31:21 | Info | '[COORDINATE CONTROLLER] - Requested method to create coordinate - Passing through the Coordinate Service' | 
01:31:21 | Info | '[COORDINATE CONTROLLER] - Requested method to create coordinate - Passing through the Coordinate Service' | 
01:31:21 | Info | '[COORDINATE SERVICE] - Requested method to create coordinates' | 
01:31:21 | Info | '[COORDINATE CONTROLLER] - Requested method to create coordinate - Passing through the Coordinate Service' | 
01:31:21 | Info | '[COORDINATE CONTROLLER] - Requested method to create coordinate - Passing through the Coordinate Service' | 
01:31:21 | Info | '[COORDINATE SERVICE] - Requested method to create coordinates' | 
01:31:21 | Info | '[COORDINATE SERVICE] - Requested method to create coordinates' | 
01:31:21 | Info | '[COORDINATE SERVICE] - Requested method to get all coordinates' | 
01:31:21 | Info | '[COORDINATE SERVICE] - Requested method to get all coordinates' | 
01:31:21 | Info | '[COORDINATE SERVICE] - Requested method to get all coordinates' | 
01:31:21 | Info | '[COORDINATE SERVICE] - Requested method to get all coordinates' | 
01:31:21 | Info | '[COORDINATE SERVICE] - Requested method to create coordinates' | 
01:31:21 | Info | '[COORDINATE CONTROLLER] - Requested method to create coordinate - Passing through the Coordinate Service' | 
01:31:21 | Info | '[COORDINATE SERVICE] - Requested method to create coordinates' | 
01:31:21 | Info | '[COORDINATE CONTROLLER] - Requested method to create coordinate - Passing through the Coordinate Service' | 
01:31:21 | Info | '[COORDINATE SERVICE] - Requested method to get all coordinates' | 
01:31:21 | Info | '[COORDINATE SERVICE] - Requested method to create coordinates' | 
01:31:21 | Info | '[COORDINATE CONTROLLER] - Requested method to create coordinate - Passing through the Coordinate Service' | 
01:31:21 | Info | '[COORDINATE SERVICE] - Requested method to create coordinates' | 
01:31:21 | Info | '[COORDINATE CONTROLLER] - Requested method to create coordinate - Passing through the Coordinate Service' | 
01:31:21 | Info | '[COORDINATE SERVICE] - Requested method to get all coordinates' | 
01:31:21 | Info | '[COORDINATE SERVICE] - Requested method to get all coordinates' | 
01:31:21 | Info | '[COORDINATE CONTROLLER] - Requested method to create coordinate - Passing through the Coordinate Service' | 
01:31:21 | Info | '[COORDINATE SERVICE] - Requested method to get all coordinates' | 
01:31:21 | Info | '[COORDINATE SERVICE] - Requested method to create coordinates' | 
01:31:21 | Info | '[COORDINATE CONTROLLER] - Requested method to create coordinate - Passing through the Coordinate Service' | 
01:31:21 | Info | '[COORDINATE SERVICE] - Requested method to create coordinates' | 
01:31:21 | Info | '[COORDINATE CONTROLLER] - Requested method to create coordinate - Passing through the Coordinate Service' | 
01:31:21 | Info | '[COORDINATE CONTROLLER] - Requested method to create coordinate - Passing through the Coordinate Service' | 
01:31:21 | Info | '[COORDINATE SERVICE] - Requested method to create coordinates' | 
01:31:21 | Info | '[COORDINATE SERVICE] - Requested method to create coordinates' | 
01:31:21 | Info | '[COORDINATE SERVICE] - Requested method to get all coordinates' | 
01:31:21 | Info | '[COORDINATE SERVICE] - Requested method to get all coordinates' | 
01:31:21 | Info | '[COORDINATE SERVICE] - Requested method to get all coordinates' | 
01:31:21 | Info | '[COORDINATE SERVICE] - Requested method to create coordinates' | 
01:31:21 | Info | '[COORDINATE CONTROLLER] - Requested method to create coordinate - Passing through the Coordinate Service' | 
01:31:21 | Info | '[COORDINATE SERVICE] - Requested method to get all coordinates' | 
01:31:21 | Info | '[COORDINATE SERVICE] - Requested method to get all coordinates' | 
01:31:21 | Info | '[COORDINATE SERVICE] - Requested method to get all coordinates' | 
01:31:21 | Info | '[COORDINATE SERVICE] - Requested method to create coordinates' | 
01:31:21 | Info | '[COORDINATE CONTROLLER] - Requested method to create coordinate - Passing through the Coordinate Service' | 
01:31:21 | Info | '[COORDINATE CONTROLLER] - Requested method to create coordinate - Passing through the Coordinate Service' | 
01:31:21 | Info | '[COORDINATE CONTROLLER] - Requested method to create coordinate - Passing through the Coordinate Service' | 
01:31:21 | Info | '[COORDINATE SERVICE] - Requested method to create coordinates' | 
01:31:21 | Info | '[COORDINATE SERVICE] - Requested method to create coordinates' | 
01:31:21 | Info | '[COORDINATE CONTROLLER] - Requested method to create coordinate - Passing through the Coordinate Service' | 
01:31:21 | Info | '[COORDINATE SERVICE] - Requested method to create coordinates' | 
01:31:21 | Info | '[COORDINATE CONTROLLER] - Requested method to create coordinate - Passing through the Coordinate Service' | 
01:31:21 | Info | '[COORDINATE SERVICE] - Requested method to create coordinates' | 
01:31:21 | Info | '[COORDINATE SERVICE] - Requested method to get all coordinates' | 
01:31:21 | Info | '[COORDINATE CONTROLLER] - Requested method to create coordinate - Passing through the Coordinate Service' | 
01:31:21 | Info | '[COORDINATE SERVICE] - Requested method to create coordinates' | 
01:31:21 | Info | '[COORDINATE CONTROLLER] - Requested method to create coordinate - Passing through the Coordinate Service' | 
01:31:21 | Info | '[COORDINATE SERVICE] - Requested method to create coordinates' | 
01:31:21 | Info | '[COORDINATE CONTROLLER] - Requested method to create coordinate - Passing through the Coordinate Service' | 
01:31:21 | Info | '[COORDINATE SERVICE] - Requested method to create coordinates' | 
01:31:21 | Info | '[COORDINATE SERVICE] - Requested method to get all coordinates' | 
01:31:21 | Info | '[COORDINATE SERVICE] - Requested method to get all coordinates' | 
01:31:21 | Info | '[COORDINATE SERVICE] - Requested method to get all coordinates' | 
01:31:21 | Info | '[COORDINATE SERVICE] - Requested method to get all coordinates' | 
01:31:21 | Info | '[COORDINATE SERVICE] - Requested method to get all coordinates' | 
01:31:21 | Info | '[COORDINATE CONTROLLER] - Requested method to create coordinate - Passing through the Coordinate Service' | 
01:31:21 | Info | '[COORDINATE SERVICE] - Requested method to get all coordinates' | 
01:31:21 | Info | '[COORDINATE SERVICE] - Requested method to create coordinates' | 
01:31:21 | Info | '[COORDINATE SERVICE] - Requested method to get all coordinates' | 
01:31:21 | Info | '[COORDINATE CONTROLLER] - Requested method to create coordinate - Passing through the Coordinate Service' | 
01:31:21 | Info | '[COORDINATE CONTROLLER] - Requested method to create coordinate - Passing through the Coordinate Service' | 
01:31:21 | Info | '[COORDINATE SERVICE] - Requested method to create coordinates' | 
01:31:21 | Info | '[COORDINATE SERVICE] - Requested method to create coordinates' | 
01:31:21 | Info | '[COORDINATE CONTROLLER] - Requested method to create coordinate - Passing through the Coordinate Service' | 
01:31:21 | Info | '[COORDINATE SERVICE] - Requested method to create coordinates' | 
01:31:21 | Info | '[COORDINATE SERVICE] - Requested method to create coordinates' | 
01:31:21 | Info | '[COORDINATE CONTROLLER] - Requested method to create coordinate - Passing through the Coordinate Service' | 
01:31:21 | Info | '[COORDINATE SERVICE] - Requested method to get all coordinates' | 
01:31:21 | Info | '[COORDINATE SERVICE] - Requested method to get all coordinates' | 
01:31:21 | Info | '[COORDINATE SERVICE] - Requested method to get all coordinates' | 
01:31:21 | Info | '[COORDINATE SERVICE] - Requested method to create coordinates' | 
01:31:21 | Info | '[COORDINATE CONTROLLER] - Requested method to create coordinate - Passing through the Coordinate Service' | 
01:31:21 | Info | '[COORDINATE SERVICE] - Requested method to create coordinates' | 
01:31:21 | Info | '[COORDINATE SERVICE] - Requested method to create coordinates' | 
01:31:21 | Info | '[COORDINATE CONTROLLER] - Requested method to create coordinate - Passing through the Coordinate Service' | 
01:31:21 | Info | '[COORDINATE CONTROLLER] - Requested method to create coordinate - Passing through the Coordinate Service' | 
01:31:21 | Info | '[COORDINATE SERVICE] - Requested method to get all coordinates' | 
01:31:21 | Info | '[COORDINATE SERVICE] - Requested method to get all coordinates' | 
01:31:21 | Info | '[COORDINATE SERVICE] - Requested method to get all coordinates' | 
01:31:21 | Info | '[COORDINATE CONTROLLER] - Requested method to create coordinate - Passing through the Coordinate Service' | 
01:31:21 | Info | '[COORDINATE SERVICE] - Requested method to create coordinates' | 
01:31:21 | Info | '[COORDINATE SERVICE] - Requested method to get all coordinates' | 
01:31:21 | Info | '[COORDINATE SERVICE] - Requested method to get all coordinates' | 
01:31:21 | Info | '[COORDINATE SERVICE] - Requested method to create coordinates' | 
01:31:21 | Info | '[COORDINATE CONTROLLER] - Requested method to create coordinate - Passing through the Coordinate Service' | 
01:31:21 | Info | '[COORDINATE CONTROLLER] - Requested method to create coordinate - Passing through the Coordinate Service' | 
01:31:21 | Info | '[COORDINATE SERVICE] - Requested method to create coordinates' | 
01:31:21 | Info | '[COORDINATE SERVICE] - Requested method to create coordinates' | 
01:31:21 | Info | '[COORDINATE CONTROLLER] - Requested method to create coordinate - Passing through the Coordinate Service' | 
01:31:21 | Info | '[COORDINATE SERVICE] - Requested method to get all coordinates' | 
01:31:21 | Info | '[COORDINATE SERVICE] - Requested method to get all coordinates' | 
01:31:21 | Info | '[COORDINATE SERVICE] - Requested method to get all coordinates' | 
01:31:21 | Info | '[COORDINATE CONTROLLER] - Requested method to create coordinate - Passing through the Coordinate Service' | 
01:31:21 | Info | '[COORDINATE SERVICE] - Requested method to create coordinates' | 
01:31:21 | Info | '[COORDINATE CONTROLLER] - Requested method to create coordinate - Passing through the Coordinate Service' | 
01:31:21 | Info | '[COORDINATE CONTROLLER] - Requested method to create coordinate - Passing through the Coordinate Service' | 
01:31:21 | Info | '[COORDINATE SERVICE] - Requested method to create coordinates' | 
01:31:21 | Info | '[COORDINATE SERVICE] - Requested method to create coordinates' | 
01:31:21 | Info | '[COORDINATE SERVICE] - Requested method to get all coordinates' | 
01:31:21 | Info | '[COORDINATE SERVICE] - Requested method to get all coordinates' | 
01:31:21 | Info | '[COORDINATE CONTROLLER] - Requested method to create coordinate - Passing through the Coordinate Service' | 
01:31:21 | Info | '[COORDINATE SERVICE] - Requested method to create coordinates' | 
01:31:21 | Info | '[COORDINATE SERVICE] - Requested method to get all coordinates' | 
01:31:21 | Info | '[COORDINATE CONTROLLER] - Requested method to create coordinate - Passing through the Coordinate Service' | 
01:31:21 | Info | '[COORDINATE SERVICE] - Requested method to create coordinates' | 
01:31:21 | Info | '[COORDINATE CONTROLLER] - Requested method to create coordinate - Passing through the Coordinate Service' | 
01:31:21 | Info | '[COORDINATE SERVICE] - Requested method to get all coordinates' | 
01:31:21 | Info | '[COORDINATE SERVICE] - Requested method to get all coordinates' | 
01:31:21 | Info | '[COORDINATE SERVICE] - Requested method to create coordinates' | 
01:31:21 | Info | '[COORDINATE SERVICE] - Requested method to create coordinates' | 
01:31:21 | Info | '[COORDINATE SERVICE] - Requested method to create coordinates' | 
01:31:21 | Info | '[COORDINATE CONTROLLER] - Requested method to create coordinate - Passing through the Coordinate Service' | 
01:31:21 | Info | '[COORDINATE CONTROLLER] - Requested method to create coordinate - Passing through the Coordinate Service' | 
01:31:21 | Info | '[COORDINATE SERVICE] - Requested method to get all coordinates' | 
01:31:22 | Info | '[COORDINATE SERVICE] - Requested method to get all coordinates' | 
01:31:22 | Info | '[COORDINATE SERVICE] - Requested method to create coordinates' | 
01:31:22 | Info | '[COORDINATE CONTROLLER] - Requested method to create coordinate - Passing through the Coordinate Service' | 
01:31:22 | Info | '[COORDINATE SERVICE] - Requested method to create coordinates' | 
01:31:22 | Info | '[COORDINATE CONTROLLER] - Requested method to create coordinate - Passing through the Coordinate Service' | 
01:31:22 | Info | '[COORDINATE CONTROLLER] - Requested method to create coordinate - Passing through the Coordinate Service' | 
01:31:22 | Info | '[COORDINATE SERVICE] - Requested method to create coordinates' | 
01:31:22 | Info | '[COORDINATE SERVICE] - Requested method to get all coordinates' | 
01:31:22 | Info | '[COORDINATE SERVICE] - Requested method to get all coordinates' | 
01:31:22 | Info | '[COORDINATE SERVICE] - Requested method to get all coordinates' | 
01:31:22 | Info | '[COORDINATE SERVICE] - Requested method to get all coordinates' | 
01:31:22 | Info | '[COORDINATE SERVICE] - Requested method to create coordinates' | 
01:31:22 | Info | '[COORDINATE CONTROLLER] - Requested method to create coordinate - Passing through the Coordinate Service' | 
01:31:22 | Info | '[COORDINATE SERVICE] - Requested method to create coordinates' | 
01:31:22 | Info | '[COORDINATE CONTROLLER] - Requested method to create coordinate - Passing through the Coordinate Service' | 
01:31:22 | Info | '[COORDINATE SERVICE] - Requested method to get all coordinates' | 
01:31:22 | Info | '[COORDINATE SERVICE] - Requested method to get all coordinates' | 
01:31:22 | Info | '[COORDINATE CONTROLLER] - Requested method to create coordinate - Passing through the Coordinate Service' | 
01:31:22 | Info | '[COORDINATE CONTROLLER] - Requested method to create coordinate - Passing through the Coordinate Service' | 
01:31:22 | Info | '[COORDINATE SERVICE] - Requested method to create coordinates' | 
01:31:22 | Info | '[COORDINATE CONTROLLER] - Requested method to create coordinate - Passing through the Coordinate Service' | 
01:31:22 | Info | '[COORDINATE SERVICE] - Requested method to create coordinates' | 
01:31:22 | Info | '[COORDINATE SERVICE] - Requested method to create coordinates' | 
01:31:22 | Info | '[COORDINATE SERVICE] - Requested method to get all coordinates' | 
01:31:22 | Info | '[COORDINATE SERVICE] - Requested method to get all coordinates' | 
01:31:22 | Info | '[COORDINATE SERVICE] - Requested method to get all coordinates' | 
01:31:22 | Info | '[COORDINATE CONTROLLER] - Requested method to create coordinate - Passing through the Coordinate Service' | 
01:31:22 | Info | '[COORDINATE SERVICE] - Requested method to create coordinates' | 
01:31:22 | Info | '[COORDINATE SERVICE] - Requested method to create coordinates' | 
01:31:22 | Info | '[COORDINATE SERVICE] - Requested method to create coordinates' | 
01:31:22 | Info | '[COORDINATE CONTROLLER] - Requested method to create coordinate - Passing through the Coordinate Service' | 
01:31:22 | Info | '[COORDINATE CONTROLLER] - Requested method to create coordinate - Passing through the Coordinate Service' | 
01:31:22 | Info | '[COORDINATE SERVICE] - Requested method to get all coordinates' | 
01:31:22 | Info | '[COORDINATE SERVICE] - Requested method to get all coordinates' | 
01:31:22 | Info | '[COORDINATE SERVICE] - Requested method to get all coordinates' | 
01:31:22 | Info | '[COORDINATE CONTROLLER] - Requested method to create coordinate - Passing through the Coordinate Service' | 
01:31:22 | Info | '[COORDINATE SERVICE] - Requested method to create coordinates' | 
01:31:22 | Info | '[COORDINATE CONTROLLER] - Requested method to create coordinate - Passing through the Coordinate Service' | 
01:31:22 | Info | '[COORDINATE SERVICE] - Requested method to create coordinates' | 
01:31:22 | Info | '[COORDINATE CONTROLLER] - Requested method to create coordinate - Passing through the Coordinate Service' | 
01:31:22 | Info | '[COORDINATE SERVICE] - Requested method to get all coordinates' | 
01:31:22 | Info | '[COORDINATE CONTROLLER] - Requested method to create coordinate - Passing through the Coordinate Service' | 
01:31:22 | Info | '[COORDINATE SERVICE] - Requested method to create coordinates' | 
01:31:22 | Info | '[COORDINATE SERVICE] - Requested method to create coordinates' | 
01:31:22 | Info | '[COORDINATE SERVICE] - Requested method to get all coordinates' | 
01:31:22 | Info | '[COORDINATE CONTROLLER] - Requested method to create coordinate - Passing through the Coordinate Service' | 
01:31:22 | Info | '[COORDINATE SERVICE] - Requested method to create coordinates' | 
01:31:22 | Info | '[COORDINATE SERVICE] - Requested method to get all coordinates' | 
01:31:22 | Info | '[COORDINATE SERVICE] - Requested method to get all coordinates' | 
01:31:22 | Info | '[COORDINATE SERVICE] - Requested method to get all coordinates' | 
01:31:22 | Info | '[COORDINATE CONTROLLER] - Requested method to create coordinate - Passing through the Coordinate Service' | 
01:31:22 | Info | '[COORDINATE SERVICE] - Requested method to create coordinates' | 
01:31:22 | Info | '[COORDINATE CONTROLLER] - Requested method to create coordinate - Passing through the Coordinate Service' | 
01:31:22 | Info | '[COORDINATE SERVICE] - Requested method to create coordinates' | 
01:31:22 | Info | '[COORDINATE CONTROLLER] - Requested method to create coordinate - Passing through the Coordinate Service' | 
01:31:22 | Info | '[COORDINATE SERVICE] - Requested method to create coordinates' | 
01:31:22 | Info | '[COORDINATE SERVICE] - Requested method to get all coordinates' | 
01:31:22 | Info | '[COORDINATE SERVICE] - Requested method to get all coordinates' | 
01:31:22 | Info | '[COORDINATE CONTROLLER] - Requested method to create coordinate - Passing through the Coordinate Service' | 
01:31:22 | Info | '[COORDINATE SERVICE] - Requested method to get all coordinates' | 
01:31:22 | Info | '[COORDINATE SERVICE] - Requested method to create coordinates' | 
01:31:22 | Info | '[COORDINATE SERVICE] - Requested method to get all coordinates' | 
01:31:22 | Info | '[COORDINATE SERVICE] - Requested method to create coordinates' | 
01:31:22 | Info | '[COORDINATE CONTROLLER] - Requested method to create coordinate - Passing through the Coordinate Service' | 
01:31:22 | Info | '[COORDINATE CONTROLLER] - Requested method to create coordinate - Passing through the Coordinate Service' | 
01:31:22 | Info | '[COORDINATE SERVICE] - Requested method to create coordinates' | 
01:31:22 | Info | '[COORDINATE CONTROLLER] - Requested method to create coordinate - Passing through the Coordinate Service' | 
01:31:22 | Info | '[COORDINATE SERVICE] - Requested method to create coordinates' | 
01:31:22 | Info | '[COORDINATE SERVICE] - Requested method to create coordinates' | 
01:31:22 | Info | '[COORDINATE SERVICE] - Requested method to get all coordinates' | 
01:31:22 | Info | '[COORDINATE CONTROLLER] - Requested method to create coordinate - Passing through the Coordinate Service' | 
01:31:22 | Info | '[COORDINATE SERVICE] - Requested method to get all coordinates' | 
01:31:22 | Info | '[COORDINATE SERVICE] - Requested method to get all coordinates' | 
01:31:22 | Info | '[COORDINATE SERVICE] - Requested method to get all coordinates' | 
01:31:22 | Info | '[COORDINATE SERVICE] - Requested method to create coordinates' | 
01:31:22 | Info | '[COORDINATE CONTROLLER] - Requested method to create coordinate - Passing through the Coordinate Service' | 
01:31:22 | Info | '[COORDINATE CONTROLLER] - Requested method to create coordinate - Passing through the Coordinate Service' | 
01:31:22 | Info | '[COORDINATE SERVICE] - Requested method to create coordinates' | 
01:31:22 | Info | '[COORDINATE SERVICE] - Requested method to get all coordinates' | 
01:31:22 | Info | '[COORDINATE SERVICE] - Requested method to get all coordinates' | 
01:31:22 | Info | '[COORDINATE CONTROLLER] - Requested method to create coordinate - Passing through the Coordinate Service' | 
01:31:22 | Info | '[COORDINATE SERVICE] - Requested method to create coordinates' | 
01:31:22 | Info | '[COORDINATE SERVICE] - Requested method to create coordinates' | 
01:31:22 | Info | '[COORDINATE CONTROLLER] - Requested method to create coordinate - Passing through the Coordinate Service' | 
01:31:22 | Info | '[COORDINATE SERVICE] - Requested method to get all coordinates' | 
01:31:22 | Info | '[COORDINATE CONTROLLER] - Requested method to create coordinate - Passing through the Coordinate Service' | 
01:31:22 | Info | '[COORDINATE SERVICE] - Requested method to get all coordinates' | 
01:31:22 | Info | '[COORDINATE CONTROLLER] - Requested method to create coordinate - Passing through the Coordinate Service' | 
01:31:22 | Info | '[COORDINATE SERVICE] - Requested method to create coordinates' | 
01:31:22 | Info | '[COORDINATE SERVICE] - Requested method to create coordinates' | 
01:31:22 | Info | '[COORDINATE CONTROLLER] - Requested method to create coordinate - Passing through the Coordinate Service' | 
01:31:22 | Info | '[COORDINATE CONTROLLER] - Requested method to create coordinate - Passing through the Coordinate Service' | 
01:31:22 | Info | '[COORDINATE SERVICE] - Requested method to create coordinates' | 
01:31:22 | Info | '[COORDINATE SERVICE] - Requested method to create coordinates' | 
01:31:22 | Info | '[COORDINATE SERVICE] - Requested method to get all coordinates' | 
01:31:22 | Info | '[COORDINATE SERVICE] - Requested method to get all coordinates' | 
01:31:22 | Info | '[COORDINATE CONTROLLER] - Requested method to create coordinate - Passing through the Coordinate Service' | 
01:31:22 | Info | '[COORDINATE SERVICE] - Requested method to get all coordinates' | 
01:31:22 | Info | '[COORDINATE CONTROLLER] - Requested method to create coordinate - Passing through the Coordinate Service' | 
01:31:22 | Info | '[COORDINATE SERVICE] - Requested method to create coordinates' | 
01:31:22 | Info | '[COORDINATE SERVICE] - Requested method to get all coordinates' | 
01:31:22 | Info | '[COORDINATE SERVICE] - Requested method to create coordinates' | 
01:31:22 | Info | '[COORDINATE SERVICE] - Requested method to get all coordinates' | 
01:31:22 | Info | '[COORDINATE SERVICE] - Requested method to get all coordinates' | 
01:31:22 | Info | '[COORDINATE CONTROLLER] - Requested method to create coordinate - Passing through the Coordinate Service' | 
01:31:22 | Info | '[COORDINATE CONTROLLER] - Requested method to create coordinate - Passing through the Coordinate Service' | 
01:31:22 | Info | '[COORDINATE SERVICE] - Requested method to create coordinates' | 
01:31:22 | Info | '[COORDINATE SERVICE] - Requested method to create coordinates' | 
01:31:22 | Info | '[COORDINATE SERVICE] - Requested method to get all coordinates' | 
01:31:22 | Info | '[COORDINATE CONTROLLER] - Requested method to create coordinate - Passing through the Coordinate Service' | 
01:31:22 | Info | '[COORDINATE CONTROLLER] - Requested method to create coordinate - Passing through the Coordinate Service' | 
01:31:22 | Info | '[COORDINATE SERVICE] - Requested method to create coordinates' | 
01:31:22 | Info | '[COORDINATE CONTROLLER] - Requested method to create coordinate - Passing through the Coordinate Service' | 
01:31:22 | Info | '[COORDINATE CONTROLLER] - Requested method to create coordinate - Passing through the Coordinate Service' | 
01:31:22 | Info | '[COORDINATE SERVICE] - Requested method to create coordinates' | 
01:31:22 | Info | '[COORDINATE SERVICE] - Requested method to create coordinates' | 
01:31:22 | Info | '[COORDINATE SERVICE] - Requested method to get all coordinates' | 
01:31:22 | Info | '[COORDINATE SERVICE] - Requested method to create coordinates' | 
01:31:22 | Info | '[COORDINATE SERVICE] - Requested method to get all coordinates' | 
01:31:22 | Info | '[COORDINATE SERVICE] - Requested method to get all coordinates' | 
01:31:22 | Info | '[COORDINATE CONTROLLER] - Requested method to create coordinate - Passing through the Coordinate Service' | 
01:31:22 | Info | '[COORDINATE SERVICE] - Requested method to get all coordinates' | 
01:31:22 | Info | '[COORDINATE CONTROLLER] - Requested method to create coordinate - Passing through the Coordinate Service' | 
01:31:22 | Info | '[COORDINATE SERVICE] - Requested method to create coordinates' | 
01:31:22 | Info | '[COORDINATE SERVICE] - Requested method to create coordinates' | 
01:31:22 | Info | '[COORDINATE SERVICE] - Requested method to get all coordinates' | 
01:31:22 | Info | '[COORDINATE CONTROLLER] - Requested method to create coordinate - Passing through the Coordinate Service' | 
01:31:22 | Info | '[COORDINATE SERVICE] - Requested method to get all coordinates' | 
01:31:22 | Info | '[COORDINATE SERVICE] - Requested method to get all coordinates' | 
01:31:22 | Info | '[COORDINATE SERVICE] - Requested method to create coordinates' | 
01:31:22 | Info | '[COORDINATE CONTROLLER] - Requested method to create coordinate - Passing through the Coordinate Service' | 
01:31:22 | Info | '[COORDINATE SERVICE] - Requested method to create coordinates' | 
01:31:22 | Info | '[COORDINATE SERVICE] - Requested method to get all coordinates' | 
01:31:22 | Info | '[COORDINATE CONTROLLER] - Requested method to create coordinate - Passing through the Coordinate Service' | 
01:31:22 | Info | '[COORDINATE SERVICE] - Requested method to create coordinates' | 
01:31:22 | Info | '[COORDINATE CONTROLLER] - Requested method to create coordinate - Passing through the Coordinate Service' | 
01:31:22 | Info | '[COORDINATE SERVICE] - Requested method to create coordinates' | 
01:31:22 | Info | '[COORDINATE CONTROLLER] - Requested method to create coordinate - Passing through the Coordinate Service' | 
01:31:22 | Info | '[COORDINATE SERVICE] - Requested method to create coordinates' | 
01:31:22 | Info | '[COORDINATE SERVICE] - Requested method to get all coordinates' | 
01:31:22 | Info | '[COORDINATE SERVICE] - Requested method to get all coordinates' | 
01:31:22 | Info | '[COORDINATE SERVICE] - Requested method to get all coordinates' | 
01:31:22 | Info | '[COORDINATE SERVICE] - Requested method to get all coordinates' | 
01:31:22 | Info | '[COORDINATE SERVICE] - Requested method to get all coordinates' | 
01:31:22 | Info | '[COORDINATE CONTROLLER] - Requested method to create coordinate - Passing through the Coordinate Service' | 
01:31:22 | Info | '[COORDINATE CONTROLLER] - Requested method to create coordinate - Passing through the Coordinate Service' | 
01:31:22 | Info | '[COORDINATE SERVICE] - Requested method to create coordinates' | 
01:31:22 | Info | '[COORDINATE CONTROLLER] - Requested method to create coordinate - Passing through the Coordinate Service' | 
01:31:22 | Info | '[COORDINATE SERVICE] - Requested method to create coordinates' | 
01:31:22 | Info | '[COORDINATE SERVICE] - Requested method to create coordinates' | 
01:31:22 | Info | '[COORDINATE CONTROLLER] - Requested method to create coordinate - Passing through the Coordinate Service' | 
01:31:22 | Info | '[COORDINATE SERVICE] - Requested method to create coordinates' | 
01:31:22 | Info | '[COORDINATE SERVICE] - Requested method to get all coordinates' | 
01:31:22 | Info | '[COORDINATE SERVICE] - Requested method to get all coordinates' | 
01:31:22 | Info | '[COORDINATE SERVICE] - Requested method to get all coordinates' | 
01:31:22 | Info | '[COORDINATE SERVICE] - Requested method to get all coordinates' | 
01:31:22 | Info | '[COORDINATE CONTROLLER] - Requested method to create coordinate - Passing through the Coordinate Service' | 
01:31:22 | Info | '[COORDINATE SERVICE] - Requested method to create coordinates' | 
01:31:22 | Info | '[COORDINATE CONTROLLER] - Requested method to create coordinate - Passing through the Coordinate Service' | 
01:31:22 | Info | '[COORDINATE SERVICE] - Requested method to create coordinates' | 
01:31:22 | Info | '[COORDINATE CONTROLLER] - Requested method to create coordinate - Passing through the Coordinate Service' | 
01:31:22 | Info | '[COORDINATE SERVICE] - Requested method to create coordinates' | 
01:31:22 | Info | '[COORDINATE CONTROLLER] - Requested method to create coordinate - Passing through the Coordinate Service' | 
01:31:22 | Info | '[COORDINATE SERVICE] - Requested method to create coordinates' | 
01:31:22 | Info | '[COORDINATE CONTROLLER] - Requested method to create coordinate - Passing through the Coordinate Service' | 
01:31:22 | Info | '[COORDINATE SERVICE] - Requested method to create coordinates' | 
01:31:22 | Info | '[COORDINATE SERVICE] - Requested method to get all coordinates' | 
01:31:22 | Info | '[COORDINATE SERVICE] - Requested method to get all coordinates' | 
01:31:22 | Info | '[COORDINATE SERVICE] - Requested method to get all coordinates' | 
01:31:22 | Info | '[COORDINATE SERVICE] - Requested method to get all coordinates' | 
01:31:22 | Info | '[COORDINATE SERVICE] - Requested method to create coordinates' | 
01:31:22 | Info | '[COORDINATE CONTROLLER] - Requested method to create coordinate - Passing through the Coordinate Service' | 
01:31:22 | Info | '[COORDINATE CONTROLLER] - Requested method to create coordinate - Passing through the Coordinate Service' | 
01:31:22 | Info | '[COORDINATE SERVICE] - Requested method to create coordinates' | 
01:31:22 | Info | '[COORDINATE CONTROLLER] - Requested method to create coordinate - Passing through the Coordinate Service' | 
01:31:22 | Info | '[COORDINATE SERVICE] - Requested method to get all coordinates' | 
01:31:22 | Info | '[COORDINATE SERVICE] - Requested method to create coordinates' | 
01:31:22 | Info | '[COORDINATE SERVICE] - Requested method to get all coordinates' | 
01:31:22 | Info | '[COORDINATE CONTROLLER] - Requested method to create coordinate - Passing through the Coordinate Service' | 
01:31:22 | Info | '[COORDINATE SERVICE] - Requested method to create coordinates' | 
01:31:22 | Info | '[COORDINATE SERVICE] - Requested method to get all coordinates' | 
01:31:22 | Info | '[COORDINATE SERVICE] - Requested method to get all coordinates' | 
01:31:22 | Info | '[COORDINATE CONTROLLER] - Requested method to create coordinate - Passing through the Coordinate Service' | 
01:31:22 | Info | '[COORDINATE SERVICE] - Requested method to create coordinates' | 
01:31:22 | Info | '[COORDINATE SERVICE] - Requested method to get all coordinates' | 
01:31:22 | Info | '[COORDINATE CONTROLLER] - Requested method to create coordinate - Passing through the Coordinate Service' | 
01:31:22 | Info | '[COORDINATE CONTROLLER] - Requested method to create coordinate - Passing through the Coordinate Service' | 
01:31:22 | Info | '[COORDINATE SERVICE] - Requested method to create coordinates' | 
01:31:22 | Info | '[COORDINATE CONTROLLER] - Requested method to create coordinate - Passing through the Coordinate Service' | 
01:31:22 | Info | '[COORDINATE SERVICE] - Requested method to create coordinates' | 
01:31:22 | Info | '[COORDINATE CONTROLLER] - Requested method to create coordinate - Passing through the Coordinate Service' | 
01:31:22 | Info | '[COORDINATE SERVICE] - Requested method to create coordinates' | 
01:31:22 | Info | '[COORDINATE CONTROLLER] - Requested method to create coordinate - Passing through the Coordinate Service' | 
01:31:22 | Info | '[COORDINATE SERVICE] - Requested method to create coordinates' | 
01:31:22 | Info | '[COORDINATE SERVICE] - Requested method to get all coordinates' | 
01:31:22 | Info | '[COORDINATE SERVICE] - Requested method to create coordinates' | 
01:31:22 | Info | '[COORDINATE SERVICE] - Requested method to get all coordinates' | 
01:31:22 | Info | '[COORDINATE CONTROLLER] - Requested method to create coordinate - Passing through the Coordinate Service' | 
01:31:22 | Info | '[COORDINATE SERVICE] - Requested method to create coordinates' | 
01:31:22 | Info | '[COORDINATE SERVICE] - Requested method to get all coordinates' | 
01:31:22 | Info | '[COORDINATE SERVICE] - Requested method to get all coordinates' | 
01:31:22 | Info | '[COORDINATE SERVICE] - Requested method to create coordinates' | 
01:31:22 | Info | '[COORDINATE CONTROLLER] - Requested method to create coordinate - Passing through the Coordinate Service' | 
01:31:22 | Info | '[COORDINATE SERVICE] - Requested method to get all coordinates' | 
01:31:22 | Info | '[COORDINATE SERVICE] - Requested method to get all coordinates' | 
01:31:22 | Info | '[COORDINATE CONTROLLER] - Requested method to create coordinate - Passing through the Coordinate Service' | 
01:31:22 | Info | '[COORDINATE SERVICE] - Requested method to create coordinates' | 
01:31:22 | Info | '[COORDINATE SERVICE] - Requested method to get all coordinates' | 
01:31:22 | Info | '[COORDINATE SERVICE] - Requested method to get all coordinates' | 
01:31:22 | Info | '[COORDINATE SERVICE] - Requested method to create coordinates' | 
01:31:22 | Info | '[COORDINATE CONTROLLER] - Requested method to create coordinate - Passing through the Coordinate Service' | 
01:31:22 | Info | '[COORDINATE CONTROLLER] - Requested method to create coordinate - Passing through the Coordinate Service' | 
01:31:22 | Info | '[COORDINATE SERVICE] - Requested method to create coordinates' | 
01:31:22 | Info | '[COORDINATE CONTROLLER] - Requested method to create coordinate - Passing through the Coordinate Service' | 
01:31:22 | Info | '[COORDINATE CONTROLLER] - Requested method to create coordinate - Passing through the Coordinate Service' | 
01:31:22 | Info | '[COORDINATE SERVICE] - Requested method to create coordinates' | 
01:31:22 | Info | '[COORDINATE SERVICE] - Requested method to create coordinates' | 
01:31:22 | Info | '[COORDINATE SERVICE] - Requested method to get all coordinates' | 
01:31:22 | Info | '[COORDINATE SERVICE] - Requested method to get all coordinates' | 
01:31:22 | Info | '[COORDINATE SERVICE] - Requested method to get all coordinates' | 
01:31:22 | Info | '[COORDINATE SERVICE] - Requested method to get all coordinates' | 
01:31:22 | Info | '[COORDINATE SERVICE] - Requested method to get all coordinates' | 
01:31:22 | Info | '[COORDINATE CONTROLLER] - Requested method to create coordinate - Passing through the Coordinate Service' | 
01:31:22 | Info | '[COORDINATE SERVICE] - Requested method to create coordinates' | 
01:31:22 | Info | '[COORDINATE CONTROLLER] - Requested method to create coordinate - Passing through the Coordinate Service' | 
01:31:22 | Info | '[COORDINATE CONTROLLER] - Requested method to create coordinate - Passing through the Coordinate Service' | 
01:31:22 | Info | '[COORDINATE SERVICE] - Requested method to create coordinates' | 
01:31:22 | Info | '[COORDINATE SERVICE] - Requested method to create coordinates' | 
01:31:22 | Info | '[COORDINATE SERVICE] - Requested method to get all coordinates' | 
01:31:22 | Info | '[COORDINATE CONTROLLER] - Requested method to create coordinate - Passing through the Coordinate Service' | 
01:31:22 | Info | '[COORDINATE SERVICE] - Requested method to create coordinates' | 
01:31:22 | Info | '[COORDINATE SERVICE] - Requested method to get all coordinates' | 
01:31:22 | Info | '[COORDINATE CONTROLLER] - Requested method to create coordinate - Passing through the Coordinate Service' | 
01:31:22 | Info | '[COORDINATE SERVICE] - Requested method to create coordinates' | 
01:31:22 | Info | '[COORDINATE CONTROLLER] - Requested method to create coordinate - Passing through the Coordinate Service' | 
01:31:22 | Info | '[COORDINATE SERVICE] - Requested method to create coordinates' | 
01:31:22 | Info | '[COORDINATE CONTROLLER] - Requested method to create coordinate - Passing through the Coordinate Service' | 
01:31:22 | Info | '[COORDINATE SERVICE] - Requested method to create coordinates' | 
01:31:22 | Info | '[COORDINATE SERVICE] - Requested method to get all coordinates' | 
01:31:22 | Info | '[COORDINATE SERVICE] - Requested method to get all coordinates' | 
01:31:22 | Info | '[COORDINATE SERVICE] - Requested method to get all coordinates' | 
01:31:22 | Info | '[COORDINATE CONTROLLER] - Requested method to create coordinate - Passing through the Coordinate Service' | 
01:31:22 | Info | '[COORDINATE SERVICE] - Requested method to get all coordinates' | 
01:31:22 | Info | '[COORDINATE SERVICE] - Requested method to create coordinates' | 
01:31:22 | Info | '[COORDINATE SERVICE] - Requested method to create coordinates' | 
01:31:22 | Info | '[COORDINATE CONTROLLER] - Requested method to create coordinate - Passing through the Coordinate Service' | 
01:31:22 | Info | '[COORDINATE SERVICE] - Requested method to get all coordinates' | 
01:31:22 | Info | '[COORDINATE SERVICE] - Requested method to create coordinates' | 
01:31:22 | Info | '[COORDINATE CONTROLLER] - Requested method to create coordinate - Passing through the Coordinate Service' | 
01:31:22 | Info | '[COORDINATE SERVICE] - Requested method to get all coordinates' | 
01:31:22 | Info | '[COORDINATE SERVICE] - Requested method to create coordinates' | 
01:31:22 | Info | '[COORDINATE CONTROLLER] - Requested method to create coordinate - Passing through the Coordinate Service' | 
01:31:22 | Info | '[COORDINATE SERVICE] - Requested method to get all coordinates' | 
01:31:22 | Info | '[COORDINATE CONTROLLER] - Requested method to create coordinate - Passing through the Coordinate Service' | 
01:31:22 | Info | '[COORDINATE SERVICE] - Requested method to create coordinates' | 
01:31:22 | Info | '[COORDINATE SERVICE] - Requested method to create coordinates' | 
01:31:22 | Info | '[COORDINATE CONTROLLER] - Requested method to create coordinate - Passing through the Coordinate Service' | 
01:31:22 | Info | '[COORDINATE SERVICE] - Requested method to create coordinates' | 
01:31:22 | Info | '[COORDINATE CONTROLLER] - Requested method to create coordinate - Passing through the Coordinate Service' | 
01:31:22 | Info | '[COORDINATE SERVICE] - Requested method to create coordinates' | 
01:31:22 | Info | '[COORDINATE CONTROLLER] - Requested method to create coordinate - Passing through the Coordinate Service' | 
01:31:22 | Info | '[COORDINATE SERVICE] - Requested method to get all coordinates' | 
01:31:22 | Info | '[COORDINATE SERVICE] - Requested method to get all coordinates' | 
01:31:22 | Info | '[COORDINATE SERVICE] - Requested method to get all coordinates' | 
01:31:22 | Info | '[COORDINATE SERVICE] - Requested method to get all coordinates' | 
01:31:22 | Info | '[COORDINATE SERVICE] - Requested method to create coordinates' | 
01:31:22 | Info | '[COORDINATE CONTROLLER] - Requested method to create coordinate - Passing through the Coordinate Service' | 
01:31:22 | Info | '[COORDINATE CONTROLLER] - Requested method to create coordinate - Passing through the Coordinate Service' | 
01:31:22 | Info | '[COORDINATE SERVICE] - Requested method to create coordinates' | 
01:31:22 | Info | '[COORDINATE SERVICE] - Requested method to get all coordinates' | 
01:31:22 | Info | '[COORDINATE SERVICE] - Requested method to get all coordinates' | 
01:31:22 | Info | '[COORDINATE SERVICE] - Requested method to get all coordinates' | 
01:31:22 | Info | '[COORDINATE SERVICE] - Requested method to create coordinates' | 
01:31:22 | Info | '[COORDINATE CONTROLLER] - Requested method to create coordinate - Passing through the Coordinate Service' | 
01:31:22 | Info | '[COORDINATE CONTROLLER] - Requested method to create coordinate - Passing through the Coordinate Service' | 
01:31:22 | Info | '[COORDINATE SERVICE] - Requested method to create coordinates' | 
01:31:22 | Info | '[COORDINATE SERVICE] - Requested method to get all coordinates' | 
01:31:22 | Info | '[COORDINATE SERVICE] - Requested method to get all coordinates' | 
01:31:22 | Info | '[COORDINATE CONTROLLER] - Requested method to create coordinate - Passing through the Coordinate Service' | 
01:31:22 | Info | '[COORDINATE CONTROLLER] - Requested method to create coordinate - Passing through the Coordinate Service' | 
01:31:22 | Info | '[COORDINATE SERVICE] - Requested method to create coordinates' | 
01:31:22 | Info | '[COORDINATE CONTROLLER] - Requested method to create coordinate - Passing through the Coordinate Service' | 
01:31:22 | Info | '[COORDINATE SERVICE] - Requested method to create coordinates' | 
01:31:22 | Info | '[COORDINATE SERVICE] - Requested method to create coordinates' | 
01:31:22 | Info | '[COORDINATE SERVICE] - Requested method to get all coordinates' | 
01:31:22 | Info | '[COORDINATE SERVICE] - Requested method to get all coordinates' | 
01:31:22 | Info | '[COORDINATE SERVICE] - Requested method to get all coordinates' | 
01:31:22 | Info | '[COORDINATE CONTROLLER] - Requested method to create coordinate - Passing through the Coordinate Service' | 
01:31:22 | Info | '[COORDINATE SERVICE] - Requested method to create coordinates' | 
01:31:22 | Info | '[COORDINATE SERVICE] - Requested method to get all coordinates' | 
01:31:23 | Info | '[COORDINATE SERVICE] - Requested method to create coordinates' | 
01:31:23 | Info | '[COORDINATE CONTROLLER] - Requested method to create coordinate - Passing through the Coordinate Service' | 
01:31:23 | Info | '[COORDINATE CONTROLLER] - Requested method to create coordinate - Passing through the Coordinate Service' | 
01:31:23 | Info | '[COORDINATE CONTROLLER] - Requested method to create coordinate - Passing through the Coordinate Service' | 
01:31:23 | Info | '[COORDINATE SERVICE] - Requested method to create coordinates' | 
01:31:23 | Info | '[COORDINATE CONTROLLER] - Requested method to create coordinate - Passing through the Coordinate Service' | 
01:31:23 | Info | '[COORDINATE SERVICE] - Requested method to create coordinates' | 
01:31:23 | Info | '[COORDINATE SERVICE] - Requested method to create coordinates' | 
01:31:23 | Info | '[COORDINATE SERVICE] - Requested method to get all coordinates' | 
01:31:23 | Info | '[COORDINATE SERVICE] - Requested method to get all coordinates' | 
01:31:23 | Info | '[COORDINATE SERVICE] - Requested method to get all coordinates' | 
01:31:23 | Info | '[COORDINATE CONTROLLER] - Requested method to create coordinate - Passing through the Coordinate Service' | 
01:31:23 | Info | '[COORDINATE SERVICE] - Requested method to create coordinates' | 
01:31:23 | Info | '[COORDINATE SERVICE] - Requested method to create coordinates' | 
01:31:23 | Info | '[COORDINATE CONTROLLER] - Requested method to create coordinate - Passing through the Coordinate Service' | 
01:31:23 | Info | '[COORDINATE SERVICE] - Requested method to create coordinates' | 
01:31:23 | Info | '[COORDINATE SERVICE] - Requested method to get all coordinates' | 
01:31:23 | Info | '[COORDINATE CONTROLLER] - Requested method to create coordinate - Passing through the Coordinate Service' | 
01:31:23 | Info | '[COORDINATE SERVICE] - Requested method to get all coordinates' | 
01:31:23 | Info | '[COORDINATE SERVICE] - Requested method to get all coordinates' | 
01:31:23 | Info | '[COORDINATE SERVICE] - Requested method to get all coordinates' | 
01:31:23 | Info | '[COORDINATE CONTROLLER] - Requested method to create coordinate - Passing through the Coordinate Service' | 
01:31:23 | Info | '[COORDINATE SERVICE] - Requested method to create coordinates' | 
01:31:23 | Info | '[COORDINATE SERVICE] - Requested method to get all coordinates' | 
01:31:23 | Info | '[COORDINATE CONTROLLER] - Requested method to create coordinate - Passing through the Coordinate Service' | 
01:31:23 | Info | '[COORDINATE CONTROLLER] - Requested method to create coordinate - Passing through the Coordinate Service' | 
01:31:23 | Info | '[COORDINATE CONTROLLER] - Requested method to create coordinate - Passing through the Coordinate Service' | 
01:31:23 | Info | '[COORDINATE SERVICE] - Requested method to create coordinates' | 
01:31:23 | Info | '[COORDINATE CONTROLLER] - Requested method to create coordinate - Passing through the Coordinate Service' | 
01:31:23 | Info | '[COORDINATE SERVICE] - Requested method to create coordinates' | 
01:31:23 | Info | '[COORDINATE SERVICE] - Requested method to create coordinates' | 
01:31:23 | Info | '[COORDINATE SERVICE] - Requested method to create coordinates' | 
01:31:23 | Info | '[COORDINATE SERVICE] - Requested method to get all coordinates' | 
01:31:23 | Info | '[COORDINATE SERVICE] - Requested method to get all coordinates' | 
01:31:23 | Info | '[COORDINATE SERVICE] - Requested method to get all coordinates' | 
01:31:23 | Info | '[COORDINATE SERVICE] - Requested method to get all coordinates' | 
01:31:23 | Info | '[COORDINATE CONTROLLER] - Requested method to create coordinate - Passing through the Coordinate Service' | 
01:31:23 | Info | '[COORDINATE SERVICE] - Requested method to create coordinates' | 
01:31:23 | Info | '[COORDINATE SERVICE] - Requested method to create coordinates' | 
01:31:23 | Info | '[COORDINATE CONTROLLER] - Requested method to create coordinate - Passing through the Coordinate Service' | 
01:31:23 | Info | '[COORDINATE CONTROLLER] - Requested method to create coordinate - Passing through the Coordinate Service' | 
01:31:23 | Info | '[COORDINATE SERVICE] - Requested method to create coordinates' | 
01:31:23 | Info | '[COORDINATE SERVICE] - Requested method to get all coordinates' | 
01:31:23 | Info | '[COORDINATE CONTROLLER] - Requested method to create coordinate - Passing through the Coordinate Service' | 
01:31:23 | Info | '[COORDINATE SERVICE] - Requested method to create coordinates' | 
01:31:23 | Info | '[COORDINATE SERVICE] - Requested method to get all coordinates' | 
01:31:23 | Info | '[COORDINATE SERVICE] - Requested method to get all coordinates' | 
01:31:23 | Info | '[COORDINATE SERVICE] - Requested method to get all coordinates' | 
01:31:23 | Info | '[COORDINATE CONTROLLER] - Requested method to create coordinate - Passing through the Coordinate Service' | 
01:31:23 | Info | '[COORDINATE CONTROLLER] - Requested method to create coordinate - Passing through the Coordinate Service' | 
01:31:23 | Info | '[COORDINATE SERVICE] - Requested method to create coordinates' | 
01:31:23 | Info | '[COORDINATE CONTROLLER] - Requested method to create coordinate - Passing through the Coordinate Service' | 
01:31:23 | Info | '[COORDINATE CONTROLLER] - Requested method to create coordinate - Passing through the Coordinate Service' | 
01:31:23 | Info | '[COORDINATE SERVICE] - Requested method to create coordinates' | 
01:31:23 | Info | '[COORDINATE SERVICE] - Requested method to create coordinates' | 
01:31:23 | Info | '[COORDINATE SERVICE] - Requested method to create coordinates' | 
01:31:23 | Info | '[COORDINATE SERVICE] - Requested method to get all coordinates' | 
01:31:23 | Info | '[COORDINATE SERVICE] - Requested method to get all coordinates' | 
01:31:23 | Info | '[COORDINATE SERVICE] - Requested method to get all coordinates' | 
01:31:23 | Info | '[COORDINATE SERVICE] - Requested method to get all coordinates' | 
01:31:23 | Info | '[COORDINATE SERVICE] - Requested method to create coordinates' | 
01:31:23 | Info | '[COORDINATE CONTROLLER] - Requested method to create coordinate - Passing through the Coordinate Service' | 
01:31:23 | Info | '[COORDINATE CONTROLLER] - Requested method to create coordinate - Passing through the Coordinate Service' | 
01:31:23 | Info | '[COORDINATE SERVICE] - Requested method to create coordinates' | 
01:31:23 | Info | '[COORDINATE SERVICE] - Requested method to create coordinates' | 
01:31:23 | Info | '[COORDINATE CONTROLLER] - Requested method to create coordinate - Passing through the Coordinate Service' | 
01:31:23 | Info | '[COORDINATE SERVICE] - Requested method to get all coordinates' | 
01:31:23 | Info | '[COORDINATE SERVICE] - Requested method to get all coordinates' | 
01:31:23 | Info | '[COORDINATE CONTROLLER] - Requested method to create coordinate - Passing through the Coordinate Service' | 
01:31:23 | Info | '[COORDINATE SERVICE] - Requested method to create coordinates' | 
01:31:23 | Info | '[COORDINATE SERVICE] - Requested method to get all coordinates' | 
01:31:23 | Info | '[COORDINATE SERVICE] - Requested method to get all coordinates' | 
01:31:23 | Info | '[COORDINATE CONTROLLER] - Requested method to create coordinate - Passing through the Coordinate Service' | 
01:31:23 | Info | '[COORDINATE SERVICE] - Requested method to create coordinates' | 
01:31:23 | Info | '[COORDINATE CONTROLLER] - Requested method to create coordinate - Passing through the Coordinate Service' | 
01:31:23 | Info | '[COORDINATE SERVICE] - Requested method to create coordinates' | 
01:31:23 | Info | '[COORDINATE CONTROLLER] - Requested method to create coordinate - Passing through the Coordinate Service' | 
01:31:23 | Info | '[COORDINATE SERVICE] - Requested method to create coordinates' | 
01:31:23 | Info | '[COORDINATE CONTROLLER] - Requested method to create coordinate - Passing through the Coordinate Service' | 
01:31:23 | Info | '[COORDINATE SERVICE] - Requested method to create coordinates' | 
01:31:23 | Info | '[COORDINATE SERVICE] - Requested method to get all coordinates' | 
01:31:23 | Info | '[COORDINATE SERVICE] - Requested method to get all coordinates' | 
01:31:23 | Info | '[COORDINATE SERVICE] - Requested method to get all coordinates' | 
01:31:23 | Info | '[COORDINATE SERVICE] - Requested method to create coordinates' | 
01:31:23 | Info | '[COORDINATE CONTROLLER] - Requested method to create coordinate - Passing through the Coordinate Service' | 
01:31:23 | Info | '[COORDINATE SERVICE] - Requested method to create coordinates' | 
01:31:23 | Info | '[COORDINATE CONTROLLER] - Requested method to create coordinate - Passing through the Coordinate Service' | 
01:31:23 | Info | '[COORDINATE SERVICE] - Requested method to create coordinates' | 
01:31:23 | Info | '[COORDINATE CONTROLLER] - Requested method to create coordinate - Passing through the Coordinate Service' | 
01:31:23 | Info | '[COORDINATE SERVICE] - Requested method to get all coordinates' | 
01:31:23 | Info | '[COORDINATE SERVICE] - Requested method to get all coordinates' | 
01:31:23 | Info | '[COORDINATE SERVICE] - Requested method to get all coordinates' | 
01:31:23 | Info | '[COORDINATE CONTROLLER] - Requested method to create coordinate - Passing through the Coordinate Service' | 
01:31:23 | Info | '[COORDINATE SERVICE] - Requested method to create coordinates' | 
01:31:23 | Info | '[COORDINATE SERVICE] - Requested method to get all coordinates' | 
01:31:23 | Info | '[COORDINATE SERVICE] - Requested method to get all coordinates' | 
01:31:23 | Info | '[COORDINATE CONTROLLER] - Requested method to create coordinate - Passing through the Coordinate Service' | 
01:31:23 | Info | '[COORDINATE SERVICE] - Requested method to create coordinates' | 
01:31:23 | Info | '[COORDINATE CONTROLLER] - Requested method to create coordinate - Passing through the Coordinate Service' | 
01:31:23 | Info | '[COORDINATE SERVICE] - Requested method to create coordinates' | 
01:31:23 | Info | '[COORDINATE SERVICE] - Requested method to create coordinates' | 
01:31:23 | Info | '[COORDINATE CONTROLLER] - Requested method to create coordinate - Passing through the Coordinate Service' | 
01:31:23 | Info | '[COORDINATE SERVICE] - Requested method to get all coordinates' | 
01:31:23 | Info | '[COORDINATE SERVICE] - Requested method to get all coordinates' | 
01:31:23 | Info | '[COORDINATE SERVICE] - Requested method to create coordinates' | 
01:31:23 | Info | '[COORDINATE CONTROLLER] - Requested method to create coordinate - Passing through the Coordinate Service' | 
01:31:23 | Info | '[COORDINATE SERVICE] - Requested method to create coordinates' | 
01:31:23 | Info | '[COORDINATE SERVICE] - Requested method to create coordinates' | 
01:31:23 | Info | '[COORDINATE CONTROLLER] - Requested method to create coordinate - Passing through the Coordinate Service' | 
01:31:23 | Info | '[COORDINATE CONTROLLER] - Requested method to create coordinate - Passing through the Coordinate Service' | 
01:31:23 | Info | '[COORDINATE SERVICE] - Requested method to get all coordinates' | 
01:31:23 | Info | '[COORDINATE SERVICE] - Requested method to get all coordinates' | 
01:31:23 | Info | '[COORDINATE SERVICE] - Requested method to get all coordinates' | 
01:31:23 | Info | '[COORDINATE CONTROLLER] - Requested method to create coordinate - Passing through the Coordinate Service' | 
01:31:23 | Info | '[COORDINATE CONTROLLER] - Requested method to create coordinate - Passing through the Coordinate Service' | 
01:31:23 | Info | '[COORDINATE SERVICE] - Requested method to create coordinates' | 
01:31:23 | Info | '[COORDINATE SERVICE] - Requested method to create coordinates' | 
01:31:23 | Info | '[COORDINATE SERVICE] - Requested method to get all coordinates' | 
01:31:23 | Info | '[COORDINATE SERVICE] - Requested method to get all coordinates' | 
01:31:23 | Info | '[COORDINATE SERVICE] - Requested method to get all coordinates' | 
01:31:23 | Info | '[COORDINATE SERVICE] - Requested method to create coordinates' | 
01:31:23 | Info | '[COORDINATE CONTROLLER] - Requested method to create coordinate - Passing through the Coordinate Service' | 
01:31:23 | Info | '[COORDINATE SERVICE] - Requested method to create coordinates' | 
01:31:23 | Info | '[COORDINATE CONTROLLER] - Requested method to create coordinate - Passing through the Coordinate Service' | 
01:31:23 | Info | '[COORDINATE SERVICE] - Requested method to get all coordinates' | 
01:31:23 | Info | '[COORDINATE SERVICE] - Requested method to get all coordinates' | 
01:31:23 | Info | '[COORDINATE CONTROLLER] - Requested method to create coordinate - Passing through the Coordinate Service' | 
01:31:23 | Info | '[COORDINATE CONTROLLER] - Requested method to create coordinate - Passing through the Coordinate Service' | 
01:31:23 | Info | '[COORDINATE SERVICE] - Requested method to create coordinates' | 
01:31:23 | Info | '[COORDINATE CONTROLLER] - Requested method to create coordinate - Passing through the Coordinate Service' | 
01:31:23 | Info | '[COORDINATE SERVICE] - Requested method to create coordinates' | 
01:31:23 | Info | '[COORDINATE CONTROLLER] - Requested method to create coordinate - Passing through the Coordinate Service' | 
01:31:23 | Info | '[COORDINATE SERVICE] - Requested method to create coordinates' | 
01:31:23 | Info | '[COORDINATE SERVICE] - Requested method to create coordinates' | 
01:31:23 | Info | '[COORDINATE SERVICE] - Requested method to get all coordinates' | 
01:31:23 | Info | '[COORDINATE SERVICE] - Requested method to get all coordinates' | 
01:31:23 | Info | '[COORDINATE SERVICE] - Requested method to get all coordinates' | 
01:31:23 | Info | '[COORDINATE CONTROLLER] - Requested method to create coordinate - Passing through the Coordinate Service' | 
01:31:23 | Info | '[COORDINATE SERVICE] - Requested method to create coordinates' | 
01:31:23 | Info | '[COORDINATE SERVICE] - Requested method to get all coordinates' | 
01:31:23 | Info | '[COORDINATE SERVICE] - Requested method to create coordinates' | 
01:31:23 | Info | '[COORDINATE CONTROLLER] - Requested method to create coordinate - Passing through the Coordinate Service' | 
01:31:23 | Info | '[COORDINATE SERVICE] - Requested method to get all coordinates' | 
01:31:23 | Info | '[COORDINATE SERVICE] - Requested method to create coordinates' | 
01:31:23 | Info | '[COORDINATE CONTROLLER] - Requested method to create coordinate - Passing through the Coordinate Service' | 
01:31:23 | Info | '[COORDINATE SERVICE] - Requested method to create coordinates' | 
01:31:23 | Info | '[COORDINATE CONTROLLER] - Requested method to create coordinate - Passing through the Coordinate Service' | 
01:31:23 | Info | '[COORDINATE CONTROLLER] - Requested method to create coordinate - Passing through the Coordinate Service' | 
01:31:23 | Info | '[COORDINATE SERVICE] - Requested method to create coordinates' | 
01:31:23 | Info | '[COORDINATE SERVICE] - Requested method to get all coordinates' | 
01:31:23 | Info | '[COORDINATE SERVICE] - Requested method to get all coordinates' | 
01:31:23 | Info | '[COORDINATE SERVICE] - Requested method to get all coordinates' | 
01:31:23 | Info | '[COORDINATE CONTROLLER] - Requested method to create coordinate - Passing through the Coordinate Service' | 
01:31:23 | Info | '[COORDINATE SERVICE] - Requested method to get all coordinates' | 
01:31:23 | Info | '[COORDINATE SERVICE] - Requested method to create coordinates' | 
01:31:23 | Info | '[COORDINATE CONTROLLER] - Requested method to create coordinate - Passing through the Coordinate Service' | 
01:31:23 | Info | '[COORDINATE SERVICE] - Requested method to create coordinates' | 
01:31:23 | Info | '[COORDINATE CONTROLLER] - Requested method to create coordinate - Passing through the Coordinate Service' | 
01:31:23 | Info | '[COORDINATE SERVICE] - Requested method to create coordinates' | 
01:31:23 | Info | '[COORDINATE SERVICE] - Requested method to get all coordinates' | 
01:31:23 | Info | '[COORDINATE SERVICE] - Requested method to get all coordinates' | 
01:31:23 | Info | '[COORDINATE SERVICE] - Requested method to get all coordinates' | 
01:31:23 | Info | '[COORDINATE CONTROLLER] - Requested method to create coordinate - Passing through the Coordinate Service' | 
01:31:23 | Info | '[COORDINATE SERVICE] - Requested method to create coordinates' | 
01:31:23 | Info | '[COORDINATE SERVICE] - Requested method to get all coordinates' | 
01:31:23 | Info | '[COORDINATE CONTROLLER] - Requested method to create coordinate - Passing through the Coordinate Service' | 
01:31:23 | Info | '[COORDINATE SERVICE] - Requested method to create coordinates' | 
01:31:23 | Info | '[COORDINATE SERVICE] - Requested method to get all coordinates' | 
01:31:23 | Info | '[COORDINATE CONTROLLER] - Requested method to create coordinate - Passing through the Coordinate Service' | 
01:31:23 | Info | '[COORDINATE SERVICE] - Requested method to create coordinates' | 
01:31:23 | Info | '[COORDINATE SERVICE] - Requested method to create coordinates' | 
01:31:23 | Info | '[COORDINATE CONTROLLER] - Requested method to create coordinate - Passing through the Coordinate Service' | 
01:31:23 | Info | '[COORDINATE SERVICE] - Requested method to create coordinates' | 
01:31:23 | Info | '[COORDINATE CONTROLLER] - Requested method to create coordinate - Passing through the Coordinate Service' | 
01:31:23 | Info | '[COORDINATE CONTROLLER] - Requested method to create coordinate - Passing through the Coordinate Service' | 
01:31:23 | Info | '[COORDINATE SERVICE] - Requested method to create coordinates' | 
01:31:23 | Info | '[COORDINATE CONTROLLER] - Requested method to create coordinate - Passing through the Coordinate Service' | 
01:31:23 | Info | '[COORDINATE SERVICE] - Requested method to create coordinates' | 
01:31:23 | Info | '[COORDINATE CONTROLLER] - Requested method to create coordinate - Passing through the Coordinate Service' | 
01:31:23 | Info | '[COORDINATE SERVICE] - Requested method to create coordinates' | 
01:31:23 | Info | '[COORDINATE SERVICE] - Requested method to get all coordinates' | 
01:31:23 | Info | '[COORDINATE SERVICE] - Requested method to get all coordinates' | 
01:31:23 | Info | '[COORDINATE CONTROLLER] - Requested method to create coordinate - Passing through the Coordinate Service' | 
01:31:23 | Info | '[COORDINATE SERVICE] - Requested method to get all coordinates' | 
01:31:23 | Info | '[COORDINATE SERVICE] - Requested method to get all coordinates' | 
01:31:23 | Info | '[COORDINATE SERVICE] - Requested method to create coordinates' | 
01:31:23 | Info | '[COORDINATE SERVICE] - Requested method to get all coordinates' | 
01:31:23 | Info | '[COORDINATE SERVICE] - Requested method to get all coordinates' | 
01:31:23 | Info | '[COORDINATE SERVICE] - Requested method to get all coordinates' | 
01:31:23 | Info | '[COORDINATE SERVICE] - Requested method to create coordinates' | 
01:31:23 | Info | '[COORDINATE CONTROLLER] - Requested method to create coordinate - Passing through the Coordinate Service' | 
01:31:23 | Info | '[COORDINATE SERVICE] - Requested method to create coordinates' | 
01:31:23 | Info | '[COORDINATE CONTROLLER] - Requested method to create coordinate - Passing through the Coordinate Service' | 
01:31:23 | Info | '[COORDINATE SERVICE] - Requested method to get all coordinates' | 
01:31:23 | Info | '[COORDINATE SERVICE] - Requested method to create coordinates' | 
01:31:23 | Info | '[COORDINATE CONTROLLER] - Requested method to create coordinate - Passing through the Coordinate Service' | 
01:31:23 | Info | '[COORDINATE CONTROLLER] - Requested method to create coordinate - Passing through the Coordinate Service' | 
01:31:23 | Info | '[COORDINATE SERVICE] - Requested method to create coordinates' | 
01:31:23 | Info | '[COORDINATE SERVICE] - Requested method to get all coordinates' | 
01:31:23 | Info | '[COORDINATE CONTROLLER] - Requested method to create coordinate - Passing through the Coordinate Service' | 
01:31:23 | Info | '[COORDINATE SERVICE] - Requested method to create coordinates' | 
01:31:23 | Info | '[COORDINATE SERVICE] - Requested method to get all coordinates' | 
01:31:23 | Info | '[COORDINATE SERVICE] - Requested method to get all coordinates' | 
01:31:23 | Info | '[COORDINATE SERVICE] - Requested method to get all coordinates' | 
01:31:23 | Info | '[COORDINATE CONTROLLER] - Requested method to create coordinate - Passing through the Coordinate Service' | 
01:31:23 | Info | '[COORDINATE SERVICE] - Requested method to create coordinates' | 
01:31:23 | Info | '[COORDINATE CONTROLLER] - Requested method to create coordinate - Passing through the Coordinate Service' | 
01:31:23 | Info | '[COORDINATE SERVICE] - Requested method to create coordinates' | 
01:31:23 | Info | '[COORDINATE CONTROLLER] - Requested method to create coordinate - Passing through the Coordinate Service' | 
01:31:23 | Info | '[COORDINATE SERVICE] - Requested method to create coordinates' | 
01:31:23 | Info | '[COORDINATE SERVICE] - Requested method to get all coordinates' | 
01:31:23 | Info | '[COORDINATE SERVICE] - Requested method to get all coordinates' | 
01:31:23 | Info | '[COORDINATE CONTROLLER] - Requested method to create coordinate - Passing through the Coordinate Service' | 
01:31:23 | Info | '[COORDINATE SERVICE] - Requested method to create coordinates' | 
01:31:23 | Info | '[COORDINATE SERVICE] - Requested method to get all coordinates' | 
01:31:23 | Info | '[COORDINATE SERVICE] - Requested method to get all coordinates' | 
01:31:23 | Info | '[COORDINATE CONTROLLER] - Requested method to create coordinate - Passing through the Coordinate Service' | 
01:31:23 | Info | '[COORDINATE SERVICE] - Requested method to get all coordinates' | 
01:31:23 | Info | '[COORDINATE SERVICE] - Requested method to create coordinates' | 
01:31:23 | Info | '[COORDINATE SERVICE] - Requested method to create coordinates' | 
01:31:23 | Info | '[COORDINATE CONTROLLER] - Requested method to create coordinate - Passing through the Coordinate Service' | 
01:31:23 | Info | '[COORDINATE SERVICE] - Requested method to create coordinates' | 
01:31:23 | Info | '[COORDINATE CONTROLLER] - Requested method to create coordinate - Passing through the Coordinate Service' | 
01:31:23 | Info | '[COORDINATE CONTROLLER] - Requested method to create coordinate - Passing through the Coordinate Service' | 
01:31:23 | Info | '[COORDINATE SERVICE] - Requested method to create coordinates' | 
01:31:23 | Info | '[COORDINATE CONTROLLER] - Requested method to create coordinate - Passing through the Coordinate Service' | 
01:31:23 | Info | '[COORDINATE SERVICE] - Requested method to create coordinates' | 
01:31:23 | Info | '[COORDINATE CONTROLLER] - Requested method to create coordinate - Passing through the Coordinate Service' | 
01:31:23 | Info | '[COORDINATE SERVICE] - Requested method to get all coordinates' | 
01:31:23 | Info | '[COORDINATE SERVICE] - Requested method to create coordinates' | 
01:31:23 | Info | '[COORDINATE SERVICE] - Requested method to get all coordinates' | 
01:31:23 | Info | '[COORDINATE SERVICE] - Requested method to get all coordinates' | 
01:31:23 | Info | '[COORDINATE SERVICE] - Requested method to get all coordinates' | 
01:31:23 | Info | '[COORDINATE SERVICE] - Requested method to get all coordinates' | 
01:31:23 | Info | '[COORDINATE CONTROLLER] - Requested method to create coordinate - Passing through the Coordinate Service' | 
01:31:23 | Info | '[COORDINATE SERVICE] - Requested method to create coordinates' | 
01:31:23 | Info | '[COORDINATE CONTROLLER] - Requested method to create coordinate - Passing through the Coordinate Service' | 
01:31:23 | Info | '[COORDINATE SERVICE] - Requested method to get all coordinates' | 
01:31:23 | Info | '[COORDINATE SERVICE] - Requested method to create coordinates' | 
01:31:23 | Info | '[COORDINATE SERVICE] - Requested method to get all coordinates' | 
01:31:23 | Info | '[COORDINATE CONTROLLER] - Requested method to create coordinate - Passing through the Coordinate Service' | 
01:31:23 | Info | '[COORDINATE SERVICE] - Requested method to create coordinates' | 
01:31:23 | Info | '[COORDINATE SERVICE] - Requested method to create coordinates' | 
01:31:23 | Info | '[COORDINATE CONTROLLER] - Requested method to create coordinate - Passing through the Coordinate Service' | 
01:31:23 | Info | '[COORDINATE SERVICE] - Requested method to get all coordinates' | 
01:31:23 | Info | '[COORDINATE SERVICE] - Requested method to get all coordinates' | 
01:31:23 | Info | '[COORDINATE CONTROLLER] - Requested method to create coordinate - Passing through the Coordinate Service' | 
01:31:23 | Info | '[COORDINATE SERVICE] - Requested method to create coordinates' | 
01:31:23 | Info | '[COORDINATE SERVICE] - Requested method to create coordinates' | 
01:31:23 | Info | '[COORDINATE CONTROLLER] - Requested method to create coordinate - Passing through the Coordinate Service' | 
01:31:23 | Info | '[COORDINATE SERVICE] - Requested method to create coordinates' | 
01:31:23 | Info | '[COORDINATE SERVICE] - Requested method to create coordinates' | 
01:31:23 | Info | '[COORDINATE CONTROLLER] - Requested method to create coordinate - Passing through the Coordinate Service' | 
01:31:23 | Info | '[COORDINATE CONTROLLER] - Requested method to create coordinate - Passing through the Coordinate Service' | 
01:31:23 | Info | '[COORDINATE SERVICE] - Requested method to get all coordinates' | 
01:31:23 | Info | '[COORDINATE SERVICE] - Requested method to get all coordinates' | 
01:31:23 | Info | '[COORDINATE SERVICE] - Requested method to get all coordinates' | 
01:31:23 | Info | '[COORDINATE SERVICE] - Requested method to get all coordinates' | 
01:31:23 | Info | '[COORDINATE SERVICE] - Requested method to get all coordinates' | 
01:31:23 | Info | '[COORDINATE CONTROLLER] - Requested method to create coordinate - Passing through the Coordinate Service' | 
01:31:23 | Info | '[COORDINATE CONTROLLER] - Requested method to create coordinate - Passing through the Coordinate Service' | 
01:31:23 | Info | '[COORDINATE SERVICE] - Requested method to create coordinates' | 
01:31:23 | Info | '[COORDINATE CONTROLLER] - Requested method to create coordinate - Passing through the Coordinate Service' | 
01:31:23 | Info | '[COORDINATE SERVICE] - Requested method to create coordinates' | 
01:31:23 | Info | '[COORDINATE SERVICE] - Requested method to create coordinates' | 
01:31:24 | Info | '[COORDINATE SERVICE] - Requested method to get all coordinates' | 
01:31:24 | Info | '[COORDINATE SERVICE] - Requested method to get all coordinates' | 
01:31:24 | Info | '[COORDINATE CONTROLLER] - Requested method to create coordinate - Passing through the Coordinate Service' | 
01:31:24 | Info | '[COORDINATE SERVICE] - Requested method to create coordinates' | 
01:31:24 | Info | '[COORDINATE CONTROLLER] - Requested method to create coordinate - Passing through the Coordinate Service' | 
01:31:24 | Info | '[COORDINATE SERVICE] - Requested method to create coordinates' | 
01:31:24 | Info | '[COORDINATE CONTROLLER] - Requested method to create coordinate - Passing through the Coordinate Service' | 
01:31:24 | Info | '[COORDINATE SERVICE] - Requested method to create coordinates' | 
01:31:24 | Info | '[COORDINATE CONTROLLER] - Requested method to create coordinate - Passing through the Coordinate Service' | 
01:31:24 | Info | '[COORDINATE SERVICE] - Requested method to create coordinates' | 
01:31:24 | Info | '[COORDINATE CONTROLLER] - Requested method to create coordinate - Passing through the Coordinate Service' | 
01:31:24 | Info | '[COORDINATE SERVICE] - Requested method to create coordinates' | 
01:31:24 | Info | '[COORDINATE SERVICE] - Requested method to get all coordinates' | 
01:31:24 | Info | '[COORDINATE SERVICE] - Requested method to get all coordinates' | 
01:31:24 | Info | '[COORDINATE SERVICE] - Requested method to get all coordinates' | 
01:31:24 | Info | '[COORDINATE SERVICE] - Requested method to get all coordinates' | 
01:31:24 | Info | '[COORDINATE SERVICE] - Requested method to get all coordinates' | 
01:31:24 | Info | '[COORDINATE SERVICE] - Requested method to create coordinates' | 
01:31:24 | Info | '[COORDINATE CONTROLLER] - Requested method to create coordinate - Passing through the Coordinate Service' | 
01:31:24 | Info | '[COORDINATE SERVICE] - Requested method to get all coordinates' | 
01:31:24 | Info | '[COORDINATE SERVICE] - Requested method to create coordinates' | 
01:31:24 | Info | '[COORDINATE CONTROLLER] - Requested method to create coordinate - Passing through the Coordinate Service' | 
01:31:24 | Info | '[COORDINATE CONTROLLER] - Requested method to create coordinate - Passing through the Coordinate Service' | 
01:31:24 | Info | '[COORDINATE SERVICE] - Requested method to create coordinates' | 
01:31:24 | Info | '[COORDINATE CONTROLLER] - Requested method to create coordinate - Passing through the Coordinate Service' | 
01:31:24 | Info | '[COORDINATE SERVICE] - Requested method to create coordinates' | 
01:31:24 | Info | '[COORDINATE SERVICE] - Requested method to get all coordinates' | 
01:31:24 | Info | '[COORDINATE SERVICE] - Requested method to get all coordinates' | 
01:31:24 | Info | '[COORDINATE SERVICE] - Requested method to get all coordinates' | 
01:31:24 | Info | '[COORDINATE CONTROLLER] - Requested method to create coordinate - Passing through the Coordinate Service' | 
01:31:24 | Info | '[COORDINATE SERVICE] - Requested method to create coordinates' | 
01:31:24 | Info | '[COORDINATE CONTROLLER] - Requested method to create coordinate - Passing through the Coordinate Service' | 
01:31:24 | Info | '[COORDINATE CONTROLLER] - Requested method to create coordinate - Passing through the Coordinate Service' | 
01:31:24 | Info | '[COORDINATE SERVICE] - Requested method to create coordinates' | 
01:31:24 | Info | '[COORDINATE SERVICE] - Requested method to create coordinates' | 
01:31:24 | Info | '[COORDINATE SERVICE] - Requested method to create coordinates' | 
01:31:24 | Info | '[COORDINATE CONTROLLER] - Requested method to create coordinate - Passing through the Coordinate Service' | 
01:31:24 | Info | '[COORDINATE SERVICE] - Requested method to get all coordinates' | 
01:31:24 | Info | '[COORDINATE SERVICE] - Requested method to get all coordinates' | 
01:31:24 | Info | '[COORDINATE SERVICE] - Requested method to get all coordinates' | 
01:31:24 | Info | '[COORDINATE CONTROLLER] - Requested method to create coordinate - Passing through the Coordinate Service' | 
01:31:24 | Info | '[COORDINATE SERVICE] - Requested method to get all coordinates' | 
01:31:24 | Info | '[COORDINATE SERVICE] - Requested method to get all coordinates' | 
01:31:24 | Info | '[COORDINATE SERVICE] - Requested method to create coordinates' | 
01:31:24 | Info | '[COORDINATE CONTROLLER] - Requested method to create coordinate - Passing through the Coordinate Service' | 
01:31:24 | Info | '[COORDINATE SERVICE] - Requested method to create coordinates' | 
01:31:24 | Info | '[COORDINATE SERVICE] - Requested method to get all coordinates' | 
01:31:24 | Info | '[COORDINATE CONTROLLER] - Requested method to create coordinate - Passing through the Coordinate Service' | 
01:31:24 | Info | '[COORDINATE SERVICE] - Requested method to create coordinates' | 
01:31:24 | Info | '[COORDINATE SERVICE] - Requested method to create coordinates' | 
01:31:24 | Info | '[COORDINATE CONTROLLER] - Requested method to create coordinate - Passing through the Coordinate Service' | 
01:31:24 | Info | '[COORDINATE SERVICE] - Requested method to create coordinates' | 
01:31:24 | Info | '[COORDINATE CONTROLLER] - Requested method to create coordinate - Passing through the Coordinate Service' | 
01:31:24 | Info | '[COORDINATE CONTROLLER] - Requested method to create coordinate - Passing through the Coordinate Service' | 
01:31:24 | Info | '[COORDINATE SERVICE] - Requested method to create coordinates' | 
01:31:24 | Info | '[COORDINATE SERVICE] - Requested method to get all coordinates' | 
01:31:24 | Info | '[COORDINATE SERVICE] - Requested method to get all coordinates' | 
01:31:24 | Info | '[COORDINATE SERVICE] - Requested method to get all coordinates' | 
01:31:24 | Info | '[COORDINATE SERVICE] - Requested method to get all coordinates' | 
01:31:24 | Info | '[COORDINATE CONTROLLER] - Requested method to create coordinate - Passing through the Coordinate Service' | 
01:31:24 | Info | '[COORDINATE CONTROLLER] - Requested method to create coordinate - Passing through the Coordinate Service' | 
01:31:24 | Info | '[COORDINATE SERVICE] - Requested method to create coordinates' | 
01:31:24 | Info | '[COORDINATE CONTROLLER] - Requested method to create coordinate - Passing through the Coordinate Service' | 
01:31:24 | Info | '[COORDINATE SERVICE] - Requested method to create coordinates' | 
01:31:24 | Info | '[COORDINATE SERVICE] - Requested method to create coordinates' | 
01:31:24 | Info | '[COORDINATE SERVICE] - Requested method to get all coordinates' | 
01:31:24 | Info | '[COORDINATE SERVICE] - Requested method to get all coordinates' | 
01:31:24 | Info | '[COORDINATE CONTROLLER] - Requested method to create coordinate - Passing through the Coordinate Service' | 
01:31:24 | Info | '[COORDINATE SERVICE] - Requested method to get all coordinates' | 
01:31:24 | Info | '[COORDINATE SERVICE] - Requested method to create coordinates' | 
01:31:24 | Info | '[COORDINATE SERVICE] - Requested method to get all coordinates' | 
01:31:24 | Info | '[COORDINATE CONTROLLER] - Requested method to create coordinate - Passing through the Coordinate Service' | 
01:31:24 | Info | '[COORDINATE SERVICE] - Requested method to create coordinates' | 
01:31:24 | Info | '[COORDINATE CONTROLLER] - Requested method to create coordinate - Passing through the Coordinate Service' | 
01:31:24 | Info | '[COORDINATE CONTROLLER] - Requested method to create coordinate - Passing through the Coordinate Service' | 
01:31:24 | Info | '[COORDINATE SERVICE] - Requested method to create coordinates' | 
01:31:24 | Info | '[COORDINATE CONTROLLER] - Requested method to create coordinate - Passing through the Coordinate Service' | 
01:31:24 | Info | '[COORDINATE SERVICE] - Requested method to create coordinates' | 
01:31:24 | Info | '[COORDINATE CONTROLLER] - Requested method to create coordinate - Passing through the Coordinate Service' | 
01:31:24 | Info | '[COORDINATE SERVICE] - Requested method to create coordinates' | 
01:31:24 | Info | '[COORDINATE SERVICE] - Requested method to create coordinates' | 
01:31:24 | Info | '[COORDINATE SERVICE] - Requested method to get all coordinates' | 
01:31:24 | Info | '[COORDINATE SERVICE] - Requested method to get all coordinates' | 
01:31:24 | Info | '[COORDINATE SERVICE] - Requested method to get all coordinates' | 
01:31:24 | Info | '[COORDINATE SERVICE] - Requested method to get all coordinates' | 
01:31:24 | Info | '[COORDINATE SERVICE] - Requested method to get all coordinates' | 
01:31:24 | Info | '[COORDINATE SERVICE] - Requested method to create coordinates' | 
01:31:24 | Info | '[COORDINATE CONTROLLER] - Requested method to create coordinate - Passing through the Coordinate Service' | 
01:31:24 | Info | '[COORDINATE SERVICE] - Requested method to create coordinates' | 
01:31:24 | Info | '[COORDINATE CONTROLLER] - Requested method to create coordinate - Passing through the Coordinate Service' | 
01:31:24 | Info | '[COORDINATE SERVICE] - Requested method to get all coordinates' | 
01:31:24 | Info | '[COORDINATE CONTROLLER] - Requested method to create coordinate - Passing through the Coordinate Service' | 
01:31:24 | Info | '[COORDINATE SERVICE] - Requested method to get all coordinates' | 
01:31:24 | Info | '[COORDINATE CONTROLLER] - Requested method to create coordinate - Passing through the Coordinate Service' | 
01:31:24 | Info | '[COORDINATE SERVICE] - Requested method to create coordinates' | 
01:31:24 | Info | '[COORDINATE SERVICE] - Requested method to create coordinates' | 
01:31:24 | Info | '[COORDINATE SERVICE] - Requested method to get all coordinates' | 
01:31:24 | Info | '[COORDINATE SERVICE] - Requested method to create coordinates' | 
01:31:24 | Info | '[COORDINATE SERVICE] - Requested method to get all coordinates' | 
01:31:24 | Info | '[COORDINATE CONTROLLER] - Requested method to create coordinate - Passing through the Coordinate Service' | 
01:31:24 | Info | '[COORDINATE SERVICE] - Requested method to create coordinates' | 
01:31:24 | Info | '[COORDINATE CONTROLLER] - Requested method to create coordinate - Passing through the Coordinate Service' | 
01:31:24 | Info | '[COORDINATE SERVICE] - Requested method to create coordinates' | 
01:31:24 | Info | '[COORDINATE CONTROLLER] - Requested method to create coordinate - Passing through the Coordinate Service' | 
01:31:24 | Info | '[COORDINATE SERVICE] - Requested method to create coordinates' | 
01:31:24 | Info | '[COORDINATE CONTROLLER] - Requested method to create coordinate - Passing through the Coordinate Service' | 
01:31:24 | Info | '[COORDINATE SERVICE] - Requested method to get all coordinates' | 
01:31:24 | Info | '[COORDINATE SERVICE] - Requested method to get all coordinates' | 
01:31:24 | Info | '[COORDINATE SERVICE] - Requested method to get all coordinates' | 
01:31:24 | Info | '[COORDINATE SERVICE] - Requested method to get all coordinates' | 
01:31:24 | Info | '[COORDINATE CONTROLLER] - Requested method to create coordinate - Passing through the Coordinate Service' | 
01:31:24 | Info | '[COORDINATE SERVICE] - Requested method to get all coordinates' | 
01:31:24 | Info | '[COORDINATE SERVICE] - Requested method to create coordinates' | 
01:31:24 | Info | '[COORDINATE CONTROLLER] - Requested method to create coordinate - Passing through the Coordinate Service' | 
01:31:24 | Info | '[COORDINATE SERVICE] - Requested method to create coordinates' | 
01:31:24 | Info | '[COORDINATE SERVICE] - Requested method to create coordinates' | 
01:31:24 | Info | '[COORDINATE CONTROLLER] - Requested method to create coordinate - Passing through the Coordinate Service' | 
01:31:24 | Info | '[COORDINATE SERVICE] - Requested method to get all coordinates' | 
01:31:24 | Info | '[COORDINATE SERVICE] - Requested method to create coordinates' | 
01:31:24 | Info | '[COORDINATE SERVICE] - Requested method to get all coordinates' | 
01:31:24 | Info | '[COORDINATE CONTROLLER] - Requested method to create coordinate - Passing through the Coordinate Service' | 
01:31:24 | Info | '[COORDINATE CONTROLLER] - Requested method to create coordinate - Passing through the Coordinate Service' | 
01:31:24 | Info | '[COORDINATE SERVICE] - Requested method to create coordinates' | 
01:31:24 | Info | '[COORDINATE CONTROLLER] - Requested method to create coordinate - Passing through the Coordinate Service' | 
01:31:24 | Info | '[COORDINATE SERVICE] - Requested method to create coordinates' | 
01:31:24 | Info | '[COORDINATE CONTROLLER] - Requested method to create coordinate - Passing through the Coordinate Service' | 
01:31:24 | Info | '[COORDINATE SERVICE] - Requested method to create coordinates' | 
01:31:24 | Info | '[COORDINATE CONTROLLER] - Requested method to create coordinate - Passing through the Coordinate Service' | 
01:31:24 | Info | '[COORDINATE SERVICE] - Requested method to create coordinates' | 
01:31:24 | Info | '[COORDINATE SERVICE] - Requested method to get all coordinates' | 
01:31:24 | Info | '[COORDINATE SERVICE] - Requested method to get all coordinates' | 
01:31:24 | Info | '[COORDINATE SERVICE] - Requested method to get all coordinates' | 
01:31:24 | Info | '[COORDINATE SERVICE] - Requested method to create coordinates' | 
01:31:24 | Info | '[COORDINATE CONTROLLER] - Requested method to create coordinate - Passing through the Coordinate Service' | 
01:31:24 | Info | '[COORDINATE SERVICE] - Requested method to get all coordinates' | 
01:31:24 | Info | '[COORDINATE SERVICE] - Requested method to get all coordinates' | 
01:31:24 | Info | '[COORDINATE SERVICE] - Requested method to get all coordinates' | 
01:31:24 | Info | '[COORDINATE CONTROLLER] - Requested method to create coordinate - Passing through the Coordinate Service' | 
01:31:24 | Info | '[COORDINATE SERVICE] - Requested method to create coordinates' | 
01:31:24 | Info | '[COORDINATE CONTROLLER] - Requested method to create coordinate - Passing through the Coordinate Service' | 
01:31:24 | Info | '[COORDINATE SERVICE] - Requested method to create coordinates' | 
01:31:24 | Info | '[COORDINATE SERVICE] - Requested method to get all coordinates' | 
01:31:24 | Info | '[COORDINATE CONTROLLER] - Requested method to create coordinate - Passing through the Coordinate Service' | 
01:31:24 | Info | '[COORDINATE SERVICE] - Requested method to create coordinates' | 
01:31:24 | Info | '[COORDINATE SERVICE] - Requested method to create coordinates' | 
01:31:24 | Info | '[COORDINATE CONTROLLER] - Requested method to create coordinate - Passing through the Coordinate Service' | 
01:31:24 | Info | '[COORDINATE CONTROLLER] - Requested method to create coordinate - Passing through the Coordinate Service' | 
01:31:24 | Info | '[COORDINATE SERVICE] - Requested method to get all coordinates' | 
01:31:24 | Info | '[COORDINATE SERVICE] - Requested method to create coordinates' | 
01:31:24 | Info | '[COORDINATE SERVICE] - Requested method to get all coordinates' | 
01:31:24 | Info | '[COORDINATE SERVICE] - Requested method to get all coordinates' | 
01:31:24 | Info | '[COORDINATE SERVICE] - Requested method to get all coordinates' | 
01:31:24 | Info | '[COORDINATE CONTROLLER] - Requested method to create coordinate - Passing through the Coordinate Service' | 
01:31:24 | Info | '[COORDINATE SERVICE] - Requested method to create coordinates' | 
01:31:24 | Info | '[COORDINATE SERVICE] - Requested method to get all coordinates' | 
01:31:24 | Info | '[COORDINATE SERVICE] - Requested method to create coordinates' | 
01:31:24 | Info | '[COORDINATE CONTROLLER] - Requested method to create coordinate - Passing through the Coordinate Service' | 
01:31:24 | Info | '[COORDINATE CONTROLLER] - Requested method to create coordinate - Passing through the Coordinate Service' | 
01:31:24 | Info | '[COORDINATE CONTROLLER] - Requested method to create coordinate - Passing through the Coordinate Service' | 
01:31:24 | Info | '[COORDINATE SERVICE] - Requested method to create coordinates' | 
01:31:24 | Info | '[COORDINATE SERVICE] - Requested method to create coordinates' | 
01:31:24 | Info | '[COORDINATE SERVICE] - Requested method to get all coordinates' | 
01:31:24 | Info | '[COORDINATE SERVICE] - Requested method to get all coordinates' | 
01:31:24 | Info | '[COORDINATE SERVICE] - Requested method to get all coordinates' | 
01:31:24 | Info | '[COORDINATE SERVICE] - Requested method to get all coordinates' | 
01:31:24 | Info | '[COORDINATE SERVICE] - Requested method to create coordinates' | 
01:31:24 | Info | '[COORDINATE CONTROLLER] - Requested method to create coordinate - Passing through the Coordinate Service' | 
01:31:24 | Info | '[COORDINATE SERVICE] - Requested method to create coordinates' | 
01:31:24 | Info | '[COORDINATE CONTROLLER] - Requested method to create coordinate - Passing through the Coordinate Service' | 
01:31:24 | Info | '[COORDINATE CONTROLLER] - Requested method to create coordinate - Passing through the Coordinate Service' | 
01:31:24 | Info | '[COORDINATE CONTROLLER] - Requested method to create coordinate - Passing through the Coordinate Service' | 
01:31:24 | Info | '[COORDINATE SERVICE] - Requested method to create coordinates' | 
01:31:24 | Info | '[COORDINATE SERVICE] - Requested method to create coordinates' | 
01:31:24 | Info | '[COORDINATE CONTROLLER] - Requested method to create coordinate - Passing through the Coordinate Service' | 
01:31:24 | Info | '[COORDINATE SERVICE] - Requested method to create coordinates' | 
01:31:24 | Info | '[COORDINATE SERVICE] - Requested method to get all coordinates' | 
01:31:24 | Info | '[COORDINATE SERVICE] - Requested method to get all coordinates' | 
01:31:24 | Info | '[COORDINATE SERVICE] - Requested method to get all coordinates' | 
01:31:24 | Info | '[COORDINATE SERVICE] - Requested method to get all coordinates' | 
01:31:24 | Info | '[COORDINATE SERVICE] - Requested method to get all coordinates' | 
01:31:24 | Info | '[COORDINATE CONTROLLER] - Requested method to create coordinate - Passing through the Coordinate Service' | 
01:31:24 | Info | '[COORDINATE SERVICE] - Requested method to create coordinates' | 
01:31:24 | Info | '[COORDINATE SERVICE] - Requested method to get all coordinates' | 
01:31:24 | Info | '[COORDINATE SERVICE] - Requested method to create coordinates' | 
01:31:24 | Info | '[COORDINATE CONTROLLER] - Requested method to create coordinate - Passing through the Coordinate Service' | 
01:31:24 | Info | '[COORDINATE CONTROLLER] - Requested method to create coordinate - Passing through the Coordinate Service' | 
01:31:24 | Info | '[COORDINATE CONTROLLER] - Requested method to create coordinate - Passing through the Coordinate Service' | 
01:31:24 | Info | '[COORDINATE SERVICE] - Requested method to create coordinates' | 
01:31:24 | Info | '[COORDINATE SERVICE] - Requested method to create coordinates' | 
01:31:24 | Info | '[COORDINATE SERVICE] - Requested method to get all coordinates' | 
01:31:24 | Info | '[COORDINATE SERVICE] - Requested method to get all coordinates' | 
01:31:24 | Info | '[COORDINATE CONTROLLER] - Requested method to create coordinate - Passing through the Coordinate Service' | 
01:31:24 | Info | '[COORDINATE SERVICE] - Requested method to create coordinates' | 
01:31:24 | Info | '[COORDINATE SERVICE] - Requested method to create coordinates' | 
01:31:24 | Info | '[COORDINATE CONTROLLER] - Requested method to create coordinate - Passing through the Coordinate Service' | 
01:31:24 | Info | '[COORDINATE CONTROLLER] - Requested method to create coordinate - Passing through the Coordinate Service' | 
01:31:24 | Info | '[COORDINATE SERVICE] - Requested method to create coordinates' | 
01:31:24 | Info | '[COORDINATE SERVICE] - Requested method to create coordinates' | 
01:31:24 | Info | '[COORDINATE CONTROLLER] - Requested method to create coordinate - Passing through the Coordinate Service' | 
01:31:24 | Info | '[COORDINATE CONTROLLER] - Requested method to create coordinate - Passing through the Coordinate Service' | 
01:31:24 | Info | '[COORDINATE SERVICE] - Requested method to create coordinates' | 
01:31:24 | Info | '[COORDINATE SERVICE] - Requested method to get all coordinates' | 
01:31:24 | Info | '[COORDINATE SERVICE] - Requested method to get all coordinates' | 
01:31:24 | Info | '[COORDINATE SERVICE] - Requested method to get all coordinates' | 
01:31:24 | Info | '[COORDINATE SERVICE] - Requested method to get all coordinates' | 
01:31:24 | Info | '[COORDINATE SERVICE] - Requested method to get all coordinates' | 
01:31:24 | Info | '[COORDINATE SERVICE] - Requested method to create coordinates' | 
01:31:24 | Info | '[COORDINATE CONTROLLER] - Requested method to create coordinate - Passing through the Coordinate Service' | 
01:31:24 | Info | '[COORDINATE SERVICE] - Requested method to get all coordinates' | 
01:31:24 | Info | '[COORDINATE CONTROLLER] - Requested method to create coordinate - Passing through the Coordinate Service' | 
01:31:24 | Info | '[COORDINATE SERVICE] - Requested method to create coordinates' | 
01:31:24 | Info | '[COORDINATE CONTROLLER] - Requested method to create coordinate - Passing through the Coordinate Service' | 
01:31:24 | Info | '[COORDINATE CONTROLLER] - Requested method to create coordinate - Passing through the Coordinate Service' | 
01:31:24 | Info | '[COORDINATE SERVICE] - Requested method to create coordinates' | 
01:31:24 | Info | '[COORDINATE SERVICE] - Requested method to create coordinates' | 
01:31:24 | Info | '[COORDINATE SERVICE] - Requested method to create coordinates' | 
01:31:24 | Info | '[COORDINATE CONTROLLER] - Requested method to create coordinate - Passing through the Coordinate Service' | 
01:31:24 | Info | '[COORDINATE SERVICE] - Requested method to get all coordinates' | 
01:31:24 | Info | '[COORDINATE SERVICE] - Requested method to get all coordinates' | 
01:31:24 | Info | '[COORDINATE CONTROLLER] - Requested method to create coordinate - Passing through the Coordinate Service' | 
01:31:24 | Info | '[COORDINATE SERVICE] - Requested method to create coordinates' | 
01:31:24 | Info | '[COORDINATE SERVICE] - Requested method to create coordinates' | 
01:31:24 | Info | '[COORDINATE CONTROLLER] - Requested method to create coordinate - Passing through the Coordinate Service' | 
01:31:24 | Info | '[COORDINATE CONTROLLER] - Requested method to create coordinate - Passing through the Coordinate Service' | 
01:31:24 | Info | '[COORDINATE SERVICE] - Requested method to create coordinates' | 
01:31:24 | Info | '[COORDINATE SERVICE] - Requested method to get all coordinates' | 
01:31:24 | Info | '[COORDINATE SERVICE] - Requested method to get all coordinates' | 
01:31:24 | Info | '[COORDINATE SERVICE] - Requested method to get all coordinates' | 
01:31:24 | Info | '[COORDINATE SERVICE] - Requested method to get all coordinates' | 
01:31:24 | Info | '[COORDINATE SERVICE] - Requested method to create coordinates' | 
01:31:24 | Info | '[COORDINATE SERVICE] - Requested method to get all coordinates' | 
01:31:24 | Info | '[COORDINATE CONTROLLER] - Requested method to create coordinate - Passing through the Coordinate Service' | 
01:31:24 | Info | '[COORDINATE SERVICE] - Requested method to get all coordinates' | 
01:31:24 | Info | '[COORDINATE CONTROLLER] - Requested method to create coordinate - Passing through the Coordinate Service' | 
01:31:24 | Info | '[COORDINATE CONTROLLER] - Requested method to create coordinate - Passing through the Coordinate Service' | 
01:31:24 | Info | '[COORDINATE SERVICE] - Requested method to create coordinates' | 
01:31:24 | Info | '[COORDINATE CONTROLLER] - Requested method to create coordinate - Passing through the Coordinate Service' | 
01:31:24 | Info | '[COORDINATE SERVICE] - Requested method to create coordinates' | 
01:31:24 | Info | '[COORDINATE SERVICE] - Requested method to create coordinates' | 
01:31:24 | Info | '[COORDINATE CONTROLLER] - Requested method to create coordinate - Passing through the Coordinate Service' | 
01:31:24 | Info | '[COORDINATE SERVICE] - Requested method to create coordinates' | 
01:31:24 | Info | '[COORDINATE SERVICE] - Requested method to get all coordinates' | 
01:31:25 | Info | '[COORDINATE SERVICE] - Requested method to get all coordinates' | 
01:31:25 | Info | '[COORDINATE SERVICE] - Requested method to get all coordinates' | 
01:31:25 | Info | '[COORDINATE SERVICE] - Requested method to get all coordinates' | 
01:31:25 | Info | '[COORDINATE CONTROLLER] - Requested method to create coordinate - Passing through the Coordinate Service' | 
01:31:25 | Info | '[COORDINATE CONTROLLER] - Requested method to create coordinate - Passing through the Coordinate Service' | 
01:31:25 | Info | '[COORDINATE SERVICE] - Requested method to create coordinates' | 
01:31:25 | Info | '[COORDINATE CONTROLLER] - Requested method to create coordinate - Passing through the Coordinate Service' | 
01:31:25 | Info | '[COORDINATE SERVICE] - Requested method to create coordinates' | 
01:31:25 | Info | '[COORDINATE SERVICE] - Requested method to create coordinates' | 
01:31:25 | Info | '[COORDINATE SERVICE] - Requested method to get all coordinates' | 
01:31:25 | Info | '[COORDINATE SERVICE] - Requested method to get all coordinates' | 
01:31:25 | Info | '[COORDINATE SERVICE] - Requested method to get all coordinates' | 
01:31:25 | Info | '[COORDINATE CONTROLLER] - Requested method to create coordinate - Passing through the Coordinate Service' | 
01:31:25 | Info | '[COORDINATE SERVICE] - Requested method to create coordinates' | 
01:31:25 | Info | '[COORDINATE SERVICE] - Requested method to create coordinates' | 
01:31:25 | Info | '[COORDINATE CONTROLLER] - Requested method to create coordinate - Passing through the Coordinate Service' | 
01:31:25 | Info | '[COORDINATE SERVICE] - Requested method to get all coordinates' | 
01:31:25 | Info | '[COORDINATE SERVICE] - Requested method to get all coordinates' | 
01:31:25 | Info | '[COORDINATE CONTROLLER] - Requested method to create coordinate - Passing through the Coordinate Service' | 
01:31:25 | Info | '[COORDINATE SERVICE] - Requested method to create coordinates' | 
01:31:25 | Info | '[COORDINATE SERVICE] - Requested method to create coordinates' | 
01:31:25 | Info | '[COORDINATE CONTROLLER] - Requested method to create coordinate - Passing through the Coordinate Service' | 
01:31:25 | Info | '[COORDINATE CONTROLLER] - Requested method to create coordinate - Passing through the Coordinate Service' | 
01:31:25 | Info | '[COORDINATE SERVICE] - Requested method to create coordinates' | 
01:31:25 | Info | '[COORDINATE SERVICE] - Requested method to get all coordinates' | 
01:31:25 | Info | '[COORDINATE SERVICE] - Requested method to get all coordinates' | 
01:31:25 | Info | '[COORDINATE SERVICE] - Requested method to create coordinates' | 
01:31:25 | Info | '[COORDINATE CONTROLLER] - Requested method to create coordinate - Passing through the Coordinate Service' | 
01:31:25 | Info | '[COORDINATE SERVICE] - Requested method to create coordinates' | 
01:31:25 | Info | '[COORDINATE CONTROLLER] - Requested method to create coordinate - Passing through the Coordinate Service' | 
01:31:25 | Info | '[COORDINATE CONTROLLER] - Requested method to create coordinate - Passing through the Coordinate Service' | 
01:31:25 | Info | '[COORDINATE SERVICE] - Requested method to create coordinates' | 
01:31:25 | Info | '[COORDINATE SERVICE] - Requested method to get all coordinates' | 
01:31:25 | Info | '[COORDINATE SERVICE] - Requested method to get all coordinates' | 
01:31:25 | Info | '[COORDINATE CONTROLLER] - Requested method to create coordinate - Passing through the Coordinate Service' | 
01:31:25 | Info | '[COORDINATE SERVICE] - Requested method to create coordinates' | 
01:31:25 | Info | '[COORDINATE SERVICE] - Requested method to get all coordinates' | 
01:31:25 | Info | '[COORDINATE SERVICE] - Requested method to get all coordinates' | 
01:31:25 | Info | '[COORDINATE CONTROLLER] - Requested method to create coordinate - Passing through the Coordinate Service' | 
01:31:25 | Info | '[COORDINATE SERVICE] - Requested method to create coordinates' | 
01:31:25 | Info | '[COORDINATE SERVICE] - Requested method to get all coordinates' | 
01:31:25 | Info | '[COORDINATE SERVICE] - Requested method to get all coordinates' | 
01:31:25 | Info | '[COORDINATE CONTROLLER] - Requested method to create coordinate - Passing through the Coordinate Service' | 
01:31:25 | Info | '[COORDINATE SERVICE] - Requested method to create coordinates' | 
01:31:25 | Info | '[COORDINATE CONTROLLER] - Requested method to create coordinate - Passing through the Coordinate Service' | 
01:31:25 | Info | '[COORDINATE SERVICE] - Requested method to create coordinates' | 
01:31:25 | Info | '[COORDINATE CONTROLLER] - Requested method to create coordinate - Passing through the Coordinate Service' | 
01:31:25 | Info | '[COORDINATE SERVICE] - Requested method to create coordinates' | 
01:31:25 | Info | '[COORDINATE SERVICE] - Requested method to get all coordinates' | 
01:31:25 | Info | '[COORDINATE SERVICE] - Requested method to get all coordinates' | 
01:31:25 | Info | '[COORDINATE SERVICE] - Requested method to create coordinates' | 
01:31:25 | Info | '[COORDINATE CONTROLLER] - Requested method to create coordinate - Passing through the Coordinate Service' | 
01:31:25 | Info | '[COORDINATE CONTROLLER] - Requested method to create coordinate - Passing through the Coordinate Service' | 
01:31:25 | Info | '[COORDINATE SERVICE] - Requested method to create coordinates' | 
01:31:25 | Info | '[COORDINATE SERVICE] - Requested method to get all coordinates' | 
01:31:25 | Info | '[COORDINATE SERVICE] - Requested method to create coordinates' | 
01:31:25 | Info | '[COORDINATE CONTROLLER] - Requested method to create coordinate - Passing through the Coordinate Service' | 
01:31:25 | Info | '[COORDINATE SERVICE] - Requested method to get all coordinates' | 
01:31:25 | Info | '[COORDINATE SERVICE] - Requested method to get all coordinates' | 
01:31:25 | Info | '[COORDINATE SERVICE] - Requested method to get all coordinates' | 
01:31:25 | Info | '[COORDINATE SERVICE] - Requested method to create coordinates' | 
01:31:25 | Info | '[COORDINATE CONTROLLER] - Requested method to create coordinate - Passing through the Coordinate Service' | 
01:31:25 | Info | '[COORDINATE SERVICE] - Requested method to create coordinates' | 
01:31:25 | Info | '[COORDINATE CONTROLLER] - Requested method to create coordinate - Passing through the Coordinate Service' | 
01:31:25 | Info | '[COORDINATE SERVICE] - Requested method to get all coordinates' | 
01:31:25 | Info | '[COORDINATE SERVICE] - Requested method to get all coordinates' | 
01:31:25 | Info | '[COORDINATE CONTROLLER] - Requested method to create coordinate - Passing through the Coordinate Service' | 
01:31:25 | Info | '[COORDINATE CONTROLLER] - Requested method to create coordinate - Passing through the Coordinate Service' | 
01:31:25 | Info | '[COORDINATE SERVICE] - Requested method to create coordinates' | 
01:31:25 | Info | '[COORDINATE SERVICE] - Requested method to create coordinates' | 
01:31:25 | Info | '[COORDINATE SERVICE] - Requested method to create coordinates' | 
01:31:25 | Info | '[COORDINATE CONTROLLER] - Requested method to create coordinate - Passing through the Coordinate Service' | 
01:31:25 | Info | '[COORDINATE SERVICE] - Requested method to get all coordinates' | 
01:31:25 | Info | '[COORDINATE SERVICE] - Requested method to get all coordinates' | 
01:31:25 | Info | '[COORDINATE CONTROLLER] - Requested method to create coordinate - Passing through the Coordinate Service' | 
01:31:25 | Info | '[COORDINATE SERVICE] - Requested method to create coordinates' | 
01:31:25 | Info | '[COORDINATE SERVICE] - Requested method to create coordinates' | 
01:31:25 | Info | '[COORDINATE CONTROLLER] - Requested method to create coordinate - Passing through the Coordinate Service' | 
01:31:25 | Info | '[COORDINATE SERVICE] - Requested method to create coordinates' | 
01:31:25 | Info | '[COORDINATE CONTROLLER] - Requested method to create coordinate - Passing through the Coordinate Service' | 
01:31:25 | Info | '[COORDINATE SERVICE] - Requested method to get all coordinates' | 
01:31:25 | Info | '[COORDINATE SERVICE] - Requested method to get all coordinates' | 
01:31:25 | Info | '[COORDINATE SERVICE] - Requested method to get all coordinates' | 
01:31:25 | Info | '[COORDINATE SERVICE] - Requested method to create coordinates' | 
01:31:25 | Info | '[COORDINATE CONTROLLER] - Requested method to create coordinate - Passing through the Coordinate Service' | 
01:31:25 | Info | '[COORDINATE SERVICE] - Requested method to create coordinates' | 
01:31:25 | Info | '[COORDINATE SERVICE] - Requested method to get all coordinates' | 
01:31:25 | Info | '[COORDINATE CONTROLLER] - Requested method to create coordinate - Passing through the Coordinate Service' | 
01:31:25 | Info | '[COORDINATE SERVICE] - Requested method to get all coordinates' | 
01:31:25 | Info | '[COORDINATE SERVICE] - Requested method to get all coordinates' | 
01:31:25 | Info | '[COORDINATE CONTROLLER] - Requested method to create coordinate - Passing through the Coordinate Service' | 
01:31:25 | Info | '[COORDINATE SERVICE] - Requested method to create coordinates' | 
01:31:25 | Info | '[COORDINATE CONTROLLER] - Requested method to create coordinate - Passing through the Coordinate Service' | 
01:31:25 | Info | '[COORDINATE SERVICE] - Requested method to create coordinates' | 
01:31:25 | Info | '[COORDINATE SERVICE] - Requested method to create coordinates' | 
01:31:25 | Info | '[COORDINATE SERVICE] - Requested method to get all coordinates' | 
01:31:25 | Info | '[COORDINATE CONTROLLER] - Requested method to create coordinate - Passing through the Coordinate Service' | 
01:31:25 | Info | '[COORDINATE SERVICE] - Requested method to get all coordinates' | 
01:31:25 | Info | '[COORDINATE SERVICE] - Requested method to get all coordinates' | 
01:31:25 | Info | '[COORDINATE CONTROLLER] - Requested method to create coordinate - Passing through the Coordinate Service' | 
01:31:25 | Info | '[COORDINATE CONTROLLER] - Requested method to create coordinate - Passing through the Coordinate Service' | 
01:31:25 | Info | '[COORDINATE SERVICE] - Requested method to create coordinates' | 
01:31:25 | Info | '[COORDINATE SERVICE] - Requested method to create coordinates' | 
01:31:25 | Info | '[COORDINATE SERVICE] - Requested method to get all coordinates' | 
01:31:25 | Info | '[COORDINATE SERVICE] - Requested method to get all coordinates' | 
01:31:25 | Info | '[COORDINATE CONTROLLER] - Requested method to create coordinate - Passing through the Coordinate Service' | 
01:31:25 | Info | '[COORDINATE CONTROLLER] - Requested method to create coordinate - Passing through the Coordinate Service' | 
01:31:25 | Info | '[COORDINATE SERVICE] - Requested method to create coordinates' | 
01:31:25 | Info | '[COORDINATE SERVICE] - Requested method to create coordinates' | 
01:31:25 | Info | '[COORDINATE SERVICE] - Requested method to create coordinates' | 
01:31:25 | Info | '[COORDINATE CONTROLLER] - Requested method to create coordinate - Passing through the Coordinate Service' | 
01:31:25 | Info | '[COORDINATE SERVICE] - Requested method to get all coordinates' | 
01:31:25 | Info | '[COORDINATE SERVICE] - Requested method to get all coordinates' | 
01:31:25 | Info | '[COORDINATE SERVICE] - Requested method to create coordinates' | 
01:31:25 | Info | '[COORDINATE CONTROLLER] - Requested method to create coordinate - Passing through the Coordinate Service' | 
01:31:25 | Info | '[COORDINATE CONTROLLER] - Requested method to create coordinate - Passing through the Coordinate Service' | 
01:31:25 | Info | '[COORDINATE SERVICE] - Requested method to create coordinates' | 
01:31:25 | Info | '[COORDINATE CONTROLLER] - Requested method to create coordinate - Passing through the Coordinate Service' | 
01:31:25 | Info | '[COORDINATE SERVICE] - Requested method to create coordinates' | 
01:31:25 | Info | '[COORDINATE SERVICE] - Requested method to get all coordinates' | 
01:31:25 | Info | '[COORDINATE SERVICE] - Requested method to get all coordinates' | 
01:31:25 | Info | '[COORDINATE SERVICE] - Requested method to get all coordinates' | 
01:31:25 | Info | '[COORDINATE SERVICE] - Requested method to create coordinates' | 
01:31:25 | Info | '[COORDINATE CONTROLLER] - Requested method to create coordinate - Passing through the Coordinate Service' | 
01:31:25 | Info | '[COORDINATE CONTROLLER] - Requested method to create coordinate - Passing through the Coordinate Service' | 
01:31:25 | Info | '[COORDINATE SERVICE] - Requested method to get all coordinates' | 
01:31:25 | Info | '[COORDINATE SERVICE] - Requested method to create coordinates' | 
01:31:25 | Info | '[COORDINATE SERVICE] - Requested method to get all coordinates' | 
01:31:25 | Info | '[COORDINATE CONTROLLER] - Requested method to create coordinate - Passing through the Coordinate Service' | 
01:31:25 | Info | '[COORDINATE SERVICE] - Requested method to create coordinates' | 
01:31:25 | Info | '[COORDINATE SERVICE] - Requested method to get all coordinates' | 
01:31:25 | Info | '[COORDINATE CONTROLLER] - Requested method to create coordinate - Passing through the Coordinate Service' | 
01:31:25 | Info | '[COORDINATE SERVICE] - Requested method to create coordinates' | 
01:31:25 | Info | '[COORDINATE CONTROLLER] - Requested method to create coordinate - Passing through the Coordinate Service' | 
01:31:25 | Info | '[COORDINATE SERVICE] - Requested method to create coordinates' | 
01:31:25 | Info | '[COORDINATE SERVICE] - Requested method to get all coordinates' | 
01:31:25 | Info | '[COORDINATE SERVICE] - Requested method to get all coordinates' | 
01:31:25 | Info | '[COORDINATE SERVICE] - Requested method to get all coordinates' | 
01:31:25 | Info | '[COORDINATE SERVICE] - Requested method to create coordinates' | 
01:31:25 | Info | '[COORDINATE CONTROLLER] - Requested method to create coordinate - Passing through the Coordinate Service' | 
01:31:25 | Info | '[COORDINATE SERVICE] - Requested method to create coordinates' | 
01:31:25 | Info | '[COORDINATE CONTROLLER] - Requested method to create coordinate - Passing through the Coordinate Service' | 
01:31:25 | Info | '[COORDINATE SERVICE] - Requested method to get all coordinates' | 
01:31:25 | Info | '[COORDINATE SERVICE] - Requested method to create coordinates' | 
01:31:25 | Info | '[COORDINATE SERVICE] - Requested method to get all coordinates' | 
01:31:25 | Info | '[COORDINATE CONTROLLER] - Requested method to create coordinate - Passing through the Coordinate Service' | 
01:31:25 | Info | '[COORDINATE CONTROLLER] - Requested method to create coordinate - Passing through the Coordinate Service' | 
01:31:25 | Info | '[COORDINATE CONTROLLER] - Requested method to create coordinate - Passing through the Coordinate Service' | 
01:31:25 | Info | '[COORDINATE SERVICE] - Requested method to create coordinates' | 
01:31:25 | Info | '[COORDINATE SERVICE] - Requested method to create coordinates' | 
01:31:25 | Info | '[COORDINATE SERVICE] - Requested method to get all coordinates' | 
01:31:25 | Info | '[COORDINATE SERVICE] - Requested method to get all coordinates' | 
01:31:25 | Info | '[COORDINATE CONTROLLER] - Requested method to create coordinate - Passing through the Coordinate Service' | 
01:31:25 | Info | '[COORDINATE SERVICE] - Requested method to get all coordinates' | 
01:31:25 | Info | '[COORDINATE SERVICE] - Requested method to create coordinates' | 
01:31:25 | Info | '[COORDINATE CONTROLLER] - Requested method to create coordinate - Passing through the Coordinate Service' | 
01:31:25 | Info | '[COORDINATE CONTROLLER] - Requested method to create coordinate - Passing through the Coordinate Service' | 
01:31:25 | Info | '[COORDINATE SERVICE] - Requested method to create coordinates' | 
01:31:25 | Info | '[COORDINATE SERVICE] - Requested method to create coordinates' | 
01:31:25 | Info | '[COORDINATE SERVICE] - Requested method to get all coordinates' | 
01:31:25 | Info | '[COORDINATE SERVICE] - Requested method to get all coordinates' | 
01:31:25 | Info | '[COORDINATE CONTROLLER] - Requested method to create coordinate - Passing through the Coordinate Service' | 
01:31:25 | Info | '[COORDINATE CONTROLLER] - Requested method to create coordinate - Passing through the Coordinate Service' | 
01:31:25 | Info | '[COORDINATE SERVICE] - Requested method to create coordinates' | 
01:31:25 | Info | '[COORDINATE SERVICE] - Requested method to get all coordinates' | 
01:31:25 | Info | '[COORDINATE SERVICE] - Requested method to create coordinates' | 
01:31:25 | Info | '[COORDINATE SERVICE] - Requested method to get all coordinates' | 
01:31:25 | Info | '[COORDINATE CONTROLLER] - Requested method to create coordinate - Passing through the Coordinate Service' | 
01:31:25 | Info | '[COORDINATE SERVICE] - Requested method to create coordinates' | 
01:31:25 | Info | '[COORDINATE CONTROLLER] - Requested method to create coordinate - Passing through the Coordinate Service' | 
01:31:25 | Info | '[COORDINATE SERVICE] - Requested method to create coordinates' | 
01:31:25 | Info | '[COORDINATE CONTROLLER] - Requested method to create coordinate - Passing through the Coordinate Service' | 
01:31:25 | Info | '[COORDINATE SERVICE] - Requested method to create coordinates' | 
01:31:25 | Info | '[COORDINATE SERVICE] - Requested method to get all coordinates' | 
01:31:25 | Info | '[COORDINATE SERVICE] - Requested method to get all coordinates' | 
01:31:25 | Info | '[COORDINATE SERVICE] - Requested method to get all coordinates' | 
01:31:25 | Info | '[COORDINATE SERVICE] - Requested method to get all coordinates' | 
01:31:25 | Info | '[COORDINATE SERVICE] - Requested method to create coordinates' | 
01:31:25 | Info | '[COORDINATE SERVICE] - Requested method to create coordinates' | 
01:31:25 | Info | '[COORDINATE CONTROLLER] - Requested method to create coordinate - Passing through the Coordinate Service' | 
01:31:25 | Info | '[COORDINATE SERVICE] - Requested method to create coordinates' | 
01:31:25 | Info | '[COORDINATE CONTROLLER] - Requested method to create coordinate - Passing through the Coordinate Service' | 
01:31:25 | Info | '[COORDINATE CONTROLLER] - Requested method to create coordinate - Passing through the Coordinate Service' | 
01:31:25 | Info | '[COORDINATE SERVICE] - Requested method to get all coordinates' | 
01:31:25 | Info | '[COORDINATE SERVICE] - Requested method to get all coordinates' | 
01:31:25 | Info | '[COORDINATE SERVICE] - Requested method to create coordinates' | 
01:31:25 | Info | '[COORDINATE CONTROLLER] - Requested method to create coordinate - Passing through the Coordinate Service' | 
01:31:25 | Info | '[COORDINATE SERVICE] - Requested method to get all coordinates' | 
01:31:25 | Info | '[COORDINATE SERVICE] - Requested method to get all coordinates' | 
01:31:25 | Info | '[COORDINATE CONTROLLER] - Requested method to create coordinate - Passing through the Coordinate Service' | 
01:31:25 | Info | '[COORDINATE CONTROLLER] - Requested method to create coordinate - Passing through the Coordinate Service' | 
01:31:25 | Info | '[COORDINATE SERVICE] - Requested method to create coordinates' | 
01:31:25 | Info | '[COORDINATE SERVICE] - Requested method to create coordinates' | 
01:31:25 | Info | '[COORDINATE CONTROLLER] - Requested method to create coordinate - Passing through the Coordinate Service' | 
01:31:25 | Info | '[COORDINATE CONTROLLER] - Requested method to create coordinate - Passing through the Coordinate Service' | 
01:31:25 | Info | '[COORDINATE SERVICE] - Requested method to create coordinates' | 
01:31:25 | Info | '[COORDINATE SERVICE] - Requested method to create coordinates' | 
01:31:25 | Info | '[COORDINATE SERVICE] - Requested method to get all coordinates' | 
01:31:25 | Info | '[COORDINATE SERVICE] - Requested method to get all coordinates' | 
01:31:25 | Info | '[COORDINATE CONTROLLER] - Requested method to create coordinate - Passing through the Coordinate Service' | 
01:31:25 | Info | '[COORDINATE SERVICE] - Requested method to create coordinates' | 
01:31:25 | Info | '[COORDINATE CONTROLLER] - Requested method to create coordinate - Passing through the Coordinate Service' | 
01:31:25 | Info | '[COORDINATE SERVICE] - Requested method to create coordinates' | 
01:31:25 | Info | '[COORDINATE SERVICE] - Requested method to get all coordinates' | 
01:31:25 | Info | '[COORDINATE SERVICE] - Requested method to get all coordinates' | 
01:31:25 | Info | '[COORDINATE SERVICE] - Requested method to get all coordinates' | 
01:31:25 | Info | '[COORDINATE SERVICE] - Requested method to get all coordinates' | 
01:31:25 | Info | '[COORDINATE SERVICE] - Requested method to create coordinates' | 
01:31:25 | Info | '[COORDINATE CONTROLLER] - Requested method to create coordinate - Passing through the Coordinate Service' | 
01:31:25 | Info | '[COORDINATE CONTROLLER] - Requested method to create coordinate - Passing through the Coordinate Service' | 
01:31:25 | Info | '[COORDINATE CONTROLLER] - Requested method to create coordinate - Passing through the Coordinate Service' | 
01:31:25 | Info | '[COORDINATE SERVICE] - Requested method to create coordinates' | 
01:31:25 | Info | '[COORDINATE SERVICE] - Requested method to create coordinates' | 
01:31:25 | Info | '[COORDINATE SERVICE] - Requested method to get all coordinates' | 
01:31:25 | Info | '[COORDINATE SERVICE] - Requested method to get all coordinates' | 
01:31:25 | Info | '[COORDINATE SERVICE] - Requested method to get all coordinates' | 
01:31:25 | Info | '[COORDINATE SERVICE] - Requested method to create coordinates' | 
01:31:25 | Info | '[COORDINATE CONTROLLER] - Requested method to create coordinate - Passing through the Coordinate Service' | 
01:31:25 | Info | '[COORDINATE CONTROLLER] - Requested method to create coordinate - Passing through the Coordinate Service' | 
01:31:25 | Info | '[COORDINATE CONTROLLER] - Requested method to create coordinate - Passing through the Coordinate Service' | 
01:31:25 | Info | '[COORDINATE SERVICE] - Requested method to create coordinates' | 
01:31:25 | Info | '[COORDINATE SERVICE] - Requested method to create coordinates' | 
01:31:25 | Info | '[COORDINATE SERVICE] - Requested method to get all coordinates' | 
01:31:25 | Info | '[COORDINATE SERVICE] - Requested method to get all coordinates' | 
01:31:25 | Info | '[COORDINATE SERVICE] - Requested method to create coordinates' | 
01:31:25 | Info | '[COORDINATE CONTROLLER] - Requested method to create coordinate - Passing through the Coordinate Service' | 
01:31:25 | Info | '[COORDINATE SERVICE] - Requested method to create coordinates' | 
01:31:25 | Info | '[COORDINATE SERVICE] - Requested method to get all coordinates' | 
01:31:25 | Info | '[COORDINATE CONTROLLER] - Requested method to create coordinate - Passing through the Coordinate Service' | 
01:31:25 | Info | '[COORDINATE SERVICE] - Requested method to get all coordinates' | 
01:31:25 | Info | '[COORDINATE SERVICE] - Requested method to get all coordinates' | 
01:31:25 | Info | '[COORDINATE CONTROLLER] - Requested method to create coordinate - Passing through the Coordinate Service' | 
01:31:25 | Info | '[COORDINATE SERVICE] - Requested method to create coordinates' | 
01:31:25 | Info | '[COORDINATE CONTROLLER] - Requested method to create coordinate - Passing through the Coordinate Service' | 
01:31:25 | Info | '[COORDINATE SERVICE] - Requested method to create coordinates' | 
01:31:25 | Info | '[COORDINATE CONTROLLER] - Requested method to create coordinate - Passing through the Coordinate Service' | 
01:31:25 | Info | '[COORDINATE SERVICE] - Requested method to create coordinates' | 
01:31:25 | Info | '[COORDINATE SERVICE] - Requested method to get all coordinates' | 
01:31:26 | Info | '[COORDINATE SERVICE] - Requested method to get all coordinates' | 
01:31:26 | Info | '[COORDINATE SERVICE] - Requested method to create coordinates' | 
01:31:26 | Info | '[COORDINATE CONTROLLER] - Requested method to create coordinate - Passing through the Coordinate Service' | 
01:31:26 | Info | '[COORDINATE SERVICE] - Requested method to create coordinates' | 
01:31:26 | Info | '[COORDINATE CONTROLLER] - Requested method to create coordinate - Passing through the Coordinate Service' | 
01:31:26 | Info | '[COORDINATE SERVICE] - Requested method to get all coordinates' | 
01:31:26 | Info | '[COORDINATE CONTROLLER] - Requested method to create coordinate - Passing through the Coordinate Service' | 
01:31:26 | Info | '[COORDINATE SERVICE] - Requested method to create coordinates' | 
01:31:26 | Info | '[COORDINATE SERVICE] - Requested method to get all coordinates' | 
01:31:26 | Info | '[COORDINATE SERVICE] - Requested method to get all coordinates' | 
01:31:26 | Info | '[COORDINATE SERVICE] - Requested method to get all coordinates' | 
01:31:26 | Info | '[COORDINATE CONTROLLER] - Requested method to create coordinate - Passing through the Coordinate Service' | 
01:31:26 | Info | '[COORDINATE SERVICE] - Requested method to create coordinates' | 
01:31:26 | Info | '[COORDINATE CONTROLLER] - Requested method to create coordinate - Passing through the Coordinate Service' | 
01:31:26 | Info | '[COORDINATE SERVICE] - Requested method to create coordinates' | 
01:31:26 | Info | '[COORDINATE SERVICE] - Requested method to get all coordinates' | 
01:31:26 | Info | '[COORDINATE CONTROLLER] - Requested method to create coordinate - Passing through the Coordinate Service' | 
01:31:26 | Info | '[COORDINATE SERVICE] - Requested method to create coordinates' | 
01:31:26 | Info | '[COORDINATE SERVICE] - Requested method to get all coordinates' | 
01:31:26 | Info | '[COORDINATE CONTROLLER] - Requested method to create coordinate - Passing through the Coordinate Service' | 
01:31:26 | Info | '[COORDINATE SERVICE] - Requested method to create coordinates' | 
01:31:26 | Info | '[COORDINATE CONTROLLER] - Requested method to create coordinate - Passing through the Coordinate Service' | 
01:31:26 | Info | '[COORDINATE SERVICE] - Requested method to create coordinates' | 
01:31:26 | Info | '[COORDINATE SERVICE] - Requested method to get all coordinates' | 
01:31:26 | Info | '[COORDINATE SERVICE] - Requested method to get all coordinates' | 
01:31:26 | Info | '[COORDINATE SERVICE] - Requested method to create coordinates' | 
01:31:26 | Info | '[COORDINATE CONTROLLER] - Requested method to create coordinate - Passing through the Coordinate Service' | 
01:31:26 | Info | '[COORDINATE SERVICE] - Requested method to create coordinates' | 
01:31:26 | Info | '[COORDINATE SERVICE] - Requested method to get all coordinates' | 
01:31:26 | Info | '[COORDINATE CONTROLLER] - Requested method to create coordinate - Passing through the Coordinate Service' | 
01:31:26 | Info | '[COORDINATE CONTROLLER] - Requested method to create coordinate - Passing through the Coordinate Service' | 
01:31:26 | Info | '[COORDINATE SERVICE] - Requested method to create coordinates' | 
01:31:26 | Info | '[COORDINATE SERVICE] - Requested method to get all coordinates' | 
01:31:26 | Info | '[COORDINATE SERVICE] - Requested method to get all coordinates' | 
01:31:26 | Info | '[COORDINATE CONTROLLER] - Requested method to create coordinate - Passing through the Coordinate Service' | 
01:31:26 | Info | '[COORDINATE SERVICE] - Requested method to get all coordinates' | 
01:31:26 | Info | '[COORDINATE SERVICE] - Requested method to create coordinates' | 
01:31:26 | Info | '[COORDINATE CONTROLLER] - Requested method to create coordinate - Passing through the Coordinate Service' | 
01:31:26 | Info | '[COORDINATE SERVICE] - Requested method to create coordinates' | 
01:31:26 | Info | '[COORDINATE SERVICE] - Requested method to get all coordinates' | 
01:31:26 | Info | '[COORDINATE CONTROLLER] - Requested method to create coordinate - Passing through the Coordinate Service' | 
01:31:26 | Info | '[COORDINATE SERVICE] - Requested method to get all coordinates' | 
01:31:26 | Info | '[COORDINATE CONTROLLER] - Requested method to create coordinate - Passing through the Coordinate Service' | 
01:31:26 | Info | '[COORDINATE SERVICE] - Requested method to create coordinates' | 
01:31:26 | Info | '[COORDINATE SERVICE] - Requested method to create coordinates' | 
01:31:26 | Info | '[COORDINATE CONTROLLER] - Requested method to create coordinate - Passing through the Coordinate Service' | 
01:31:26 | Info | '[COORDINATE SERVICE] - Requested method to create coordinates' | 
01:31:26 | Info | '[COORDINATE SERVICE] - Requested method to get all coordinates' | 
01:31:26 | Info | '[COORDINATE SERVICE] - Requested method to get all coordinates' | 
01:31:26 | Info | '[COORDINATE SERVICE] - Requested method to get all coordinates' | 
01:31:26 | Info | '[COORDINATE CONTROLLER] - Requested method to create coordinate - Passing through the Coordinate Service' | 
01:31:26 | Info | '[COORDINATE CONTROLLER] - Requested method to create coordinate - Passing through the Coordinate Service' | 
01:31:26 | Info | '[COORDINATE SERVICE] - Requested method to create coordinates' | 
01:31:26 | Info | '[COORDINATE SERVICE] - Requested method to create coordinates' | 
01:31:26 | Info | '[COORDINATE CONTROLLER] - Requested method to create coordinate - Passing through the Coordinate Service' | 
01:31:26 | Info | '[COORDINATE SERVICE] - Requested method to create coordinates' | 
01:31:26 | Info | '[COORDINATE SERVICE] - Requested method to get all coordinates' | 
01:31:26 | Info | '[COORDINATE SERVICE] - Requested method to get all coordinates' | 
01:31:26 | Info | '[COORDINATE SERVICE] - Requested method to get all coordinates' | 
01:31:26 | Info | '[COORDINATE CONTROLLER] - Requested method to create coordinate - Passing through the Coordinate Service' | 
01:31:26 | Info | '[COORDINATE CONTROLLER] - Requested method to create coordinate - Passing through the Coordinate Service' | 
01:31:26 | Info | '[COORDINATE SERVICE] - Requested method to create coordinates' | 
01:31:26 | Info | '[COORDINATE SERVICE] - Requested method to create coordinates' | 
01:31:26 | Info | '[COORDINATE SERVICE] - Requested method to get all coordinates' | 
01:31:26 | Info | '[COORDINATE SERVICE] - Requested method to get all coordinates' | 
01:31:26 | Info | '[COORDINATE CONTROLLER] - Requested method to create coordinate - Passing through the Coordinate Service' | 
01:31:26 | Info | '[COORDINATE CONTROLLER] - Requested method to create coordinate - Passing through the Coordinate Service' | 
01:31:26 | Info | '[COORDINATE SERVICE] - Requested method to create coordinates' | 
01:31:26 | Info | '[COORDINATE CONTROLLER] - Requested method to create coordinate - Passing through the Coordinate Service' | 
01:31:26 | Info | '[COORDINATE SERVICE] - Requested method to create coordinates' | 
01:31:26 | Info | '[COORDINATE SERVICE] - Requested method to create coordinates' | 
01:31:26 | Info | '[COORDINATE SERVICE] - Requested method to get all coordinates' | 
01:31:26 | Info | '[COORDINATE SERVICE] - Requested method to get all coordinates' | 
01:31:26 | Info | '[COORDINATE SERVICE] - Requested method to get all coordinates' | 
01:31:26 | Info | '[COORDINATE SERVICE] - Requested method to create coordinates' | 
01:31:26 | Info | '[COORDINATE CONTROLLER] - Requested method to create coordinate - Passing through the Coordinate Service' | 
01:31:26 | Info | '[COORDINATE CONTROLLER] - Requested method to create coordinate - Passing through the Coordinate Service' | 
01:31:26 | Info | '[COORDINATE SERVICE] - Requested method to create coordinates' | 
01:31:26 | Info | '[COORDINATE CONTROLLER] - Requested method to create coordinate - Passing through the Coordinate Service' | 
01:31:26 | Info | '[COORDINATE SERVICE] - Requested method to create coordinates' | 
01:31:26 | Info | '[COORDINATE SERVICE] - Requested method to get all coordinates' | 
01:31:26 | Info | '[COORDINATE SERVICE] - Requested method to get all coordinates' | 
01:31:26 | Info | '[COORDINATE CONTROLLER] - Requested method to create coordinate - Passing through the Coordinate Service' | 
01:31:26 | Info | '[COORDINATE SERVICE] - Requested method to get all coordinates' | 
01:31:26 | Info | '[COORDINATE CONTROLLER] - Requested method to create coordinate - Passing through the Coordinate Service' | 
01:31:26 | Info | '[COORDINATE SERVICE] - Requested method to create coordinates' | 
01:31:26 | Info | '[COORDINATE SERVICE] - Requested method to create coordinates' | 
01:31:26 | Info | '[COORDINATE SERVICE] - Requested method to get all coordinates' | 
01:31:26 | Info | '[COORDINATE SERVICE] - Requested method to get all coordinates' | 
01:31:26 | Info | '[COORDINATE CONTROLLER] - Requested method to create coordinate - Passing through the Coordinate Service' | 
01:31:26 | Info | '[COORDINATE SERVICE] - Requested method to create coordinates' | 
01:31:26 | Info | '[COORDINATE CONTROLLER] - Requested method to create coordinate - Passing through the Coordinate Service' | 
01:31:26 | Info | '[COORDINATE SERVICE] - Requested method to create coordinates' | 
01:31:26 | Info | '[COORDINATE SERVICE] - Requested method to create coordinates' | 
01:31:26 | Info | '[COORDINATE CONTROLLER] - Requested method to create coordinate - Passing through the Coordinate Service' | 
01:31:26 | Info | '[COORDINATE SERVICE] - Requested method to get all coordinates' | 
01:31:26 | Info | '[COORDINATE SERVICE] - Requested method to get all coordinates' | 
01:31:26 | Info | '[COORDINATE CONTROLLER] - Requested method to create coordinate - Passing through the Coordinate Service' | 
01:31:26 | Info | '[COORDINATE SERVICE] - Requested method to create coordinates' | 
01:31:26 | Info | '[COORDINATE CONTROLLER] - Requested method to create coordinate - Passing through the Coordinate Service' | 
01:31:26 | Info | '[COORDINATE SERVICE] - Requested method to create coordinates' | 
01:31:26 | Info | '[COORDINATE CONTROLLER] - Requested method to create coordinate - Passing through the Coordinate Service' | 
01:31:26 | Info | '[COORDINATE SERVICE] - Requested method to create coordinates' | 
01:31:26 | Info | '[COORDINATE SERVICE] - Requested method to get all coordinates' | 
01:31:26 | Info | '[COORDINATE SERVICE] - Requested method to get all coordinates' | 
01:31:26 | Info | '[COORDINATE SERVICE] - Requested method to get all coordinates' | 
01:31:26 | Info | '[COORDINATE SERVICE] - Requested method to create coordinates' | 
01:31:26 | Info | '[COORDINATE CONTROLLER] - Requested method to create coordinate - Passing through the Coordinate Service' | 
01:31:26 | Info | '[COORDINATE SERVICE] - Requested method to create coordinates' | 
01:31:26 | Info | '[COORDINATE SERVICE] - Requested method to get all coordinates' | 
01:31:26 | Info | '[COORDINATE CONTROLLER] - Requested method to create coordinate - Passing through the Coordinate Service' | 
01:31:26 | Info | '[COORDINATE SERVICE] - Requested method to get all coordinates' | 
01:31:26 | Info | '[COORDINATE CONTROLLER] - Requested method to create coordinate - Passing through the Coordinate Service' | 
01:31:26 | Info | '[COORDINATE SERVICE] - Requested method to create coordinates' | 
01:31:26 | Info | '[COORDINATE SERVICE] - Requested method to create coordinates' | 
01:31:26 | Info | '[COORDINATE CONTROLLER] - Requested method to create coordinate - Passing through the Coordinate Service' | 
01:31:26 | Info | '[COORDINATE SERVICE] - Requested method to get all coordinates' | 
01:31:26 | Info | '[COORDINATE SERVICE] - Requested method to get all coordinates' | 
01:31:26 | Info | '[COORDINATE SERVICE] - Requested method to create coordinates' | 
01:31:26 | Info | '[COORDINATE SERVICE] - Requested method to create coordinates' | 
01:31:26 | Info | '[COORDINATE CONTROLLER] - Requested method to create coordinate - Passing through the Coordinate Service' | 
01:31:26 | Info | '[COORDINATE SERVICE] - Requested method to create coordinates' | 
01:31:26 | Info | '[COORDINATE CONTROLLER] - Requested method to create coordinate - Passing through the Coordinate Service' | 
01:31:26 | Info | '[COORDINATE CONTROLLER] - Requested method to create coordinate - Passing through the Coordinate Service' | 
01:31:26 | Info | '[COORDINATE SERVICE] - Requested method to get all coordinates' | 
01:31:26 | Info | '[COORDINATE SERVICE] - Requested method to get all coordinates' | 
01:31:26 | Info | '[COORDINATE SERVICE] - Requested method to get all coordinates' | 
01:31:26 | Info | '[COORDINATE SERVICE] - Requested method to get all coordinates' | 
01:31:26 | Info | '[COORDINATE CONTROLLER] - Requested method to create coordinate - Passing through the Coordinate Service' | 
01:31:26 | Info | '[COORDINATE SERVICE] - Requested method to create coordinates' | 
01:31:26 | Info | '[COORDINATE SERVICE] - Requested method to create coordinates' | 
01:31:26 | Info | '[COORDINATE CONTROLLER] - Requested method to create coordinate - Passing through the Coordinate Service' | 
01:31:26 | Info | '[COORDINATE SERVICE] - Requested method to get all coordinates' | 
01:31:26 | Info | '[COORDINATE SERVICE] - Requested method to get all coordinates' | 
01:31:26 | Info | '[COORDINATE CONTROLLER] - Requested method to create coordinate - Passing through the Coordinate Service' | 
01:31:26 | Info | '[COORDINATE SERVICE] - Requested method to create coordinates' | 
01:31:26 | Info | '[COORDINATE SERVICE] - Requested method to create coordinates' | 
01:31:26 | Info | '[COORDINATE CONTROLLER] - Requested method to create coordinate - Passing through the Coordinate Service' | 
01:31:26 | Info | '[COORDINATE SERVICE] - Requested method to get all coordinates' | 
01:31:26 | Info | '[COORDINATE SERVICE] - Requested method to create coordinates' | 
01:31:26 | Info | '[COORDINATE CONTROLLER] - Requested method to create coordinate - Passing through the Coordinate Service' | 
01:31:26 | Info | '[COORDINATE SERVICE] - Requested method to create coordinates' | 
01:31:26 | Info | '[COORDINATE CONTROLLER] - Requested method to create coordinate - Passing through the Coordinate Service' | 
01:31:26 | Info | '[COORDINATE CONTROLLER] - Requested method to create coordinate - Passing through the Coordinate Service' | 
01:31:26 | Info | '[COORDINATE CONTROLLER] - Requested method to create coordinate - Passing through the Coordinate Service' | 
01:31:26 | Info | '[COORDINATE SERVICE] - Requested method to create coordinates' | 
01:31:26 | Info | '[COORDINATE SERVICE] - Requested method to get all coordinates' | 
01:31:26 | Info | '[COORDINATE SERVICE] - Requested method to get all coordinates' | 
01:31:26 | Info | '[COORDINATE SERVICE] - Requested method to create coordinates' | 
01:31:26 | Info | '[COORDINATE SERVICE] - Requested method to get all coordinates' | 
01:31:26 | Info | '[COORDINATE CONTROLLER] - Requested method to create coordinate - Passing through the Coordinate Service' | 
01:31:26 | Info | '[COORDINATE SERVICE] - Requested method to get all coordinates' | 
01:31:26 | Info | '[COORDINATE SERVICE] - Requested method to create coordinates' | 
01:31:26 | Info | '[COORDINATE CONTROLLER] - Requested method to create coordinate - Passing through the Coordinate Service' | 
01:31:26 | Info | '[COORDINATE SERVICE] - Requested method to create coordinates' | 
01:31:26 | Info | '[COORDINATE SERVICE] - Requested method to get all coordinates' | 
01:31:26 | Info | '[COORDINATE SERVICE] - Requested method to get all coordinates' | 
01:31:26 | Info | '[COORDINATE SERVICE] - Requested method to create coordinates' | 
01:31:26 | Info | '[COORDINATE CONTROLLER] - Requested method to create coordinate - Passing through the Coordinate Service' | 
01:31:26 | Info | '[COORDINATE SERVICE] - Requested method to create coordinates' | 
01:31:26 | Info | '[COORDINATE SERVICE] - Requested method to get all coordinates' | 
01:31:26 | Info | '[COORDINATE SERVICE] - Requested method to get all coordinates' | 
01:31:26 | Info | '[COORDINATE CONTROLLER] - Requested method to create coordinate - Passing through the Coordinate Service' | 
01:31:26 | Info | '[COORDINATE CONTROLLER] - Requested method to create coordinate - Passing through the Coordinate Service' | 
01:31:26 | Info | '[COORDINATE SERVICE] - Requested method to get all coordinates' | 
01:31:26 | Info | '[COORDINATE CONTROLLER] - Requested method to create coordinate - Passing through the Coordinate Service' | 
01:31:26 | Info | '[COORDINATE SERVICE] - Requested method to create coordinates' | 
01:31:26 | Info | '[COORDINATE SERVICE] - Requested method to create coordinates' | 
01:31:26 | Info | '[COORDINATE SERVICE] - Requested method to get all coordinates' | 
01:31:26 | Info | '[COORDINATE SERVICE] - Requested method to create coordinates' | 
01:31:26 | Info | '[COORDINATE CONTROLLER] - Requested method to create coordinate - Passing through the Coordinate Service' | 
01:31:26 | Info | '[COORDINATE SERVICE] - Requested method to get all coordinates' | 
01:31:26 | Info | '[COORDINATE CONTROLLER] - Requested method to create coordinate - Passing through the Coordinate Service' | 
01:31:26 | Info | '[COORDINATE SERVICE] - Requested method to get all coordinates' | 
01:31:26 | Info | '[COORDINATE SERVICE] - Requested method to create coordinates' | 
01:31:26 | Info | '[COORDINATE SERVICE] - Requested method to get all coordinates' | 
01:31:26 | Info | '[COORDINATE CONTROLLER] - Requested method to create coordinate - Passing through the Coordinate Service' | 
01:31:26 | Info | '[COORDINATE CONTROLLER] - Requested method to create coordinate - Passing through the Coordinate Service' | 
01:31:26 | Info | '[COORDINATE SERVICE] - Requested method to create coordinates' | 
01:31:26 | Info | '[COORDINATE CONTROLLER] - Requested method to create coordinate - Passing through the Coordinate Service' | 
01:31:26 | Info | '[COORDINATE SERVICE] - Requested method to create coordinates' | 
01:31:26 | Info | '[COORDINATE SERVICE] - Requested method to create coordinates' | 
01:31:26 | Info | '[COORDINATE SERVICE] - Requested method to create coordinates' | 
01:31:26 | Info | '[COORDINATE CONTROLLER] - Requested method to create coordinate - Passing through the Coordinate Service' | 
01:31:26 | Info | '[COORDINATE SERVICE] - Requested method to get all coordinates' | 
01:31:26 | Info | '[COORDINATE SERVICE] - Requested method to get all coordinates' | 
01:31:26 | Info | '[COORDINATE SERVICE] - Requested method to get all coordinates' | 
01:31:26 | Info | '[COORDINATE SERVICE] - Requested method to get all coordinates' | 
01:31:26 | Info | '[COORDINATE CONTROLLER] - Requested method to create coordinate - Passing through the Coordinate Service' | 
01:31:26 | Info | '[COORDINATE SERVICE] - Requested method to get all coordinates' | 
01:31:26 | Info | '[COORDINATE SERVICE] - Requested method to create coordinates' | 
01:31:26 | Info | '[COORDINATE CONTROLLER] - Requested method to create coordinate - Passing through the Coordinate Service' | 
01:31:26 | Info | '[COORDINATE CONTROLLER] - Requested method to create coordinate - Passing through the Coordinate Service' | 
01:31:26 | Info | '[COORDINATE SERVICE] - Requested method to create coordinates' | 
01:31:26 | Info | '[COORDINATE SERVICE] - Requested method to create coordinates' | 
01:31:26 | Info | '[COORDINATE SERVICE] - Requested method to get all coordinates' | 
01:31:26 | Info | '[COORDINATE SERVICE] - Requested method to get all coordinates' | 
01:31:26 | Info | '[COORDINATE SERVICE] - Requested method to get all coordinates' | 
01:31:26 | Info | '[COORDINATE SERVICE] - Requested method to create coordinates' | 
01:31:26 | Info | '[COORDINATE CONTROLLER] - Requested method to create coordinate - Passing through the Coordinate Service' | 
01:31:26 | Info | '[COORDINATE CONTROLLER] - Requested method to create coordinate - Passing through the Coordinate Service' | 
01:31:26 | Info | '[COORDINATE SERVICE] - Requested method to create coordinates' | 
01:31:26 | Info | '[COORDINATE CONTROLLER] - Requested method to create coordinate - Passing through the Coordinate Service' | 
01:31:26 | Info | '[COORDINATE SERVICE] - Requested method to create coordinates' | 
01:31:26 | Info | '[COORDINATE CONTROLLER] - Requested method to create coordinate - Passing through the Coordinate Service' | 
01:31:26 | Info | '[COORDINATE CONTROLLER] - Requested method to create coordinate - Passing through the Coordinate Service' | 
01:31:26 | Info | '[COORDINATE SERVICE] - Requested method to create coordinates' | 
01:31:26 | Info | '[COORDINATE SERVICE] - Requested method to create coordinates' | 
01:31:26 | Info | '[COORDINATE CONTROLLER] - Requested method to create coordinate - Passing through the Coordinate Service' | 
01:31:26 | Info | '[COORDINATE SERVICE] - Requested method to create coordinates' | 
01:31:26 | Info | '[COORDINATE SERVICE] - Requested method to get all coordinates' | 
01:31:26 | Info | '[COORDINATE SERVICE] - Requested method to get all coordinates' | 
01:31:26 | Info | '[COORDINATE SERVICE] - Requested method to get all coordinates' | 
01:31:26 | Info | '[COORDINATE SERVICE] - Requested method to get all coordinates' | 
01:31:26 | Info | '[COORDINATE SERVICE] - Requested method to get all coordinates' | 
01:31:27 | Info | '[COORDINATE CONTROLLER] - Requested method to create coordinate - Passing through the Coordinate Service' | 
01:31:27 | Info | '[COORDINATE CONTROLLER] - Requested method to create coordinate - Passing through the Coordinate Service' | 
01:31:27 | Info | '[COORDINATE SERVICE] - Requested method to create coordinates' | 
01:31:27 | Info | '[COORDINATE SERVICE] - Requested method to create coordinates' | 
01:31:27 | Info | '[COORDINATE SERVICE] - Requested method to create coordinates' | 
01:31:27 | Info | '[COORDINATE CONTROLLER] - Requested method to create coordinate - Passing through the Coordinate Service' | 
01:31:27 | Info | '[COORDINATE SERVICE] - Requested method to get all coordinates' | 
01:31:27 | Info | '[COORDINATE CONTROLLER] - Requested method to create coordinate - Passing through the Coordinate Service' | 
01:31:27 | Info | '[COORDINATE SERVICE] - Requested method to get all coordinates' | 
01:31:27 | Info | '[COORDINATE SERVICE] - Requested method to get all coordinates' | 
01:31:27 | Info | '[COORDINATE SERVICE] - Requested method to create coordinates' | 
01:31:27 | Info | '[COORDINATE SERVICE] - Requested method to get all coordinates' | 
01:31:27 | Info | '[COORDINATE SERVICE] - Requested method to create coordinates' | 
01:31:27 | Info | '[COORDINATE CONTROLLER] - Requested method to create coordinate - Passing through the Coordinate Service' | 
01:31:27 | Info | '[COORDINATE SERVICE] - Requested method to create coordinates' | 
01:31:27 | Info | '[COORDINATE CONTROLLER] - Requested method to create coordinate - Passing through the Coordinate Service' | 
01:31:27 | Info | '[COORDINATE SERVICE] - Requested method to create coordinates' | 
01:31:27 | Info | '[COORDINATE CONTROLLER] - Requested method to create coordinate - Passing through the Coordinate Service' | 
01:31:27 | Info | '[COORDINATE SERVICE] - Requested method to create coordinates' | 
01:31:27 | Info | '[COORDINATE CONTROLLER] - Requested method to create coordinate - Passing through the Coordinate Service' | 
01:31:27 | Info | '[COORDINATE SERVICE] - Requested method to get all coordinates' | 
01:31:27 | Info | '[COORDINATE SERVICE] - Requested method to get all coordinates' | 
01:31:27 | Info | '[COORDINATE CONTROLLER] - Requested method to create coordinate - Passing through the Coordinate Service' | 
01:31:27 | Info | '[COORDINATE SERVICE] - Requested method to get all coordinates' | 
01:31:27 | Info | '[COORDINATE SERVICE] - Requested method to create coordinates' | 
01:31:27 | Info | '[COORDINATE SERVICE] - Requested method to get all coordinates' | 
01:31:27 | Info | '[COORDINATE SERVICE] - Requested method to get all coordinates' | 
01:31:27 | Info | '[COORDINATE CONTROLLER] - Requested method to create coordinate - Passing through the Coordinate Service' | 
01:31:27 | Info | '[COORDINATE SERVICE] - Requested method to create coordinates' | 
01:31:27 | Info | '[COORDINATE CONTROLLER] - Requested method to create coordinate - Passing through the Coordinate Service' | 
01:31:27 | Info | '[COORDINATE SERVICE] - Requested method to create coordinates' | 
01:31:27 | Info | '[COORDINATE SERVICE] - Requested method to create coordinates' | 
01:31:27 | Info | '[COORDINATE CONTROLLER] - Requested method to create coordinate - Passing through the Coordinate Service' | 
01:31:27 | Info | '[COORDINATE SERVICE] - Requested method to get all coordinates' | 
01:31:27 | Info | '[COORDINATE SERVICE] - Requested method to get all coordinates' | 
01:31:27 | Info | '[COORDINATE CONTROLLER] - Requested method to create coordinate - Passing through the Coordinate Service' | 
01:31:27 | Info | '[COORDINATE SERVICE] - Requested method to get all coordinates' | 
01:31:27 | Info | '[COORDINATE CONTROLLER] - Requested method to create coordinate - Passing through the Coordinate Service' | 
01:31:27 | Info | '[COORDINATE SERVICE] - Requested method to create coordinates' | 
01:31:27 | Info | '[COORDINATE SERVICE] - Requested method to create coordinates' | 
01:31:27 | Info | '[COORDINATE CONTROLLER] - Requested method to create coordinate - Passing through the Coordinate Service' | 
01:31:27 | Info | '[COORDINATE SERVICE] - Requested method to create coordinates' | 
01:31:27 | Info | '[COORDINATE SERVICE] - Requested method to get all coordinates' | 
01:31:27 | Info | '[COORDINATE SERVICE] - Requested method to get all coordinates' | 
01:31:27 | Info | '[COORDINATE SERVICE] - Requested method to get all coordinates' | 
01:31:27 | Info | '[COORDINATE CONTROLLER] - Requested method to create coordinate - Passing through the Coordinate Service' | 
01:31:27 | Info | '[COORDINATE SERVICE] - Requested method to create coordinates' | 
01:31:27 | Info | '[COORDINATE SERVICE] - Requested method to create coordinates' | 
01:31:27 | Info | '[COORDINATE CONTROLLER] - Requested method to create coordinate - Passing through the Coordinate Service' | 
01:31:27 | Info | '[COORDINATE SERVICE] - Requested method to get all coordinates' | 
01:31:27 | Info | '[COORDINATE CONTROLLER] - Requested method to create coordinate - Passing through the Coordinate Service' | 
01:31:27 | Info | '[COORDINATE SERVICE] - Requested method to create coordinates' | 
01:31:27 | Info | '[COORDINATE SERVICE] - Requested method to create coordinates' | 
01:31:27 | Info | '[COORDINATE CONTROLLER] - Requested method to create coordinate - Passing through the Coordinate Service' | 
01:31:27 | Info | '[COORDINATE CONTROLLER] - Requested method to create coordinate - Passing through the Coordinate Service' | 
01:31:27 | Info | '[COORDINATE SERVICE] - Requested method to create coordinates' | 
01:31:27 | Info | '[COORDINATE SERVICE] - Requested method to get all coordinates' | 
01:31:27 | Info | '[COORDINATE SERVICE] - Requested method to get all coordinates' | 
01:31:27 | Info | '[COORDINATE SERVICE] - Requested method to get all coordinates' | 
01:31:27 | Info | '[COORDINATE CONTROLLER] - Requested method to create coordinate - Passing through the Coordinate Service' | 
01:31:27 | Info | '[COORDINATE SERVICE] - Requested method to get all coordinates' | 
01:31:27 | Info | '[COORDINATE SERVICE] - Requested method to create coordinates' | 
01:31:27 | Info | '[COORDINATE CONTROLLER] - Requested method to create coordinate - Passing through the Coordinate Service' | 
01:31:27 | Info | '[COORDINATE SERVICE] - Requested method to create coordinates' | 
01:31:27 | Info | '[COORDINATE SERVICE] - Requested method to create coordinates' | 
01:31:27 | Info | '[COORDINATE CONTROLLER] - Requested method to create coordinate - Passing through the Coordinate Service' | 
01:31:27 | Info | '[COORDINATE SERVICE] - Requested method to get all coordinates' | 
01:31:27 | Info | '[COORDINATE CONTROLLER] - Requested method to create coordinate - Passing through the Coordinate Service' | 
01:31:27 | Info | '[COORDINATE SERVICE] - Requested method to get all coordinates' | 
01:31:27 | Info | '[COORDINATE SERVICE] - Requested method to create coordinates' | 
01:31:27 | Info | '[COORDINATE SERVICE] - Requested method to get all coordinates' | 
01:31:27 | Info | '[COORDINATE SERVICE] - Requested method to get all coordinates' | 
01:31:27 | Info | '[COORDINATE CONTROLLER] - Requested method to create coordinate - Passing through the Coordinate Service' | 
01:31:27 | Info | '[COORDINATE SERVICE] - Requested method to create coordinates' | 
01:31:27 | Info | '[COORDINATE SERVICE] - Requested method to create coordinates' | 
01:31:27 | Info | '[COORDINATE CONTROLLER] - Requested method to create coordinate - Passing through the Coordinate Service' | 
01:31:27 | Info | '[COORDINATE CONTROLLER] - Requested method to create coordinate - Passing through the Coordinate Service' | 
01:31:27 | Info | '[COORDINATE SERVICE] - Requested method to create coordinates' | 
01:31:27 | Info | '[COORDINATE CONTROLLER] - Requested method to create coordinate - Passing through the Coordinate Service' | 
01:31:27 | Info | '[COORDINATE SERVICE] - Requested method to create coordinates' | 
01:31:27 | Info | '[COORDINATE SERVICE] - Requested method to get all coordinates' | 
01:31:27 | Info | '[COORDINATE SERVICE] - Requested method to get all coordinates' | 
01:31:27 | Info | '[COORDINATE SERVICE] - Requested method to get all coordinates' | 
01:31:27 | Info | '[COORDINATE SERVICE] - Requested method to create coordinates' | 
01:31:27 | Info | '[COORDINATE CONTROLLER] - Requested method to create coordinate - Passing through the Coordinate Service' | 
01:31:27 | Info | '[COORDINATE CONTROLLER] - Requested method to create coordinate - Passing through the Coordinate Service' | 
01:31:27 | Info | '[COORDINATE SERVICE] - Requested method to create coordinates' | 
01:31:27 | Info | '[COORDINATE SERVICE] - Requested method to get all coordinates' | 
01:31:27 | Info | '[COORDINATE SERVICE] - Requested method to get all coordinates' | 
01:31:27 | Info | '[COORDINATE CONTROLLER] - Requested method to create coordinate - Passing through the Coordinate Service' | 
01:31:27 | Info | '[COORDINATE SERVICE] - Requested method to create coordinates' | 
01:31:27 | Info | '[COORDINATE SERVICE] - Requested method to get all coordinates' | 
01:31:27 | Info | '[COORDINATE SERVICE] - Requested method to create coordinates' | 
01:31:27 | Info | '[COORDINATE CONTROLLER] - Requested method to create coordinate - Passing through the Coordinate Service' | 
01:31:27 | Info | '[COORDINATE SERVICE] - Requested method to get all coordinates' | 
01:31:27 | Info | '[COORDINATE SERVICE] - Requested method to create coordinates' | 
01:31:27 | Info | '[COORDINATE CONTROLLER] - Requested method to create coordinate - Passing through the Coordinate Service' | 
01:31:27 | Info | '[COORDINATE CONTROLLER] - Requested method to create coordinate - Passing through the Coordinate Service' | 
01:31:27 | Info | '[COORDINATE SERVICE] - Requested method to create coordinates' | 
01:31:27 | Info | '[COORDINATE SERVICE] - Requested method to create coordinates' | 
01:31:27 | Info | '[COORDINATE CONTROLLER] - Requested method to create coordinate - Passing through the Coordinate Service' | 
01:31:27 | Info | '[COORDINATE SERVICE] - Requested method to get all coordinates' | 
01:31:27 | Info | '[COORDINATE SERVICE] - Requested method to get all coordinates' | 
01:31:27 | Info | '[COORDINATE SERVICE] - Requested method to get all coordinates' | 
01:31:27 | Info | '[COORDINATE SERVICE] - Requested method to get all coordinates' | 
01:31:27 | Info | '[COORDINATE SERVICE] - Requested method to create coordinates' | 
01:31:27 | Info | '[COORDINATE CONTROLLER] - Requested method to create coordinate - Passing through the Coordinate Service' | 
01:31:27 | Info | '[COORDINATE CONTROLLER] - Requested method to create coordinate - Passing through the Coordinate Service' | 
01:31:27 | Info | '[COORDINATE SERVICE] - Requested method to create coordinates' | 
01:31:27 | Info | '[COORDINATE SERVICE] - Requested method to get all coordinates' | 
01:31:27 | Info | '[COORDINATE CONTROLLER] - Requested method to create coordinate - Passing through the Coordinate Service' | 
01:31:27 | Info | '[COORDINATE SERVICE] - Requested method to get all coordinates' | 
01:31:27 | Info | '[COORDINATE SERVICE] - Requested method to create coordinates' | 
01:31:27 | Info | '[COORDINATE CONTROLLER] - Requested method to create coordinate - Passing through the Coordinate Service' | 
01:31:27 | Info | '[COORDINATE SERVICE] - Requested method to get all coordinates' | 
01:31:27 | Info | '[COORDINATE CONTROLLER] - Requested method to create coordinate - Passing through the Coordinate Service' | 
01:31:27 | Info | '[COORDINATE SERVICE] - Requested method to create coordinates' | 
01:31:27 | Info | '[COORDINATE CONTROLLER] - Requested method to create coordinate - Passing through the Coordinate Service' | 
01:31:27 | Info | '[COORDINATE SERVICE] - Requested method to create coordinates' | 
01:31:27 | Info | '[COORDINATE SERVICE] - Requested method to create coordinates' | 
01:31:27 | Info | '[COORDINATE CONTROLLER] - Requested method to create coordinate - Passing through the Coordinate Service' | 
01:31:27 | Info | '[COORDINATE CONTROLLER] - Requested method to create coordinate - Passing through the Coordinate Service' | 
01:31:27 | Info | '[COORDINATE SERVICE] - Requested method to create coordinates' | 
01:31:27 | Info | '[COORDINATE SERVICE] - Requested method to create coordinates' | 
01:31:27 | Info | '[COORDINATE SERVICE] - Requested method to get all coordinates' | 
01:31:27 | Info | '[COORDINATE SERVICE] - Requested method to get all coordinates' | 
01:31:27 | Info | '[COORDINATE SERVICE] - Requested method to get all coordinates' | 
01:31:27 | Info | '[COORDINATE SERVICE] - Requested method to get all coordinates' | 
01:31:27 | Info | '[COORDINATE CONTROLLER] - Requested method to create coordinate - Passing through the Coordinate Service' | 
01:31:27 | Info | '[COORDINATE SERVICE] - Requested method to create coordinates' | 
01:31:27 | Info | '[COORDINATE CONTROLLER] - Requested method to create coordinate - Passing through the Coordinate Service' | 
01:31:27 | Info | '[COORDINATE SERVICE] - Requested method to create coordinates' | 
01:31:27 | Info | '[COORDINATE SERVICE] - Requested method to get all coordinates' | 
01:31:27 | Info | '[COORDINATE SERVICE] - Requested method to get all coordinates' | 
01:31:27 | Info | '[COORDINATE SERVICE] - Requested method to get all coordinates' | 
01:31:27 | Info | '[COORDINATE CONTROLLER] - Requested method to create coordinate - Passing through the Coordinate Service' | 
01:31:27 | Info | '[COORDINATE SERVICE] - Requested method to create coordinates' | 
01:31:27 | Info | '[COORDINATE SERVICE] - Requested method to get all coordinates' | 
01:31:27 | Info | '[COORDINATE SERVICE] - Requested method to create coordinates' | 
01:31:27 | Info | '[COORDINATE CONTROLLER] - Requested method to create coordinate - Passing through the Coordinate Service' | 
01:31:27 | Info | '[COORDINATE CONTROLLER] - Requested method to create coordinate - Passing through the Coordinate Service' | 
01:31:27 | Info | '[COORDINATE SERVICE] - Requested method to create coordinates' | 
01:31:27 | Info | '[COORDINATE CONTROLLER] - Requested method to create coordinate - Passing through the Coordinate Service' | 
01:31:27 | Info | '[COORDINATE SERVICE] - Requested method to create coordinates' | 
01:31:27 | Info | '[COORDINATE CONTROLLER] - Requested method to create coordinate - Passing through the Coordinate Service' | 
01:31:27 | Info | '[COORDINATE SERVICE] - Requested method to create coordinates' | 
01:31:27 | Info | '[COORDINATE CONTROLLER] - Requested method to create coordinate - Passing through the Coordinate Service' | 
01:31:27 | Info | '[COORDINATE SERVICE] - Requested method to create coordinates' | 
01:31:27 | Info | '[COORDINATE SERVICE] - Requested method to get all coordinates' | 
01:31:27 | Info | '[COORDINATE SERVICE] - Requested method to get all coordinates' | 
01:31:27 | Info | '[COORDINATE SERVICE] - Requested method to get all coordinates' | 
01:31:27 | Info | '[COORDINATE SERVICE] - Requested method to get all coordinates' | 
01:31:27 | Info | '[COORDINATE SERVICE] - Requested method to create coordinates' | 
01:31:27 | Info | '[COORDINATE CONTROLLER] - Requested method to create coordinate - Passing through the Coordinate Service' | 
01:31:27 | Info | '[COORDINATE SERVICE] - Requested method to create coordinates' | 
01:31:27 | Info | '[COORDINATE CONTROLLER] - Requested method to create coordinate - Passing through the Coordinate Service' | 
01:31:27 | Info | '[COORDINATE SERVICE] - Requested method to get all coordinates' | 
01:31:27 | Info | '[COORDINATE CONTROLLER] - Requested method to create coordinate - Passing through the Coordinate Service' | 
01:31:27 | Info | '[COORDINATE SERVICE] - Requested method to get all coordinates' | 
01:31:27 | Info | '[COORDINATE SERVICE] - Requested method to create coordinates' | 
01:31:27 | Info | '[COORDINATE CONTROLLER] - Requested method to create coordinate - Passing through the Coordinate Service' | 
01:31:27 | Info | '[COORDINATE SERVICE] - Requested method to create coordinates' | 
01:31:27 | Info | '[COORDINATE SERVICE] - Requested method to get all coordinates' | 
01:31:27 | Info | '[COORDINATE CONTROLLER] - Requested method to create coordinate - Passing through the Coordinate Service' | 
01:31:27 | Info | '[COORDINATE SERVICE] - Requested method to get all coordinates' | 
01:31:27 | Info | '[COORDINATE SERVICE] - Requested method to create coordinates' | 
01:31:27 | Info | '[COORDINATE CONTROLLER] - Requested method to create coordinate - Passing through the Coordinate Service' | 
01:31:27 | Info | '[COORDINATE SERVICE] - Requested method to create coordinates' | 
01:31:27 | Info | '[COORDINATE SERVICE] - Requested method to create coordinates' | 
01:31:27 | Info | '[COORDINATE CONTROLLER] - Requested method to create coordinate - Passing through the Coordinate Service' | 
01:31:27 | Info | '[COORDINATE SERVICE] - Requested method to get all coordinates' | 
01:31:27 | Info | '[COORDINATE SERVICE] - Requested method to get all coordinates' | 
01:31:27 | Info | '[COORDINATE SERVICE] - Requested method to get all coordinates' | 
01:31:27 | Info | '[COORDINATE SERVICE] - Requested method to get all coordinates' | 
01:31:27 | Info | '[COORDINATE CONTROLLER] - Requested method to create coordinate - Passing through the Coordinate Service' | 
01:31:27 | Info | '[COORDINATE SERVICE] - Requested method to get all coordinates' | 
01:31:27 | Info | '[COORDINATE SERVICE] - Requested method to create coordinates' | 
01:31:27 | Info | '[COORDINATE CONTROLLER] - Requested method to create coordinate - Passing through the Coordinate Service' | 
01:31:27 | Info | '[COORDINATE SERVICE] - Requested method to create coordinates' | 
01:31:27 | Info | '[COORDINATE SERVICE] - Requested method to create coordinates' | 
01:31:27 | Info | '[COORDINATE CONTROLLER] - Requested method to create coordinate - Passing through the Coordinate Service' | 
01:31:27 | Info | '[COORDINATE SERVICE] - Requested method to get all coordinates' | 
01:31:27 | Info | '[COORDINATE SERVICE] - Requested method to create coordinates' | 
01:31:27 | Info | '[COORDINATE CONTROLLER] - Requested method to create coordinate - Passing through the Coordinate Service' | 
01:31:27 | Info | '[COORDINATE SERVICE] - Requested method to create coordinates' | 
01:31:27 | Info | '[COORDINATE CONTROLLER] - Requested method to create coordinate - Passing through the Coordinate Service' | 
01:31:27 | Info | '[COORDINATE CONTROLLER] - Requested method to create coordinate - Passing through the Coordinate Service' | 
01:31:27 | Info | '[COORDINATE SERVICE] - Requested method to create coordinates' | 
01:31:27 | Info | '[COORDINATE CONTROLLER] - Requested method to create coordinate - Passing through the Coordinate Service' | 
01:31:27 | Info | '[COORDINATE SERVICE] - Requested method to create coordinates' | 
01:31:27 | Info | '[COORDINATE SERVICE] - Requested method to get all coordinates' | 
01:31:27 | Info | '[COORDINATE SERVICE] - Requested method to get all coordinates' | 
01:31:27 | Info | '[COORDINATE SERVICE] - Requested method to get all coordinates' | 
01:31:27 | Info | '[COORDINATE SERVICE] - Requested method to get all coordinates' | 
01:31:27 | Info | '[COORDINATE CONTROLLER] - Requested method to create coordinate - Passing through the Coordinate Service' | 
01:31:27 | Info | '[COORDINATE SERVICE] - Requested method to create coordinates' | 
01:31:27 | Info | '[COORDINATE CONTROLLER] - Requested method to create coordinate - Passing through the Coordinate Service' | 
01:31:27 | Info | '[COORDINATE SERVICE] - Requested method to create coordinates' | 
01:31:27 | Info | '[COORDINATE SERVICE] - Requested method to get all coordinates' | 
01:31:27 | Info | '[COORDINATE SERVICE] - Requested method to get all coordinates' | 
01:31:27 | Info | '[COORDINATE SERVICE] - Requested method to get all coordinates' | 
01:31:27 | Info | '[COORDINATE CONTROLLER] - Requested method to create coordinate - Passing through the Coordinate Service' | 
01:31:27 | Info | '[COORDINATE CONTROLLER] - Requested method to create coordinate - Passing through the Coordinate Service' | 
01:31:27 | Info | '[COORDINATE SERVICE] - Requested method to create coordinates' | 
01:31:27 | Info | '[COORDINATE SERVICE] - Requested method to create coordinates' | 
01:31:27 | Info | '[COORDINATE SERVICE] - Requested method to get all coordinates' | 
01:31:27 | Info | '[COORDINATE SERVICE] - Requested method to create coordinates' | 
01:31:27 | Info | '[COORDINATE CONTROLLER] - Requested method to create coordinate - Passing through the Coordinate Service' | 
01:31:27 | Info | '[COORDINATE CONTROLLER] - Requested method to create coordinate - Passing through the Coordinate Service' | 
01:31:27 | Info | '[COORDINATE SERVICE] - Requested method to create coordinates' | 
01:31:27 | Info | '[COORDINATE CONTROLLER] - Requested method to create coordinate - Passing through the Coordinate Service' | 
01:31:27 | Info | '[COORDINATE SERVICE] - Requested method to create coordinates' | 
01:31:27 | Info | '[COORDINATE SERVICE] - Requested method to get all coordinates' | 
01:31:27 | Info | '[COORDINATE SERVICE] - Requested method to get all coordinates' | 
01:31:27 | Info | '[COORDINATE SERVICE] - Requested method to get all coordinates' | 
01:31:27 | Info | '[COORDINATE SERVICE] - Requested method to get all coordinates' | 
01:31:27 | Info | '[COORDINATE SERVICE] - Requested method to create coordinates' | 
01:31:27 | Info | '[COORDINATE CONTROLLER] - Requested method to create coordinate - Passing through the Coordinate Service' | 
01:31:27 | Info | '[COORDINATE SERVICE] - Requested method to get all coordinates' | 
01:31:28 | Info | '[COORDINATE SERVICE] - Requested method to create coordinates' | 
01:31:28 | Info | '[COORDINATE CONTROLLER] - Requested method to create coordinate - Passing through the Coordinate Service' | 
01:31:28 | Info | '[COORDINATE CONTROLLER] - Requested method to create coordinate - Passing through the Coordinate Service' | 
01:31:28 | Info | '[COORDINATE SERVICE] - Requested method to create coordinates' | 
01:31:28 | Info | '[COORDINATE SERVICE] - Requested method to create coordinates' | 
01:31:28 | Info | '[COORDINATE CONTROLLER] - Requested method to create coordinate - Passing through the Coordinate Service' | 
01:31:28 | Info | '[COORDINATE SERVICE] - Requested method to get all coordinates' | 
01:31:28 | Info | '[COORDINATE CONTROLLER] - Requested method to create coordinate - Passing through the Coordinate Service' | 
01:31:28 | Info | '[COORDINATE SERVICE] - Requested method to create coordinates' | 
01:31:28 | Info | '[COORDINATE SERVICE] - Requested method to get all coordinates' | 
01:31:28 | Info | '[COORDINATE SERVICE] - Requested method to get all coordinates' | 
01:31:28 | Info | '[COORDINATE SERVICE] - Requested method to get all coordinates' | 
01:31:28 | Info | '[COORDINATE CONTROLLER] - Requested method to create coordinate - Passing through the Coordinate Service' | 
01:31:28 | Info | '[COORDINATE CONTROLLER] - Requested method to create coordinate - Passing through the Coordinate Service' | 
01:31:28 | Info | '[COORDINATE SERVICE] - Requested method to create coordinates' | 
01:31:28 | Info | '[COORDINATE SERVICE] - Requested method to create coordinates' | 
01:31:28 | Info | '[COORDINATE SERVICE] - Requested method to create coordinates' | 
01:31:28 | Info | '[COORDINATE CONTROLLER] - Requested method to create coordinate - Passing through the Coordinate Service' | 
01:31:28 | Info | '[COORDINATE CONTROLLER] - Requested method to create coordinate - Passing through the Coordinate Service' | 
01:31:28 | Info | '[COORDINATE SERVICE] - Requested method to create coordinates' | 
01:31:28 | Info | '[COORDINATE SERVICE] - Requested method to get all coordinates' | 
01:31:28 | Info | '[COORDINATE SERVICE] - Requested method to get all coordinates' | 
01:31:28 | Info | '[COORDINATE SERVICE] - Requested method to get all coordinates' | 
01:31:28 | Info | '[COORDINATE SERVICE] - Requested method to get all coordinates' | 
01:31:28 | Info | '[COORDINATE SERVICE] - Requested method to get all coordinates' | 
01:31:28 | Info | '[COORDINATE CONTROLLER] - Requested method to create coordinate - Passing through the Coordinate Service' | 
01:31:28 | Info | '[COORDINATE SERVICE] - Requested method to create coordinates' | 
01:31:28 | Info | '[COORDINATE CONTROLLER] - Requested method to create coordinate - Passing through the Coordinate Service' | 
01:31:28 | Info | '[COORDINATE SERVICE] - Requested method to create coordinates' | 
01:31:28 | Info | '[COORDINATE CONTROLLER] - Requested method to create coordinate - Passing through the Coordinate Service' | 
01:31:28 | Info | '[COORDINATE CONTROLLER] - Requested method to create coordinate - Passing through the Coordinate Service' | 
01:31:28 | Info | '[COORDINATE SERVICE] - Requested method to create coordinates' | 
01:31:28 | Info | '[COORDINATE CONTROLLER] - Requested method to create coordinate - Passing through the Coordinate Service' | 
01:31:28 | Info | '[COORDINATE SERVICE] - Requested method to create coordinates' | 
01:31:28 | Info | '[COORDINATE SERVICE] - Requested method to create coordinates' | 
01:31:28 | Info | '[COORDINATE CONTROLLER] - Requested method to create coordinate - Passing through the Coordinate Service' | 
01:31:28 | Info | '[COORDINATE CONTROLLER] - Requested method to create coordinate - Passing through the Coordinate Service' | 
01:31:28 | Info | '[COORDINATE SERVICE] - Requested method to create coordinates' | 
01:31:28 | Info | '[COORDINATE SERVICE] - Requested method to get all coordinates' | 
01:31:28 | Info | '[COORDINATE SERVICE] - Requested method to create coordinates' | 
01:31:28 | Info | '[COORDINATE CONTROLLER] - Requested method to create coordinate - Passing through the Coordinate Service' | 
01:31:28 | Info | '[COORDINATE SERVICE] - Requested method to create coordinates' | 
01:31:28 | Info | '[COORDINATE SERVICE] - Requested method to get all coordinates' | 
01:31:28 | Info | '[COORDINATE SERVICE] - Requested method to get all coordinates' | 
01:31:28 | Info | '[COORDINATE SERVICE] - Requested method to get all coordinates' | 
01:31:28 | Info | '[COORDINATE CONTROLLER] - Requested method to create coordinate - Passing through the Coordinate Service' | 
01:31:28 | Info | '[COORDINATE SERVICE] - Requested method to get all coordinates' | 
01:31:28 | Info | '[COORDINATE SERVICE] - Requested method to create coordinates' | 
01:31:28 | Info | '[COORDINATE SERVICE] - Requested method to get all coordinates' | 
01:31:28 | Info | '[COORDINATE CONTROLLER] - Requested method to create coordinate - Passing through the Coordinate Service' | 
01:31:28 | Info | '[COORDINATE SERVICE] - Requested method to get all coordinates' | 
01:31:28 | Info | '[COORDINATE SERVICE] - Requested method to get all coordinates' | 
01:31:28 | Info | '[COORDINATE SERVICE] - Requested method to create coordinates' | 
01:31:28 | Info | '[COORDINATE SERVICE] - Requested method to get all coordinates' | 
01:31:28 | Info | '[COORDINATE CONTROLLER] - Requested method to create coordinate - Passing through the Coordinate Service' | 
01:31:28 | Info | '[COORDINATE SERVICE] - Requested method to create coordinates' | 
01:31:28 | Info | '[COORDINATE CONTROLLER] - Requested method to create coordinate - Passing through the Coordinate Service' | 
01:31:28 | Info | '[COORDINATE CONTROLLER] - Requested method to create coordinate - Passing through the Coordinate Service' | 
01:31:28 | Info | '[COORDINATE SERVICE] - Requested method to create coordinates' | 
01:31:28 | Info | '[COORDINATE SERVICE] - Requested method to create coordinates' | 
01:31:28 | Info | '[COORDINATE CONTROLLER] - Requested method to create coordinate - Passing through the Coordinate Service' | 
01:31:28 | Info | '[COORDINATE SERVICE] - Requested method to create coordinates' | 
01:31:28 | Info | '[COORDINATE SERVICE] - Requested method to get all coordinates' | 
01:31:28 | Info | '[COORDINATE SERVICE] - Requested method to get all coordinates' | 
01:31:28 | Info | '[COORDINATE SERVICE] - Requested method to get all coordinates' | 
01:31:28 | Info | '[COORDINATE CONTROLLER] - Requested method to create coordinate - Passing through the Coordinate Service' | 
01:31:28 | Info | '[COORDINATE SERVICE] - Requested method to create coordinates' | 
01:31:28 | Info | '[COORDINATE SERVICE] - Requested method to get all coordinates' | 
01:31:28 | Info | '[COORDINATE CONTROLLER] - Requested method to create coordinate - Passing through the Coordinate Service' | 
01:31:28 | Info | '[COORDINATE SERVICE] - Requested method to get all coordinates' | 
01:31:28 | Info | '[COORDINATE SERVICE] - Requested method to create coordinates' | 
01:31:28 | Info | '[COORDINATE CONTROLLER] - Requested method to create coordinate - Passing through the Coordinate Service' | 
01:31:28 | Info | '[COORDINATE SERVICE] - Requested method to create coordinates' | 
01:31:28 | Info | '[COORDINATE SERVICE] - Requested method to create coordinates' | 
01:31:28 | Info | '[COORDINATE CONTROLLER] - Requested method to create coordinate - Passing through the Coordinate Service' | 
01:31:28 | Info | '[COORDINATE SERVICE] - Requested method to get all coordinates' | 
01:31:28 | Info | '[COORDINATE SERVICE] - Requested method to get all coordinates' | 
01:31:28 | Info | '[COORDINATE SERVICE] - Requested method to get all coordinates' | 
01:31:28 | Info | '[COORDINATE SERVICE] - Requested method to create coordinates' | 
01:31:28 | Info | '[COORDINATE CONTROLLER] - Requested method to create coordinate - Passing through the Coordinate Service' | 
01:31:28 | Info | '[COORDINATE CONTROLLER] - Requested method to create coordinate - Passing through the Coordinate Service' | 
01:31:28 | Info | '[COORDINATE CONTROLLER] - Requested method to create coordinate - Passing through the Coordinate Service' | 
01:31:28 | Info | '[COORDINATE SERVICE] - Requested method to create coordinates' | 
01:31:28 | Info | '[COORDINATE SERVICE] - Requested method to create coordinates' | 
01:31:28 | Info | '[COORDINATE CONTROLLER] - Requested method to create coordinate - Passing through the Coordinate Service' | 
01:31:28 | Info | '[COORDINATE SERVICE] - Requested method to create coordinates' | 
01:31:28 | Info | '[COORDINATE SERVICE] - Requested method to get all coordinates' | 
01:31:28 | Info | '[COORDINATE SERVICE] - Requested method to get all coordinates' | 
01:31:28 | Info | '[COORDINATE SERVICE] - Requested method to get all coordinates' | 
01:31:28 | Info | '[COORDINATE SERVICE] - Requested method to get all coordinates' | 
01:31:28 | Info | '[COORDINATE CONTROLLER] - Requested method to create coordinate - Passing through the Coordinate Service' | 
01:31:28 | Info | '[COORDINATE SERVICE] - Requested method to create coordinates' | 
01:31:28 | Info | '[COORDINATE CONTROLLER] - Requested method to create coordinate - Passing through the Coordinate Service' | 
01:31:28 | Info | '[COORDINATE SERVICE] - Requested method to get all coordinates' | 
01:31:28 | Info | '[COORDINATE SERVICE] - Requested method to create coordinates' | 
01:31:28 | Info | '[COORDINATE SERVICE] - Requested method to create coordinates' | 
01:31:28 | Info | '[COORDINATE CONTROLLER] - Requested method to create coordinate - Passing through the Coordinate Service' | 
01:31:28 | Info | '[COORDINATE SERVICE] - Requested method to create coordinates' | 
01:31:28 | Info | '[COORDINATE CONTROLLER] - Requested method to create coordinate - Passing through the Coordinate Service' | 
01:31:28 | Info | '[COORDINATE SERVICE] - Requested method to get all coordinates' | 
01:31:28 | Info | '[COORDINATE SERVICE] - Requested method to get all coordinates' | 
01:31:28 | Info | '[COORDINATE SERVICE] - Requested method to get all coordinates' | 
01:31:28 | Info | '[COORDINATE SERVICE] - Requested method to create coordinates' | 
01:31:28 | Info | '[COORDINATE CONTROLLER] - Requested method to create coordinate - Passing through the Coordinate Service' | 
01:31:28 | Info | '[COORDINATE SERVICE] - Requested method to create coordinates' | 
01:31:28 | Info | '[COORDINATE SERVICE] - Requested method to create coordinates' | 
01:31:28 | Info | '[COORDINATE SERVICE] - Requested method to create coordinates' | 
01:31:28 | Info | '[COORDINATE CONTROLLER] - Requested method to create coordinate - Passing through the Coordinate Service' | 
01:31:28 | Info | '[COORDINATE CONTROLLER] - Requested method to create coordinate - Passing through the Coordinate Service' | 
01:31:28 | Info | '[COORDINATE CONTROLLER] - Requested method to create coordinate - Passing through the Coordinate Service' | 
01:31:28 | Info | '[COORDINATE SERVICE] - Requested method to get all coordinates' | 
01:31:28 | Info | '[COORDINATE SERVICE] - Requested method to get all coordinates' | 
01:31:28 | Info | '[COORDINATE SERVICE] - Requested method to get all coordinates' | 
01:31:28 | Info | '[COORDINATE CONTROLLER] - Requested method to create coordinate - Passing through the Coordinate Service' | 
01:31:28 | Info | '[COORDINATE SERVICE] - Requested method to create coordinates' | 
01:31:28 | Info | '[COORDINATE SERVICE] - Requested method to get all coordinates' | 
01:31:28 | Info | '[COORDINATE SERVICE] - Requested method to get all coordinates' | 
01:31:28 | Info | '[COORDINATE SERVICE] - Requested method to create coordinates' | 
01:31:28 | Info | '[COORDINATE CONTROLLER] - Requested method to create coordinate - Passing through the Coordinate Service' | 
01:31:28 | Info | '[COORDINATE SERVICE] - Requested method to create coordinates' | 
01:31:28 | Info | '[COORDINATE CONTROLLER] - Requested method to create coordinate - Passing through the Coordinate Service' | 
01:31:28 | Info | '[COORDINATE CONTROLLER] - Requested method to create coordinate - Passing through the Coordinate Service' | 
01:31:28 | Info | '[COORDINATE SERVICE] - Requested method to create coordinates' | 
01:31:28 | Info | '[COORDINATE SERVICE] - Requested method to get all coordinates' | 
01:31:28 | Info | '[COORDINATE SERVICE] - Requested method to get all coordinates' | 
01:31:28 | Info | '[COORDINATE CONTROLLER] - Requested method to create coordinate - Passing through the Coordinate Service' | 
01:31:28 | Info | '[COORDINATE SERVICE] - Requested method to create coordinates' | 
01:31:28 | Info | '[COORDINATE SERVICE] - Requested method to create coordinates' | 
01:31:28 | Info | '[COORDINATE CONTROLLER] - Requested method to create coordinate - Passing through the Coordinate Service' | 
01:31:28 | Info | '[COORDINATE CONTROLLER] - Requested method to create coordinate - Passing through the Coordinate Service' | 
01:31:28 | Info | '[COORDINATE SERVICE] - Requested method to create coordinates' | 
01:31:28 | Info | '[COORDINATE SERVICE] - Requested method to get all coordinates' | 
01:31:28 | Info | '[COORDINATE CONTROLLER] - Requested method to create coordinate - Passing through the Coordinate Service' | 
01:31:28 | Info | '[COORDINATE SERVICE] - Requested method to create coordinates' | 
01:31:28 | Info | '[COORDINATE SERVICE] - Requested method to get all coordinates' | 
01:31:28 | Info | '[COORDINATE SERVICE] - Requested method to get all coordinates' | 
01:31:28 | Info | '[COORDINATE SERVICE] - Requested method to create coordinates' | 
01:31:28 | Info | '[COORDINATE SERVICE] - Requested method to get all coordinates' | 
01:31:28 | Info | '[COORDINATE SERVICE] - Requested method to get all coordinates' | 
01:31:28 | Info | '[COORDINATE CONTROLLER] - Requested method to create coordinate - Passing through the Coordinate Service' | 
01:31:28 | Info | '[COORDINATE CONTROLLER] - Requested method to create coordinate - Passing through the Coordinate Service' | 
01:31:28 | Info | '[COORDINATE SERVICE] - Requested method to get all coordinates' | 
01:31:28 | Info | '[COORDINATE CONTROLLER] - Requested method to create coordinate - Passing through the Coordinate Service' | 
01:31:28 | Info | '[COORDINATE SERVICE] - Requested method to create coordinates' | 
01:31:28 | Info | '[COORDINATE SERVICE] - Requested method to create coordinates' | 
01:31:28 | Info | '[COORDINATE CONTROLLER] - Requested method to create coordinate - Passing through the Coordinate Service' | 
01:31:28 | Info | '[COORDINATE SERVICE] - Requested method to create coordinates' | 
01:31:28 | Info | '[COORDINATE CONTROLLER] - Requested method to create coordinate - Passing through the Coordinate Service' | 
01:31:28 | Info | '[COORDINATE SERVICE] - Requested method to create coordinates' | 
01:31:28 | Info | '[COORDINATE SERVICE] - Requested method to get all coordinates' | 
01:31:28 | Info | '[COORDINATE SERVICE] - Requested method to get all coordinates' | 
01:31:28 | Info | '[COORDINATE CONTROLLER] - Requested method to create coordinate - Passing through the Coordinate Service' | 
01:31:28 | Info | '[COORDINATE SERVICE] - Requested method to create coordinates' | 
01:31:28 | Info | '[COORDINATE SERVICE] - Requested method to get all coordinates' | 
01:31:28 | Info | '[COORDINATE CONTROLLER] - Requested method to create coordinate - Passing through the Coordinate Service' | 
01:31:28 | Info | '[COORDINATE SERVICE] - Requested method to create coordinates' | 
01:31:28 | Info | '[COORDINATE SERVICE] - Requested method to get all coordinates' | 
01:31:28 | Info | '[COORDINATE SERVICE] - Requested method to create coordinates' | 
01:31:28 | Info | '[COORDINATE CONTROLLER] - Requested method to create coordinate - Passing through the Coordinate Service' | 
01:31:28 | Info | '[COORDINATE SERVICE] - Requested method to get all coordinates' | 
01:31:28 | Info | '[COORDINATE SERVICE] - Requested method to get all coordinates' | 
01:31:28 | Info | '[COORDINATE SERVICE] - Requested method to get all coordinates' | 
01:31:28 | Info | '[COORDINATE CONTROLLER] - Requested method to create coordinate - Passing through the Coordinate Service' | 
01:31:28 | Info | '[COORDINATE SERVICE] - Requested method to create coordinates' | 
01:31:28 | Info | '[COORDINATE SERVICE] - Requested method to get all coordinates' | 
01:31:28 | Info | '[COORDINATE SERVICE] - Requested method to create coordinates' | 
01:31:28 | Info | '[COORDINATE CONTROLLER] - Requested method to create coordinate - Passing through the Coordinate Service' | 
01:31:28 | Info | '[COORDINATE CONTROLLER] - Requested method to create coordinate - Passing through the Coordinate Service' | 
01:31:28 | Info | '[COORDINATE SERVICE] - Requested method to create coordinates' | 
01:31:28 | Info | '[COORDINATE CONTROLLER] - Requested method to create coordinate - Passing through the Coordinate Service' | 
01:31:28 | Info | '[COORDINATE SERVICE] - Requested method to create coordinates' | 
01:31:28 | Info | '[COORDINATE CONTROLLER] - Requested method to create coordinate - Passing through the Coordinate Service' | 
01:31:28 | Info | '[COORDINATE SERVICE] - Requested method to create coordinates' | 
01:31:28 | Info | '[COORDINATE SERVICE] - Requested method to get all coordinates' | 
01:31:28 | Info | '[COORDINATE SERVICE] - Requested method to get all coordinates' | 
01:31:28 | Info | '[COORDINATE SERVICE] - Requested method to get all coordinates' | 
01:31:28 | Info | '[COORDINATE CONTROLLER] - Requested method to create coordinate - Passing through the Coordinate Service' | 
01:31:28 | Info | '[COORDINATE SERVICE] - Requested method to get all coordinates' | 
01:31:28 | Info | '[COORDINATE SERVICE] - Requested method to get all coordinates' | 
01:31:28 | Info | '[COORDINATE SERVICE] - Requested method to create coordinates' | 
01:31:28 | Info | '[COORDINATE SERVICE] - Requested method to create coordinates' | 
01:31:28 | Info | '[COORDINATE CONTROLLER] - Requested method to create coordinate - Passing through the Coordinate Service' | 
01:31:28 | Info | '[COORDINATE CONTROLLER] - Requested method to create coordinate - Passing through the Coordinate Service' | 
01:31:28 | Info | '[COORDINATE SERVICE] - Requested method to create coordinates' | 
01:31:28 | Info | '[COORDINATE SERVICE] - Requested method to get all coordinates' | 
01:31:28 | Info | '[COORDINATE SERVICE] - Requested method to get all coordinates' | 
01:31:28 | Info | '[COORDINATE SERVICE] - Requested method to create coordinates' | 
01:31:28 | Info | '[COORDINATE SERVICE] - Requested method to get all coordinates' | 
01:31:28 | Info | '[COORDINATE CONTROLLER] - Requested method to create coordinate - Passing through the Coordinate Service' | 
01:31:28 | Info | '[COORDINATE CONTROLLER] - Requested method to create coordinate - Passing through the Coordinate Service' | 
01:31:28 | Info | '[COORDINATE SERVICE] - Requested method to create coordinates' | 
01:31:28 | Info | '[COORDINATE CONTROLLER] - Requested method to create coordinate - Passing through the Coordinate Service' | 
01:31:28 | Info | '[COORDINATE SERVICE] - Requested method to create coordinates' | 
01:31:28 | Info | '[COORDINATE CONTROLLER] - Requested method to create coordinate - Passing through the Coordinate Service' | 
01:31:28 | Info | '[COORDINATE SERVICE] - Requested method to create coordinates' | 
01:31:29 | Info | '[COORDINATE SERVICE] - Requested method to create coordinates' | 
01:31:29 | Info | '[COORDINATE CONTROLLER] - Requested method to create coordinate - Passing through the Coordinate Service' | 
01:31:29 | Info | '[COORDINATE CONTROLLER] - Requested method to create coordinate - Passing through the Coordinate Service' | 
01:31:29 | Info | '[COORDINATE SERVICE] - Requested method to create coordinates' | 
01:31:29 | Info | '[COORDINATE SERVICE] - Requested method to get all coordinates' | 
01:31:29 | Info | '[COORDINATE SERVICE] - Requested method to get all coordinates' | 
01:31:29 | Info | '[COORDINATE SERVICE] - Requested method to get all coordinates' | 
01:31:29 | Info | '[COORDINATE SERVICE] - Requested method to get all coordinates' | 
01:31:29 | Info | '[COORDINATE SERVICE] - Requested method to get all coordinates' | 
01:31:29 | Info | '[COORDINATE SERVICE] - Requested method to create coordinates' | 
01:31:29 | Info | '[COORDINATE SERVICE] - Requested method to create coordinates' | 
01:31:29 | Info | '[COORDINATE CONTROLLER] - Requested method to create coordinate - Passing through the Coordinate Service' | 
01:31:29 | Info | '[COORDINATE CONTROLLER] - Requested method to create coordinate - Passing through the Coordinate Service' | 
01:31:29 | Info | '[COORDINATE SERVICE] - Requested method to create coordinates' | 
01:31:29 | Info | '[COORDINATE CONTROLLER] - Requested method to create coordinate - Passing through the Coordinate Service' | 
01:31:29 | Info | '[COORDINATE SERVICE] - Requested method to get all coordinates' | 
01:31:29 | Info | '[COORDINATE SERVICE] - Requested method to get all coordinates' | 
01:31:29 | Info | '[COORDINATE SERVICE] - Requested method to get all coordinates' | 
01:31:29 | Info | '[COORDINATE CONTROLLER] - Requested method to create coordinate - Passing through the Coordinate Service' | 
01:31:29 | Info | '[COORDINATE SERVICE] - Requested method to get all coordinates' | 
01:31:29 | Info | '[COORDINATE SERVICE] - Requested method to create coordinates' | 
01:31:29 | Info | '[COORDINATE SERVICE] - Requested method to create coordinates' | 
01:31:29 | Info | '[COORDINATE CONTROLLER] - Requested method to create coordinate - Passing through the Coordinate Service' | 
01:31:29 | Info | '[COORDINATE CONTROLLER] - Requested method to create coordinate - Passing through the Coordinate Service' | 
01:31:29 | Info | '[COORDINATE SERVICE] - Requested method to create coordinates' | 
01:31:29 | Info | '[COORDINATE SERVICE] - Requested method to get all coordinates' | 
01:31:29 | Info | '[COORDINATE SERVICE] - Requested method to create coordinates' | 
01:31:29 | Info | '[COORDINATE CONTROLLER] - Requested method to create coordinate - Passing through the Coordinate Service' | 
01:31:29 | Info | '[COORDINATE CONTROLLER] - Requested method to create coordinate - Passing through the Coordinate Service' | 
01:31:29 | Info | '[COORDINATE CONTROLLER] - Requested method to create coordinate - Passing through the Coordinate Service' | 
01:31:29 | Info | '[COORDINATE SERVICE] - Requested method to create coordinates' | 
01:31:29 | Info | '[COORDINATE CONTROLLER] - Requested method to create coordinate - Passing through the Coordinate Service' | 
01:31:29 | Info | '[COORDINATE SERVICE] - Requested method to create coordinates' | 
01:31:29 | Info | '[COORDINATE SERVICE] - Requested method to create coordinates' | 
01:31:29 | Info | '[COORDINATE SERVICE] - Requested method to create coordinates' | 
01:31:29 | Info | '[COORDINATE CONTROLLER] - Requested method to create coordinate - Passing through the Coordinate Service' | 
01:31:29 | Info | '[COORDINATE SERVICE] - Requested method to get all coordinates' | 
01:31:29 | Info | '[COORDINATE SERVICE] - Requested method to get all coordinates' | 
01:31:29 | Info | '[COORDINATE SERVICE] - Requested method to get all coordinates' | 
01:31:29 | Info | '[COORDINATE SERVICE] - Requested method to get all coordinates' | 
01:31:29 | Info | '[COORDINATE CONTROLLER] - Requested method to create coordinate - Passing through the Coordinate Service' | 
01:31:29 | Info | '[COORDINATE SERVICE] - Requested method to get all coordinates' | 
01:31:29 | Info | '[COORDINATE SERVICE] - Requested method to create coordinates' | 
01:31:29 | Info | '[COORDINATE SERVICE] - Requested method to get all coordinates' | 
01:31:29 | Info | '[COORDINATE SERVICE] - Requested method to get all coordinates' | 
01:31:29 | Info | '[COORDINATE CONTROLLER] - Requested method to create coordinate - Passing through the Coordinate Service' | 
01:31:29 | Info | '[COORDINATE SERVICE] - Requested method to create coordinates' | 
01:31:29 | Info | '[COORDINATE CONTROLLER] - Requested method to create coordinate - Passing through the Coordinate Service' | 
01:31:29 | Info | '[COORDINATE SERVICE] - Requested method to create coordinates' | 
01:31:29 | Info | '[COORDINATE CONTROLLER] - Requested method to create coordinate - Passing through the Coordinate Service' | 
01:31:29 | Info | '[COORDINATE SERVICE] - Requested method to create coordinates' | 
01:31:29 | Info | '[COORDINATE CONTROLLER] - Requested method to create coordinate - Passing through the Coordinate Service' | 
01:31:29 | Info | '[COORDINATE SERVICE] - Requested method to create coordinates' | 
01:31:29 | Info | '[COORDINATE SERVICE] - Requested method to get all coordinates' | 
01:31:29 | Info | '[COORDINATE SERVICE] - Requested method to get all coordinates' | 
01:31:29 | Info | '[COORDINATE SERVICE] - Requested method to get all coordinates' | 
01:31:29 | Info | '[COORDINATE SERVICE] - Requested method to get all coordinates' | 
01:31:29 | Info | '[COORDINATE SERVICE] - Requested method to create coordinates' | 
01:31:29 | Info | '[COORDINATE CONTROLLER] - Requested method to create coordinate - Passing through the Coordinate Service' | 
01:31:29 | Info | '[COORDINATE SERVICE] - Requested method to create coordinates' | 
01:31:29 | Info | '[COORDINATE CONTROLLER] - Requested method to create coordinate - Passing through the Coordinate Service' | 
01:31:29 | Info | '[COORDINATE SERVICE] - Requested method to get all coordinates' | 
01:31:29 | Info | '[COORDINATE SERVICE] - Requested method to get all coordinates' | 
01:31:29 | Info | '[COORDINATE SERVICE] - Requested method to get all coordinates' | 
01:31:29 | Info | '[COORDINATE CONTROLLER] - Requested method to create coordinate - Passing through the Coordinate Service' | 
01:31:29 | Info | '[COORDINATE SERVICE] - Requested method to create coordinates' | 
01:31:29 | Info | '[COORDINATE SERVICE] - Requested method to create coordinates' | 
01:31:29 | Info | '[COORDINATE CONTROLLER] - Requested method to create coordinate - Passing through the Coordinate Service' | 
01:31:29 | Info | '[COORDINATE CONTROLLER] - Requested method to create coordinate - Passing through the Coordinate Service' | 
01:31:29 | Info | '[COORDINATE CONTROLLER] - Requested method to create coordinate - Passing through the Coordinate Service' | 
01:31:29 | Info | '[COORDINATE SERVICE] - Requested method to create coordinates' | 
01:31:29 | Info | '[COORDINATE SERVICE] - Requested method to create coordinates' | 
01:31:29 | Info | '[COORDINATE SERVICE] - Requested method to get all coordinates' | 
01:31:29 | Info | '[COORDINATE SERVICE] - Requested method to get all coordinates' | 
01:31:29 | Info | '[COORDINATE CONTROLLER] - Requested method to create coordinate - Passing through the Coordinate Service' | 
01:31:29 | Info | '[COORDINATE SERVICE] - Requested method to get all coordinates' | 
01:31:29 | Info | '[COORDINATE CONTROLLER] - Requested method to create coordinate - Passing through the Coordinate Service' | 
01:31:29 | Info | '[COORDINATE SERVICE] - Requested method to create coordinates' | 
01:31:29 | Info | '[COORDINATE CONTROLLER] - Requested method to create coordinate - Passing through the Coordinate Service' | 
01:31:29 | Info | '[COORDINATE SERVICE] - Requested method to create coordinates' | 
01:31:29 | Info | '[COORDINATE SERVICE] - Requested method to create coordinates' | 
01:31:29 | Info | '[COORDINATE SERVICE] - Requested method to get all coordinates' | 
01:31:29 | Info | '[COORDINATE SERVICE] - Requested method to get all coordinates' | 
01:31:29 | Info | '[COORDINATE CONTROLLER] - Requested method to create coordinate - Passing through the Coordinate Service' | 
01:31:29 | Info | '[COORDINATE SERVICE] - Requested method to get all coordinates' | 
01:31:29 | Info | '[COORDINATE SERVICE] - Requested method to create coordinates' | 
01:31:29 | Info | '[COORDINATE CONTROLLER] - Requested method to create coordinate - Passing through the Coordinate Service' | 
01:31:29 | Info | '[COORDINATE SERVICE] - Requested method to get all coordinates' | 
01:31:29 | Info | '[COORDINATE CONTROLLER] - Requested method to create coordinate - Passing through the Coordinate Service' | 
01:31:29 | Info | '[COORDINATE SERVICE] - Requested method to create coordinates' | 
01:31:29 | Info | '[COORDINATE SERVICE] - Requested method to create coordinates' | 
01:31:29 | Info | '[COORDINATE CONTROLLER] - Requested method to create coordinate - Passing through the Coordinate Service' | 
01:31:29 | Info | '[COORDINATE SERVICE] - Requested method to create coordinates' | 
01:31:29 | Info | '[COORDINATE CONTROLLER] - Requested method to create coordinate - Passing through the Coordinate Service' | 
01:31:29 | Info | '[COORDINATE SERVICE] - Requested method to create coordinates' | 
01:31:29 | Info | '[COORDINATE SERVICE] - Requested method to get all coordinates' | 
01:31:29 | Info | '[COORDINATE SERVICE] - Requested method to get all coordinates' | 
01:31:29 | Info | '[COORDINATE SERVICE] - Requested method to get all coordinates' | 
01:31:29 | Info | '[COORDINATE CONTROLLER] - Requested method to create coordinate - Passing through the Coordinate Service' | 
01:31:29 | Info | '[COORDINATE SERVICE] - Requested method to get all coordinates' | 
01:31:29 | Info | '[COORDINATE SERVICE] - Requested method to create coordinates' | 
01:31:29 | Info | '[COORDINATE CONTROLLER] - Requested method to create coordinate - Passing through the Coordinate Service' | 
01:31:29 | Info | '[COORDINATE CONTROLLER] - Requested method to create coordinate - Passing through the Coordinate Service' | 
01:31:29 | Info | '[COORDINATE SERVICE] - Requested method to create coordinates' | 
01:31:29 | Info | '[COORDINATE SERVICE] - Requested method to create coordinates' | 
01:31:29 | Info | '[COORDINATE SERVICE] - Requested method to get all coordinates' | 
01:31:29 | Info | '[COORDINATE SERVICE] - Requested method to get all coordinates' | 
01:31:29 | Info | '[COORDINATE SERVICE] - Requested method to get all coordinates' | 
01:31:29 | Info | '[COORDINATE CONTROLLER] - Requested method to create coordinate - Passing through the Coordinate Service' | 
01:31:29 | Info | '[COORDINATE SERVICE] - Requested method to create coordinates' | 
01:31:29 | Info | '[COORDINATE SERVICE] - Requested method to get all coordinates' | 
01:31:29 | Info | '[COORDINATE SERVICE] - Requested method to create coordinates' | 
01:31:29 | Info | '[COORDINATE CONTROLLER] - Requested method to create coordinate - Passing through the Coordinate Service' | 
01:31:29 | Info | '[COORDINATE SERVICE] - Requested method to create coordinates' | 
01:31:29 | Info | '[COORDINATE CONTROLLER] - Requested method to create coordinate - Passing through the Coordinate Service' | 
01:31:29 | Info | '[COORDINATE CONTROLLER] - Requested method to create coordinate - Passing through the Coordinate Service' | 
01:31:29 | Info | '[COORDINATE SERVICE] - Requested method to create coordinates' | 
01:31:29 | Info | '[COORDINATE CONTROLLER] - Requested method to create coordinate - Passing through the Coordinate Service' | 
01:31:29 | Info | '[COORDINATE SERVICE] - Requested method to create coordinates' | 
01:31:29 | Info | '[COORDINATE SERVICE] - Requested method to get all coordinates' | 
01:31:29 | Info | '[COORDINATE SERVICE] - Requested method to get all coordinates' | 
01:31:29 | Info | '[COORDINATE SERVICE] - Requested method to get all coordinates' | 
01:31:29 | Info | '[COORDINATE SERVICE] - Requested method to get all coordinates' | 
01:31:29 | Info | '[COORDINATE CONTROLLER] - Requested method to create coordinate - Passing through the Coordinate Service' | 
01:31:29 | Info | '[COORDINATE CONTROLLER] - Requested method to create coordinate - Passing through the Coordinate Service' | 
01:31:29 | Info | '[COORDINATE SERVICE] - Requested method to create coordinates' | 
01:31:29 | Info | '[COORDINATE SERVICE] - Requested method to create coordinates' | 
01:31:29 | Info | '[COORDINATE SERVICE] - Requested method to create coordinates' | 
01:31:29 | Info | '[COORDINATE CONTROLLER] - Requested method to create coordinate - Passing through the Coordinate Service' | 
01:31:29 | Info | '[COORDINATE SERVICE] - Requested method to get all coordinates' | 
01:31:29 | Info | '[COORDINATE SERVICE] - Requested method to get all coordinates' | 
01:31:29 | Info | '[COORDINATE SERVICE] - Requested method to get all coordinates' | 
01:31:29 | Info | '[COORDINATE CONTROLLER] - Requested method to create coordinate - Passing through the Coordinate Service' | 
01:31:29 | Info | '[COORDINATE SERVICE] - Requested method to create coordinates' | 
01:31:29 | Info | '[COORDINATE CONTROLLER] - Requested method to create coordinate - Passing through the Coordinate Service' | 
01:31:29 | Info | '[COORDINATE SERVICE] - Requested method to get all coordinates' | 
01:31:29 | Info | '[COORDINATE SERVICE] - Requested method to create coordinates' | 
01:31:29 | Info | '[COORDINATE SERVICE] - Requested method to create coordinates' | 
01:31:29 | Info | '[COORDINATE CONTROLLER] - Requested method to create coordinate - Passing through the Coordinate Service' | 
01:31:29 | Info | '[COORDINATE CONTROLLER] - Requested method to create coordinate - Passing through the Coordinate Service' | 
01:31:29 | Info | '[COORDINATE SERVICE] - Requested method to create coordinates' | 
01:31:29 | Info | '[COORDINATE CONTROLLER] - Requested method to create coordinate - Passing through the Coordinate Service' | 
01:31:29 | Info | '[COORDINATE SERVICE] - Requested method to create coordinates' | 
01:31:29 | Info | '[COORDINATE SERVICE] - Requested method to get all coordinates' | 
01:31:29 | Info | '[COORDINATE SERVICE] - Requested method to get all coordinates' | 
01:31:29 | Info | '[COORDINATE SERVICE] - Requested method to get all coordinates' | 
01:31:29 | Info | '[COORDINATE CONTROLLER] - Requested method to create coordinate - Passing through the Coordinate Service' | 
01:31:29 | Info | '[COORDINATE SERVICE] - Requested method to get all coordinates' | 
01:31:29 | Info | '[COORDINATE CONTROLLER] - Requested method to create coordinate - Passing through the Coordinate Service' | 
01:31:29 | Info | '[COORDINATE SERVICE] - Requested method to create coordinates' | 
01:31:29 | Info | '[COORDINATE CONTROLLER] - Requested method to create coordinate - Passing through the Coordinate Service' | 
01:31:29 | Info | '[COORDINATE SERVICE] - Requested method to create coordinates' | 
01:31:29 | Info | '[COORDINATE SERVICE] - Requested method to create coordinates' | 
01:31:29 | Info | '[COORDINATE SERVICE] - Requested method to get all coordinates' | 
01:31:29 | Info | '[COORDINATE SERVICE] - Requested method to get all coordinates' | 
01:31:29 | Info | '[COORDINATE CONTROLLER] - Requested method to create coordinate - Passing through the Coordinate Service' | 
01:31:29 | Info | '[COORDINATE SERVICE] - Requested method to create coordinates' | 
01:31:29 | Info | '[COORDINATE SERVICE] - Requested method to get all coordinates' | 
01:31:29 | Info | '[COORDINATE SERVICE] - Requested method to get all coordinates' | 
01:31:29 | Info | '[COORDINATE SERVICE] - Requested method to create coordinates' | 
01:31:29 | Info | '[COORDINATE CONTROLLER] - Requested method to create coordinate - Passing through the Coordinate Service' | 
01:31:29 | Info | '[COORDINATE CONTROLLER] - Requested method to create coordinate - Passing through the Coordinate Service' | 
01:31:29 | Info | '[COORDINATE CONTROLLER] - Requested method to create coordinate - Passing through the Coordinate Service' | 
01:31:29 | Info | '[COORDINATE SERVICE] - Requested method to create coordinates' | 
01:31:29 | Info | '[COORDINATE SERVICE] - Requested method to create coordinates' | 
01:31:29 | Info | '[COORDINATE SERVICE] - Requested method to create coordinates' | 
01:31:29 | Info | '[COORDINATE CONTROLLER] - Requested method to create coordinate - Passing through the Coordinate Service' | 
01:31:29 | Info | '[COORDINATE SERVICE] - Requested method to get all coordinates' | 
01:31:29 | Info | '[COORDINATE SERVICE] - Requested method to get all coordinates' | 
01:31:29 | Info | '[COORDINATE SERVICE] - Requested method to get all coordinates' | 
01:31:29 | Info | '[COORDINATE SERVICE] - Requested method to get all coordinates' | 
01:31:29 | Info | '[COORDINATE CONTROLLER] - Requested method to create coordinate - Passing through the Coordinate Service' | 
01:31:29 | Info | '[COORDINATE SERVICE] - Requested method to create coordinates' | 
01:31:29 | Info | '[COORDINATE CONTROLLER] - Requested method to create coordinate - Passing through the Coordinate Service' | 
01:31:29 | Info | '[COORDINATE SERVICE] - Requested method to create coordinates' | 
01:31:29 | Info | '[COORDINATE SERVICE] - Requested method to create coordinates' | 
01:31:29 | Info | '[COORDINATE CONTROLLER] - Requested method to create coordinate - Passing through the Coordinate Service' | 
01:31:29 | Info | '[COORDINATE SERVICE] - Requested method to get all coordinates' | 
01:31:29 | Info | '[COORDINATE SERVICE] - Requested method to get all coordinates' | 
01:31:29 | Info | '[COORDINATE SERVICE] - Requested method to get all coordinates' | 
01:31:29 | Info | '[COORDINATE CONTROLLER] - Requested method to create coordinate - Passing through the Coordinate Service' | 
01:31:29 | Info | '[COORDINATE SERVICE] - Requested method to create coordinates' | 
01:31:29 | Info | '[COORDINATE SERVICE] - Requested method to get all coordinates' | 
01:31:29 | Info | '[COORDINATE CONTROLLER] - Requested method to create coordinate - Passing through the Coordinate Service' | 
01:31:29 | Info | '[COORDINATE SERVICE] - Requested method to create coordinates' | 
01:31:29 | Info | '[COORDINATE SERVICE] - Requested method to create coordinates' | 
01:31:29 | Info | '[COORDINATE CONTROLLER] - Requested method to create coordinate - Passing through the Coordinate Service' | 
01:31:29 | Info | '[COORDINATE SERVICE] - Requested method to create coordinates' | 
01:31:29 | Info | '[COORDINATE CONTROLLER] - Requested method to create coordinate - Passing through the Coordinate Service' | 
01:31:29 | Info | '[COORDINATE SERVICE] - Requested method to create coordinates' | 
01:31:29 | Info | '[COORDINATE CONTROLLER] - Requested method to create coordinate - Passing through the Coordinate Service' | 
01:31:29 | Info | '[COORDINATE CONTROLLER] - Requested method to create coordinate - Passing through the Coordinate Service' | 
01:31:29 | Info | '[COORDINATE SERVICE] - Requested method to create coordinates' | 
01:31:29 | Info | '[COORDINATE SERVICE] - Requested method to get all coordinates' | 
01:31:29 | Info | '[COORDINATE SERVICE] - Requested method to get all coordinates' | 
01:31:29 | Info | '[COORDINATE SERVICE] - Requested method to get all coordinates' | 
01:31:29 | Info | '[COORDINATE SERVICE] - Requested method to get all coordinates' | 
01:31:29 | Info | '[COORDINATE SERVICE] - Requested method to get all coordinates' | 
01:31:30 | Info | '[COORDINATE CONTROLLER] - Requested method to create coordinate - Passing through the Coordinate Service' | 
01:31:30 | Info | '[COORDINATE CONTROLLER] - Requested method to create coordinate - Passing through the Coordinate Service' | 
01:31:30 | Info | '[COORDINATE SERVICE] - Requested method to create coordinates' | 
01:31:30 | Info | '[COORDINATE SERVICE] - Requested method to create coordinates' | 
01:31:30 | Info | '[COORDINATE SERVICE] - Requested method to get all coordinates' | 
01:31:30 | Info | '[COORDINATE CONTROLLER] - Requested method to create coordinate - Passing through the Coordinate Service' | 
01:31:30 | Info | '[COORDINATE SERVICE] - Requested method to create coordinates' | 
01:31:30 | Info | '[COORDINATE CONTROLLER] - Requested method to create coordinate - Passing through the Coordinate Service' | 
01:31:30 | Info | '[COORDINATE SERVICE] - Requested method to create coordinates' | 
01:31:30 | Info | '[COORDINATE SERVICE] - Requested method to get all coordinates' | 
01:31:30 | Info | '[COORDINATE CONTROLLER] - Requested method to create coordinate - Passing through the Coordinate Service' | 
01:31:30 | Info | '[COORDINATE SERVICE] - Requested method to get all coordinates' | 
01:31:30 | Info | '[COORDINATE SERVICE] - Requested method to get all coordinates' | 
01:31:30 | Info | '[COORDINATE CONTROLLER] - Requested method to create coordinate - Passing through the Coordinate Service' | 
01:31:30 | Info | '[COORDINATE CONTROLLER] - Requested method to create coordinate - Passing through the Coordinate Service' | 
01:31:30 | Info | '[COORDINATE SERVICE] - Requested method to create coordinates' | 
01:31:30 | Info | '[COORDINATE SERVICE] - Requested method to create coordinates' | 
01:31:30 | Info | '[COORDINATE SERVICE] - Requested method to create coordinates' | 
01:31:30 | Info | '[COORDINATE SERVICE] - Requested method to create coordinates' | 
01:31:30 | Info | '[COORDINATE CONTROLLER] - Requested method to create coordinate - Passing through the Coordinate Service' | 
01:31:30 | Info | '[COORDINATE SERVICE] - Requested method to get all coordinates' | 
01:31:30 | Info | '[COORDINATE SERVICE] - Requested method to get all coordinates' | 
01:31:30 | Info | '[COORDINATE SERVICE] - Requested method to get all coordinates' | 
01:31:30 | Info | '[COORDINATE SERVICE] - Requested method to get all coordinates' | 
01:31:30 | Info | '[COORDINATE SERVICE] - Requested method to get all coordinates' | 
01:31:30 | Info | '[COORDINATE CONTROLLER] - Requested method to create coordinate - Passing through the Coordinate Service' | 
01:31:30 | Info | '[COORDINATE SERVICE] - Requested method to create coordinates' | 
01:31:30 | Info | '[COORDINATE SERVICE] - Requested method to create coordinates' | 
01:31:30 | Info | '[COORDINATE CONTROLLER] - Requested method to create coordinate - Passing through the Coordinate Service' | 
01:31:30 | Info | '[COORDINATE CONTROLLER] - Requested method to create coordinate - Passing through the Coordinate Service' | 
01:31:30 | Info | '[COORDINATE SERVICE] - Requested method to create coordinates' | 
01:31:30 | Info | '[COORDINATE CONTROLLER] - Requested method to create coordinate - Passing through the Coordinate Service' | 
01:31:30 | Info | '[COORDINATE CONTROLLER] - Requested method to create coordinate - Passing through the Coordinate Service' | 
01:31:30 | Info | '[COORDINATE SERVICE] - Requested method to create coordinates' | 
01:31:30 | Info | '[COORDINATE SERVICE] - Requested method to create coordinates' | 
01:31:30 | Info | '[COORDINATE CONTROLLER] - Requested method to create coordinate - Passing through the Coordinate Service' | 
01:31:30 | Info | '[COORDINATE CONTROLLER] - Requested method to create coordinate - Passing through the Coordinate Service' | 
01:31:30 | Info | '[COORDINATE SERVICE] - Requested method to create coordinates' | 
01:31:30 | Info | '[COORDINATE CONTROLLER] - Requested method to create coordinate - Passing through the Coordinate Service' | 
01:31:30 | Info | '[COORDINATE SERVICE] - Requested method to create coordinates' | 
01:31:30 | Info | '[COORDINATE SERVICE] - Requested method to create coordinates' | 
01:31:30 | Info | '[COORDINATE SERVICE] - Requested method to get all coordinates' | 
01:31:30 | Info | '[COORDINATE SERVICE] - Requested method to get all coordinates' | 
01:31:30 | Info | '[COORDINATE SERVICE] - Requested method to get all coordinates' | 
01:31:30 | Info | '[COORDINATE CONTROLLER] - Requested method to create coordinate - Passing through the Coordinate Service' | 
01:31:30 | Info | '[COORDINATE SERVICE] - Requested method to get all coordinates' | 
01:31:30 | Info | '[COORDINATE SERVICE] - Requested method to get all coordinates' | 
01:31:30 | Info | '[COORDINATE SERVICE] - Requested method to create coordinates' | 
01:31:30 | Info | '[COORDINATE SERVICE] - Requested method to get all coordinates' | 
01:31:30 | Info | '[COORDINATE SERVICE] - Requested method to get all coordinates' | 
01:31:30 | Info | '[COORDINATE SERVICE] - Requested method to create coordinates' | 
01:31:30 | Info | '[COORDINATE CONTROLLER] - Requested method to create coordinate - Passing through the Coordinate Service' | 
01:31:30 | Info | '[COORDINATE CONTROLLER] - Requested method to create coordinate - Passing through the Coordinate Service' | 
01:31:30 | Info | '[COORDINATE CONTROLLER] - Requested method to create coordinate - Passing through the Coordinate Service' | 
01:31:30 | Info | '[COORDINATE SERVICE] - Requested method to create coordinates' | 
01:31:30 | Info | '[COORDINATE SERVICE] - Requested method to get all coordinates' | 
01:31:30 | Info | '[COORDINATE SERVICE] - Requested method to create coordinates' | 
01:31:30 | Info | '[COORDINATE SERVICE] - Requested method to create coordinates' | 
01:31:30 | Info | '[COORDINATE CONTROLLER] - Requested method to create coordinate - Passing through the Coordinate Service' | 
01:31:30 | Info | '[COORDINATE SERVICE] - Requested method to get all coordinates' | 
01:31:30 | Info | '[COORDINATE SERVICE] - Requested method to get all coordinates' | 
01:31:30 | Info | '[COORDINATE SERVICE] - Requested method to get all coordinates' | 
01:31:30 | Info | '[COORDINATE CONTROLLER] - Requested method to create coordinate - Passing through the Coordinate Service' | 
01:31:30 | Info | '[COORDINATE SERVICE] - Requested method to create coordinates' | 
01:31:30 | Info | '[COORDINATE SERVICE] - Requested method to get all coordinates' | 
01:31:30 | Info | '[COORDINATE SERVICE] - Requested method to get all coordinates' | 
01:31:30 | Info | '[COORDINATE SERVICE] - Requested method to create coordinates' | 
01:31:30 | Info | '[COORDINATE CONTROLLER] - Requested method to create coordinate - Passing through the Coordinate Service' | 
01:31:30 | Info | '[COORDINATE SERVICE] - Requested method to create coordinates' | 
01:31:30 | Info | '[COORDINATE CONTROLLER] - Requested method to create coordinate - Passing through the Coordinate Service' | 
01:31:30 | Info | '[COORDINATE SERVICE] - Requested method to get all coordinates' | 
01:31:30 | Info | '[COORDINATE CONTROLLER] - Requested method to create coordinate - Passing through the Coordinate Service' | 
01:31:30 | Info | '[COORDINATE SERVICE] - Requested method to get all coordinates' | 
01:31:30 | Info | '[COORDINATE CONTROLLER] - Requested method to create coordinate - Passing through the Coordinate Service' | 
01:31:30 | Info | '[COORDINATE SERVICE] - Requested method to create coordinates' | 
01:31:30 | Info | '[COORDINATE SERVICE] - Requested method to create coordinates' | 
01:31:30 | Info | '[COORDINATE CONTROLLER] - Requested method to create coordinate - Passing through the Coordinate Service' | 
01:31:30 | Info | '[COORDINATE SERVICE] - Requested method to create coordinates' | 
01:31:30 | Info | '[COORDINATE SERVICE] - Requested method to create coordinates' | 
01:31:30 | Info | '[COORDINATE CONTROLLER] - Requested method to create coordinate - Passing through the Coordinate Service' | 
01:31:30 | Info | '[COORDINATE SERVICE] - Requested method to create coordinates' | 
01:31:30 | Info | '[COORDINATE CONTROLLER] - Requested method to create coordinate - Passing through the Coordinate Service' | 
01:31:30 | Info | '[COORDINATE SERVICE] - Requested method to get all coordinates' | 
01:31:30 | Info | '[COORDINATE SERVICE] - Requested method to get all coordinates' | 
01:31:30 | Info | '[COORDINATE SERVICE] - Requested method to get all coordinates' | 
01:31:30 | Info | '[COORDINATE SERVICE] - Requested method to get all coordinates' | 
01:31:30 | Info | '[COORDINATE SERVICE] - Requested method to get all coordinates' | 
01:31:30 | Info | '[COORDINATE SERVICE] - Requested method to create coordinates' | 
01:31:30 | Info | '[COORDINATE CONTROLLER] - Requested method to create coordinate - Passing through the Coordinate Service' | 
01:31:30 | Info | '[COORDINATE SERVICE] - Requested method to get all coordinates' | 
01:31:30 | Info | '[COORDINATE CONTROLLER] - Requested method to create coordinate - Passing through the Coordinate Service' | 
01:31:30 | Info | '[COORDINATE SERVICE] - Requested method to create coordinates' | 
01:31:30 | Info | '[COORDINATE SERVICE] - Requested method to create coordinates' | 
01:31:30 | Info | '[COORDINATE CONTROLLER] - Requested method to create coordinate - Passing through the Coordinate Service' | 
01:31:30 | Info | '[COORDINATE CONTROLLER] - Requested method to create coordinate - Passing through the Coordinate Service' | 
01:31:30 | Info | '[COORDINATE SERVICE] - Requested method to create coordinates' | 
01:31:30 | Info | '[COORDINATE SERVICE] - Requested method to get all coordinates' | 
01:31:30 | Info | '[COORDINATE SERVICE] - Requested method to get all coordinates' | 
01:31:30 | Info | '[COORDINATE CONTROLLER] - Requested method to create coordinate - Passing through the Coordinate Service' | 
01:31:30 | Info | '[COORDINATE SERVICE] - Requested method to create coordinates' | 
01:31:30 | Info | '[COORDINATE SERVICE] - Requested method to get all coordinates' | 
01:31:30 | Info | '[COORDINATE SERVICE] - Requested method to create coordinates' | 
01:31:30 | Info | '[COORDINATE CONTROLLER] - Requested method to create coordinate - Passing through the Coordinate Service' | 
01:31:30 | Info | '[COORDINATE CONTROLLER] - Requested method to create coordinate - Passing through the Coordinate Service' | 
01:31:30 | Info | '[COORDINATE SERVICE] - Requested method to create coordinates' | 
01:31:30 | Info | '[COORDINATE CONTROLLER] - Requested method to create coordinate - Passing through the Coordinate Service' | 
01:31:30 | Info | '[COORDINATE SERVICE] - Requested method to create coordinates' | 
01:31:30 | Info | '[COORDINATE SERVICE] - Requested method to get all coordinates' | 
01:31:30 | Info | '[COORDINATE SERVICE] - Requested method to get all coordinates' | 
01:31:30 | Info | '[COORDINATE SERVICE] - Requested method to get all coordinates' | 
01:31:30 | Info | '[COORDINATE SERVICE] - Requested method to get all coordinates' | 
01:31:30 | Info | '[COORDINATE SERVICE] - Requested method to get all coordinates' | 
01:31:30 | Info | '[COORDINATE CONTROLLER] - Requested method to create coordinate - Passing through the Coordinate Service' | 
01:31:30 | Info | '[COORDINATE SERVICE] - Requested method to create coordinates' | 
01:31:30 | Info | '[COORDINATE CONTROLLER] - Requested method to create coordinate - Passing through the Coordinate Service' | 
01:31:30 | Info | '[COORDINATE SERVICE] - Requested method to create coordinates' | 
01:31:30 | Info | '[COORDINATE CONTROLLER] - Requested method to create coordinate - Passing through the Coordinate Service' | 
01:31:30 | Info | '[COORDINATE SERVICE] - Requested method to create coordinates' | 
01:31:30 | Info | '[COORDINATE SERVICE] - Requested method to create coordinates' | 
01:31:30 | Info | '[COORDINATE SERVICE] - Requested method to create coordinates' | 
01:31:30 | Info | '[COORDINATE CONTROLLER] - Requested method to create coordinate - Passing through the Coordinate Service' | 
01:31:30 | Info | '[COORDINATE SERVICE] - Requested method to get all coordinates' | 
01:31:30 | Info | '[COORDINATE CONTROLLER] - Requested method to create coordinate - Passing through the Coordinate Service' | 
01:31:30 | Info | '[COORDINATE SERVICE] - Requested method to get all coordinates' | 
01:31:30 | Info | '[COORDINATE SERVICE] - Requested method to get all coordinates' | 
01:31:30 | Info | '[COORDINATE SERVICE] - Requested method to get all coordinates' | 
01:31:30 | Info | '[COORDINATE CONTROLLER] - Requested method to create coordinate - Passing through the Coordinate Service' | 
01:31:30 | Info | '[COORDINATE SERVICE] - Requested method to create coordinates' | 
01:31:30 | Info | '[COORDINATE CONTROLLER] - Requested method to create coordinate - Passing through the Coordinate Service' | 
01:31:30 | Info | '[COORDINATE CONTROLLER] - Requested method to create coordinate - Passing through the Coordinate Service' | 
01:31:30 | Info | '[COORDINATE SERVICE] - Requested method to create coordinates' | 
01:31:30 | Info | '[COORDINATE SERVICE] - Requested method to create coordinates' | 
01:31:30 | Info | '[COORDINATE SERVICE] - Requested method to get all coordinates' | 
01:31:30 | Info | '[COORDINATE SERVICE] - Requested method to get all coordinates' | 
01:31:30 | Info | '[COORDINATE SERVICE] - Requested method to create coordinates' | 
01:31:30 | Info | '[COORDINATE SERVICE] - Requested method to get all coordinates' | 
01:31:30 | Info | '[COORDINATE CONTROLLER] - Requested method to create coordinate - Passing through the Coordinate Service' | 
01:31:30 | Info | '[COORDINATE SERVICE] - Requested method to get all coordinates' | 
01:31:30 | Info | '[COORDINATE CONTROLLER] - Requested method to create coordinate - Passing through the Coordinate Service' | 
01:31:30 | Info | '[COORDINATE SERVICE] - Requested method to create coordinates' | 
01:31:30 | Info | '[COORDINATE CONTROLLER] - Requested method to create coordinate - Passing through the Coordinate Service' | 
01:31:30 | Info | '[COORDINATE SERVICE] - Requested method to create coordinates' | 
01:31:30 | Info | '[COORDINATE SERVICE] - Requested method to get all coordinates' | 
01:31:30 | Info | '[COORDINATE SERVICE] - Requested method to get all coordinates' | 
01:31:30 | Info | '[COORDINATE SERVICE] - Requested method to create coordinates' | 
01:31:30 | Info | '[COORDINATE CONTROLLER] - Requested method to create coordinate - Passing through the Coordinate Service' | 
01:31:30 | Info | '[COORDINATE CONTROLLER] - Requested method to create coordinate - Passing through the Coordinate Service' | 
01:31:30 | Info | '[COORDINATE SERVICE] - Requested method to create coordinates' | 
01:31:30 | Info | '[COORDINATE CONTROLLER] - Requested method to create coordinate - Passing through the Coordinate Service' | 
01:31:30 | Info | '[COORDINATE CONTROLLER] - Requested method to create coordinate - Passing through the Coordinate Service' | 
01:31:30 | Info | '[COORDINATE CONTROLLER] - Requested method to create coordinate - Passing through the Coordinate Service' | 
01:31:30 | Info | '[COORDINATE SERVICE] - Requested method to create coordinates' | 
01:31:30 | Info | '[COORDINATE SERVICE] - Requested method to create coordinates' | 
01:31:30 | Info | '[COORDINATE SERVICE] - Requested method to get all coordinates' | 
01:31:30 | Info | '[COORDINATE SERVICE] - Requested method to create coordinates' | 
01:31:30 | Info | '[COORDINATE SERVICE] - Requested method to get all coordinates' | 
01:31:30 | Info | '[COORDINATE SERVICE] - Requested method to get all coordinates' | 
01:31:30 | Info | '[COORDINATE SERVICE] - Requested method to get all coordinates' | 
01:31:30 | Info | '[COORDINATE CONTROLLER] - Requested method to create coordinate - Passing through the Coordinate Service' | 
01:31:30 | Info | '[COORDINATE SERVICE] - Requested method to get all coordinates' | 
01:31:30 | Info | '[COORDINATE SERVICE] - Requested method to create coordinates' | 
01:31:30 | Info | '[COORDINATE SERVICE] - Requested method to get all coordinates' | 
01:31:30 | Info | '[COORDINATE CONTROLLER] - Requested method to create coordinate - Passing through the Coordinate Service' | 
01:31:30 | Info | '[COORDINATE CONTROLLER] - Requested method to create coordinate - Passing through the Coordinate Service' | 
01:31:30 | Info | '[COORDINATE SERVICE] - Requested method to create coordinates' | 
01:31:30 | Info | '[COORDINATE SERVICE] - Requested method to create coordinates' | 
01:31:30 | Info | '[COORDINATE SERVICE] - Requested method to get all coordinates' | 
01:31:30 | Info | '[COORDINATE CONTROLLER] - Requested method to create coordinate - Passing through the Coordinate Service' | 
01:31:30 | Info | '[COORDINATE SERVICE] - Requested method to create coordinates' | 
01:31:30 | Info | '[COORDINATE CONTROLLER] - Requested method to create coordinate - Passing through the Coordinate Service' | 
01:31:30 | Info | '[COORDINATE SERVICE] - Requested method to create coordinates' | 
01:31:30 | Info | '[COORDINATE CONTROLLER] - Requested method to create coordinate - Passing through the Coordinate Service' | 
01:31:30 | Info | '[COORDINATE SERVICE] - Requested method to create coordinates' | 
01:31:30 | Info | '[COORDINATE SERVICE] - Requested method to create coordinates' | 
01:31:30 | Info | '[COORDINATE CONTROLLER] - Requested method to create coordinate - Passing through the Coordinate Service' | 
01:31:30 | Info | '[COORDINATE CONTROLLER] - Requested method to create coordinate - Passing through the Coordinate Service' | 
01:31:30 | Info | '[COORDINATE SERVICE] - Requested method to create coordinates' | 
01:31:30 | Info | '[COORDINATE SERVICE] - Requested method to get all coordinates' | 
01:31:30 | Info | '[COORDINATE SERVICE] - Requested method to get all coordinates' | 
01:31:30 | Info | '[COORDINATE SERVICE] - Requested method to get all coordinates' | 
01:31:30 | Info | '[COORDINATE SERVICE] - Requested method to get all coordinates' | 
01:31:30 | Info | '[COORDINATE SERVICE] - Requested method to get all coordinates' | 
01:31:30 | Info | '[COORDINATE SERVICE] - Requested method to get all coordinates' | 
01:31:30 | Info | '[COORDINATE SERVICE] - Requested method to get all coordinates' | 
01:31:30 | Info | '[COORDINATE CONTROLLER] - Requested method to create coordinate - Passing through the Coordinate Service' | 
01:31:30 | Info | '[COORDINATE SERVICE] - Requested method to create coordinates' | 
01:31:30 | Info | '[COORDINATE CONTROLLER] - Requested method to create coordinate - Passing through the Coordinate Service' | 
01:31:30 | Info | '[COORDINATE SERVICE] - Requested method to create coordinates' | 
01:31:30 | Info | '[COORDINATE CONTROLLER] - Requested method to create coordinate - Passing through the Coordinate Service' | 
01:31:30 | Info | '[COORDINATE SERVICE] - Requested method to create coordinates' | 
01:31:30 | Info | '[COORDINATE SERVICE] - Requested method to get all coordinates' | 
01:31:30 | Info | '[COORDINATE SERVICE] - Requested method to get all coordinates' | 
01:31:30 | Info | '[COORDINATE SERVICE] - Requested method to create coordinates' | 
01:31:30 | Info | '[COORDINATE CONTROLLER] - Requested method to create coordinate - Passing through the Coordinate Service' | 
01:31:30 | Info | '[COORDINATE SERVICE] - Requested method to create coordinates' | 
01:31:30 | Info | '[COORDINATE CONTROLLER] - Requested method to create coordinate - Passing through the Coordinate Service' | 
01:31:30 | Info | '[COORDINATE SERVICE] - Requested method to create coordinates' | 
01:31:30 | Info | '[COORDINATE CONTROLLER] - Requested method to create coordinate - Passing through the Coordinate Service' | 
01:31:30 | Info | '[COORDINATE SERVICE] - Requested method to create coordinates' | 
01:31:30 | Info | '[COORDINATE CONTROLLER] - Requested method to create coordinate - Passing through the Coordinate Service' | 
01:31:30 | Info | '[COORDINATE SERVICE] - Requested method to get all coordinates' | 
01:31:31 | Info | '[COORDINATE SERVICE] - Requested method to get all coordinates' | 
01:31:31 | Info | '[COORDINATE SERVICE] - Requested method to get all coordinates' | 
01:31:31 | Info | '[COORDINATE SERVICE] - Requested method to get all coordinates' | 
01:31:31 | Info | '[COORDINATE CONTROLLER] - Requested method to create coordinate - Passing through the Coordinate Service' | 
01:31:31 | Info | '[COORDINATE SERVICE] - Requested method to create coordinates' | 
01:31:31 | Info | '[COORDINATE SERVICE] - Requested method to get all coordinates' | 
01:31:31 | Info | '[COORDINATE CONTROLLER] - Requested method to create coordinate - Passing through the Coordinate Service' | 
01:31:31 | Info | '[COORDINATE SERVICE] - Requested method to create coordinates' | 
01:31:31 | Info | '[COORDINATE SERVICE] - Requested method to create coordinates' | 
01:31:31 | Info | '[COORDINATE CONTROLLER] - Requested method to create coordinate - Passing through the Coordinate Service' | 
01:31:31 | Info | '[COORDINATE SERVICE] - Requested method to create coordinates' | 
01:31:31 | Info | '[COORDINATE CONTROLLER] - Requested method to create coordinate - Passing through the Coordinate Service' | 
01:31:31 | Info | '[COORDINATE SERVICE] - Requested method to get all coordinates' | 
01:31:31 | Info | '[COORDINATE SERVICE] - Requested method to get all coordinates' | 
01:31:31 | Info | '[COORDINATE CONTROLLER] - Requested method to create coordinate - Passing through the Coordinate Service' | 
01:31:31 | Info | '[COORDINATE SERVICE] - Requested method to create coordinates' | 
01:31:31 | Info | '[COORDINATE CONTROLLER] - Requested method to create coordinate - Passing through the Coordinate Service' | 
01:31:31 | Info | '[COORDINATE CONTROLLER] - Requested method to create coordinate - Passing through the Coordinate Service' | 
01:31:31 | Info | '[COORDINATE SERVICE] - Requested method to create coordinates' | 
01:31:31 | Info | '[COORDINATE CONTROLLER] - Requested method to create coordinate - Passing through the Coordinate Service' | 
01:31:31 | Info | '[COORDINATE CONTROLLER] - Requested method to create coordinate - Passing through the Coordinate Service' | 
01:31:31 | Info | '[COORDINATE SERVICE] - Requested method to create coordinates' | 
01:31:31 | Info | '[COORDINATE SERVICE] - Requested method to create coordinates' | 
01:31:31 | Info | '[COORDINATE SERVICE] - Requested method to create coordinates' | 
01:31:31 | Info | '[COORDINATE SERVICE] - Requested method to get all coordinates' | 
01:31:31 | Info | '[COORDINATE SERVICE] - Requested method to get all coordinates' | 
01:31:31 | Info | '[COORDINATE SERVICE] - Requested method to get all coordinates' | 
01:31:31 | Info | '[COORDINATE SERVICE] - Requested method to get all coordinates' | 
01:31:31 | Info | '[COORDINATE SERVICE] - Requested method to get all coordinates' | 
01:31:31 | Info | '[COORDINATE SERVICE] - Requested method to get all coordinates' | 
01:31:31 | Info | '[COORDINATE SERVICE] - Requested method to get all coordinates' | 
01:31:31 | Info | '[COORDINATE SERVICE] - Requested method to create coordinates' | 
01:31:31 | Info | '[COORDINATE CONTROLLER] - Requested method to create coordinate - Passing through the Coordinate Service' | 
01:31:31 | Info | '[COORDINATE SERVICE] - Requested method to create coordinates' | 
01:31:31 | Info | '[COORDINATE CONTROLLER] - Requested method to create coordinate - Passing through the Coordinate Service' | 
01:31:31 | Info | '[COORDINATE CONTROLLER] - Requested method to create coordinate - Passing through the Coordinate Service' | 
01:31:31 | Info | '[COORDINATE SERVICE] - Requested method to create coordinates' | 
01:31:31 | Info | '[COORDINATE CONTROLLER] - Requested method to create coordinate - Passing through the Coordinate Service' | 
01:31:31 | Info | '[COORDINATE SERVICE] - Requested method to create coordinates' | 
01:31:31 | Info | '[COORDINATE SERVICE] - Requested method to create coordinates' | 
01:31:31 | Info | '[COORDINATE CONTROLLER] - Requested method to create coordinate - Passing through the Coordinate Service' | 
01:31:31 | Info | '[COORDINATE CONTROLLER] - Requested method to create coordinate - Passing through the Coordinate Service' | 
01:31:31 | Info | '[COORDINATE CONTROLLER] - Requested method to create coordinate - Passing through the Coordinate Service' | 
01:31:31 | Info | '[COORDINATE SERVICE] - Requested method to create coordinates' | 
01:31:31 | Info | '[COORDINATE SERVICE] - Requested method to create coordinates' | 
01:31:31 | Info | '[COORDINATE SERVICE] - Requested method to get all coordinates' | 
01:31:31 | Info | '[COORDINATE SERVICE] - Requested method to get all coordinates' | 
01:31:31 | Info | '[COORDINATE SERVICE] - Requested method to get all coordinates' | 
01:31:31 | Info | '[COORDINATE SERVICE] - Requested method to get all coordinates' | 
01:31:31 | Info | '[COORDINATE SERVICE] - Requested method to get all coordinates' | 
01:31:31 | Info | '[COORDINATE SERVICE] - Requested method to get all coordinates' | 
01:31:31 | Info | '[COORDINATE SERVICE] - Requested method to get all coordinates' | 
01:31:31 | Info | '[COORDINATE CONTROLLER] - Requested method to create coordinate - Passing through the Coordinate Service' | 
01:31:31 | Info | '[COORDINATE SERVICE] - Requested method to create coordinates' | 
01:31:31 | Info | '[COORDINATE CONTROLLER] - Requested method to create coordinate - Passing through the Coordinate Service' | 
01:31:31 | Info | '[COORDINATE CONTROLLER] - Requested method to create coordinate - Passing through the Coordinate Service' | 
01:31:31 | Info | '[COORDINATE SERVICE] - Requested method to create coordinates' | 
01:31:31 | Info | '[COORDINATE SERVICE] - Requested method to create coordinates' | 
01:31:31 | Info | '[COORDINATE SERVICE] - Requested method to create coordinates' | 
01:31:31 | Info | '[COORDINATE CONTROLLER] - Requested method to create coordinate - Passing through the Coordinate Service' | 
01:31:31 | Info | '[COORDINATE SERVICE] - Requested method to create coordinates' | 
01:31:31 | Info | '[COORDINATE SERVICE] - Requested method to create coordinates' | 
01:31:31 | Info | '[COORDINATE CONTROLLER] - Requested method to create coordinate - Passing through the Coordinate Service' | 
01:31:31 | Info | '[COORDINATE CONTROLLER] - Requested method to create coordinate - Passing through the Coordinate Service' | 
01:31:31 | Info | '[COORDINATE SERVICE] - Requested method to create coordinates' | 
01:31:31 | Info | '[COORDINATE CONTROLLER] - Requested method to create coordinate - Passing through the Coordinate Service' | 
01:31:31 | Info | '[COORDINATE SERVICE] - Requested method to get all coordinates' | 
01:31:31 | Info | '[COORDINATE SERVICE] - Requested method to get all coordinates' | 
01:31:31 | Info | '[COORDINATE SERVICE] - Requested method to get all coordinates' | 
01:31:31 | Info | '[COORDINATE SERVICE] - Requested method to get all coordinates' | 
01:31:31 | Info | '[COORDINATE SERVICE] - Requested method to get all coordinates' | 
01:31:31 | Info | '[COORDINATE SERVICE] - Requested method to get all coordinates' | 
01:31:31 | Info | '[COORDINATE SERVICE] - Requested method to get all coordinates' | 
01:31:31 | Info | '[COORDINATE SERVICE] - Requested method to create coordinates' | 
01:31:31 | Info | '[COORDINATE CONTROLLER] - Requested method to create coordinate - Passing through the Coordinate Service' | 
01:31:31 | Info | '[COORDINATE SERVICE] - Requested method to create coordinates' | 
01:31:31 | Info | '[COORDINATE CONTROLLER] - Requested method to create coordinate - Passing through the Coordinate Service' | 
01:31:31 | Info | '[COORDINATE CONTROLLER] - Requested method to create coordinate - Passing through the Coordinate Service' | 
01:31:31 | Info | '[COORDINATE SERVICE] - Requested method to create coordinates' | 
01:31:31 | Info | '[COORDINATE CONTROLLER] - Requested method to create coordinate - Passing through the Coordinate Service' | 
01:31:31 | Info | '[COORDINATE SERVICE] - Requested method to create coordinates' | 
01:31:31 | Info | '[COORDINATE CONTROLLER] - Requested method to create coordinate - Passing through the Coordinate Service' | 
01:31:31 | Info | '[COORDINATE CONTROLLER] - Requested method to create coordinate - Passing through the Coordinate Service' | 
01:31:31 | Info | '[COORDINATE SERVICE] - Requested method to create coordinates' | 
01:31:31 | Info | '[COORDINATE CONTROLLER] - Requested method to create coordinate - Passing through the Coordinate Service' | 
01:31:31 | Info | '[COORDINATE SERVICE] - Requested method to create coordinates' | 
01:31:31 | Info | '[COORDINATE SERVICE] - Requested method to create coordinates' | 
01:31:31 | Info | '[COORDINATE SERVICE] - Requested method to get all coordinates' | 
01:31:31 | Info | '[COORDINATE SERVICE] - Requested method to get all coordinates' | 
01:31:31 | Info | '[COORDINATE SERVICE] - Requested method to get all coordinates' | 
01:31:31 | Info | '[COORDINATE SERVICE] - Requested method to get all coordinates' | 
01:31:31 | Info | '[COORDINATE SERVICE] - Requested method to get all coordinates' | 
01:31:31 | Info | '[COORDINATE SERVICE] - Requested method to get all coordinates' | 
01:31:31 | Info | '[COORDINATE SERVICE] - Requested method to get all coordinates' | 
01:31:31 | Info | '[COORDINATE SERVICE] - Requested method to create coordinates' | 
01:31:31 | Info | '[COORDINATE SERVICE] - Requested method to create coordinates' | 
01:31:31 | Info | '[COORDINATE CONTROLLER] - Requested method to create coordinate - Passing through the Coordinate Service' | 
01:31:31 | Info | '[COORDINATE CONTROLLER] - Requested method to create coordinate - Passing through the Coordinate Service' | 
01:31:31 | Info | '[COORDINATE CONTROLLER] - Requested method to create coordinate - Passing through the Coordinate Service' | 
01:31:31 | Info | '[COORDINATE SERVICE] - Requested method to create coordinates' | 
01:31:31 | Info | '[COORDINATE SERVICE] - Requested method to get all coordinates' | 
01:31:31 | Info | '[COORDINATE SERVICE] - Requested method to create coordinates' | 
01:31:31 | Info | '[COORDINATE CONTROLLER] - Requested method to create coordinate - Passing through the Coordinate Service' | 
01:31:31 | Info | '[COORDINATE SERVICE] - Requested method to create coordinates' | 
01:31:31 | Info | '[COORDINATE CONTROLLER] - Requested method to create coordinate - Passing through the Coordinate Service' | 
01:31:31 | Info | '[COORDINATE CONTROLLER] - Requested method to create coordinate - Passing through the Coordinate Service' | 
01:31:31 | Info | '[COORDINATE SERVICE] - Requested method to create coordinates' | 
01:31:31 | Info | '[COORDINATE SERVICE] - Requested method to get all coordinates' | 
01:31:31 | Info | '[COORDINATE SERVICE] - Requested method to get all coordinates' | 
01:31:31 | Info | '[COORDINATE SERVICE] - Requested method to get all coordinates' | 
01:31:31 | Info | '[COORDINATE SERVICE] - Requested method to get all coordinates' | 
01:31:31 | Info | '[COORDINATE CONTROLLER] - Requested method to create coordinate - Passing through the Coordinate Service' | 
01:31:31 | Info | '[COORDINATE SERVICE] - Requested method to create coordinates' | 
01:31:31 | Info | '[COORDINATE SERVICE] - Requested method to get all coordinates' | 
01:31:31 | Info | '[COORDINATE CONTROLLER] - Requested method to create coordinate - Passing through the Coordinate Service' | 
01:31:31 | Info | '[COORDINATE SERVICE] - Requested method to create coordinates' | 
01:31:31 | Info | '[COORDINATE SERVICE] - Requested method to create coordinates' | 
01:31:31 | Info | '[COORDINATE CONTROLLER] - Requested method to create coordinate - Passing through the Coordinate Service' | 
01:31:31 | Info | '[COORDINATE CONTROLLER] - Requested method to create coordinate - Passing through the Coordinate Service' | 
01:31:31 | Info | '[COORDINATE SERVICE] - Requested method to create coordinates' | 
01:31:31 | Info | '[COORDINATE SERVICE] - Requested method to create coordinates' | 
01:31:31 | Info | '[COORDINATE CONTROLLER] - Requested method to create coordinate - Passing through the Coordinate Service' | 
01:31:31 | Info | '[COORDINATE SERVICE] - Requested method to get all coordinates' | 
01:31:31 | Info | '[COORDINATE SERVICE] - Requested method to get all coordinates' | 
01:31:31 | Info | '[COORDINATE SERVICE] - Requested method to get all coordinates' | 
01:31:31 | Info | '[COORDINATE SERVICE] - Requested method to create coordinates' | 
01:31:31 | Info | '[COORDINATE CONTROLLER] - Requested method to create coordinate - Passing through the Coordinate Service' | 
01:31:31 | Info | '[COORDINATE SERVICE] - Requested method to get all coordinates' | 
01:31:31 | Info | '[COORDINATE SERVICE] - Requested method to create coordinates' | 
01:31:31 | Info | '[COORDINATE CONTROLLER] - Requested method to create coordinate - Passing through the Coordinate Service' | 
01:31:31 | Info | '[COORDINATE CONTROLLER] - Requested method to create coordinate - Passing through the Coordinate Service' | 
01:31:31 | Info | '[COORDINATE SERVICE] - Requested method to create coordinates' | 
01:31:31 | Info | '[COORDINATE SERVICE] - Requested method to get all coordinates' | 
01:31:31 | Info | '[COORDINATE SERVICE] - Requested method to get all coordinates' | 
01:31:31 | Info | '[COORDINATE SERVICE] - Requested method to get all coordinates' | 
01:31:31 | Info | '[COORDINATE SERVICE] - Requested method to create coordinates' | 
01:31:31 | Info | '[COORDINATE CONTROLLER] - Requested method to create coordinate - Passing through the Coordinate Service' | 
01:31:31 | Info | '[COORDINATE SERVICE] - Requested method to get all coordinates' | 
01:31:31 | Info | '[COORDINATE CONTROLLER] - Requested method to create coordinate - Passing through the Coordinate Service' | 
01:31:31 | Info | '[COORDINATE SERVICE] - Requested method to create coordinates' | 
01:31:31 | Info | '[COORDINATE CONTROLLER] - Requested method to create coordinate - Passing through the Coordinate Service' | 
01:31:31 | Info | '[COORDINATE SERVICE] - Requested method to create coordinates' | 
01:31:31 | Info | '[COORDINATE CONTROLLER] - Requested method to create coordinate - Passing through the Coordinate Service' | 
01:31:31 | Info | '[COORDINATE SERVICE] - Requested method to create coordinates' | 
01:31:31 | Info | '[COORDINATE SERVICE] - Requested method to create coordinates' | 
01:31:31 | Info | '[COORDINATE CONTROLLER] - Requested method to create coordinate - Passing through the Coordinate Service' | 
01:31:31 | Info | '[COORDINATE CONTROLLER] - Requested method to create coordinate - Passing through the Coordinate Service' | 
01:31:31 | Info | '[COORDINATE SERVICE] - Requested method to create coordinates' | 
01:31:31 | Info | '[COORDINATE SERVICE] - Requested method to get all coordinates' | 
01:31:31 | Info | '[COORDINATE SERVICE] - Requested method to get all coordinates' | 
01:31:31 | Info | '[COORDINATE SERVICE] - Requested method to get all coordinates' | 
01:31:31 | Info | '[COORDINATE SERVICE] - Requested method to get all coordinates' | 
01:31:31 | Info | '[COORDINATE CONTROLLER] - Requested method to create coordinate - Passing through the Coordinate Service' | 
01:31:31 | Info | '[COORDINATE SERVICE] - Requested method to get all coordinates' | 
01:31:31 | Info | '[COORDINATE SERVICE] - Requested method to create coordinates' | 
01:31:31 | Info | '[COORDINATE CONTROLLER] - Requested method to create coordinate - Passing through the Coordinate Service' | 
01:31:31 | Info | '[COORDINATE SERVICE] - Requested method to create coordinates' | 
01:31:31 | Info | '[COORDINATE SERVICE] - Requested method to get all coordinates' | 
01:31:31 | Info | '[COORDINATE SERVICE] - Requested method to create coordinates' | 
01:31:31 | Info | '[COORDINATE CONTROLLER] - Requested method to create coordinate - Passing through the Coordinate Service' | 
01:31:31 | Info | '[COORDINATE SERVICE] - Requested method to get all coordinates' | 
01:31:31 | Info | '[COORDINATE CONTROLLER] - Requested method to create coordinate - Passing through the Coordinate Service' | 
01:31:31 | Info | '[COORDINATE SERVICE] - Requested method to create coordinates' | 
01:31:31 | Info | '[COORDINATE CONTROLLER] - Requested method to create coordinate - Passing through the Coordinate Service' | 
01:31:31 | Info | '[COORDINATE SERVICE] - Requested method to create coordinates' | 
01:31:31 | Info | '[COORDINATE SERVICE] - Requested method to get all coordinates' | 
01:31:31 | Info | '[COORDINATE SERVICE] - Requested method to get all coordinates' | 
01:31:31 | Info | '[COORDINATE SERVICE] - Requested method to get all coordinates' | 
01:31:31 | Info | '[COORDINATE CONTROLLER] - Requested method to create coordinate - Passing through the Coordinate Service' | 
01:31:31 | Info | '[COORDINATE SERVICE] - Requested method to create coordinates' | 
01:31:31 | Info | '[COORDINATE CONTROLLER] - Requested method to create coordinate - Passing through the Coordinate Service' | 
01:31:31 | Info | '[COORDINATE SERVICE] - Requested method to create coordinates' | 
01:31:31 | Info | '[COORDINATE CONTROLLER] - Requested method to create coordinate - Passing through the Coordinate Service' | 
01:31:31 | Info | '[COORDINATE SERVICE] - Requested method to create coordinates' | 
01:31:31 | Info | '[COORDINATE SERVICE] - Requested method to get all coordinates' | 
01:31:31 | Info | '[COORDINATE SERVICE] - Requested method to get all coordinates' | 
01:31:31 | Info | '[COORDINATE SERVICE] - Requested method to get all coordinates' | 
01:31:32 | Info | '[COORDINATE SERVICE] - Requested method to create coordinates' | 
01:31:32 | Info | '[COORDINATE CONTROLLER] - Requested method to create coordinate - Passing through the Coordinate Service' | 
01:31:32 | Info | '[COORDINATE SERVICE] - Requested method to get all coordinates' | 
01:31:32 | Info | '[COORDINATE SERVICE] - Requested method to create coordinates' | 
01:31:32 | Info | '[COORDINATE SERVICE] - Requested method to create coordinates' | 
01:31:32 | Info | '[COORDINATE CONTROLLER] - Requested method to create coordinate - Passing through the Coordinate Service' | 
01:31:32 | Info | '[COORDINATE CONTROLLER] - Requested method to create coordinate - Passing through the Coordinate Service' | 
01:31:32 | Info | '[COORDINATE CONTROLLER] - Requested method to create coordinate - Passing through the Coordinate Service' | 
01:31:32 | Info | '[COORDINATE CONTROLLER] - Requested method to create coordinate - Passing through the Coordinate Service' | 
01:31:32 | Info | '[COORDINATE SERVICE] - Requested method to create coordinates' | 
01:31:32 | Info | '[COORDINATE SERVICE] - Requested method to create coordinates' | 
01:31:32 | Info | '[COORDINATE SERVICE] - Requested method to get all coordinates' | 
01:31:32 | Info | '[COORDINATE SERVICE] - Requested method to get all coordinates' | 
01:31:32 | Info | '[COORDINATE SERVICE] - Requested method to get all coordinates' | 
01:31:32 | Info | '[COORDINATE CONTROLLER] - Requested method to create coordinate - Passing through the Coordinate Service' | 
01:31:32 | Info | '[COORDINATE CONTROLLER] - Requested method to create coordinate - Passing through the Coordinate Service' | 
01:31:32 | Info | '[COORDINATE SERVICE] - Requested method to create coordinates' | 
01:31:32 | Info | '[COORDINATE SERVICE] - Requested method to create coordinates' | 
01:31:32 | Info | '[COORDINATE CONTROLLER] - Requested method to create coordinate - Passing through the Coordinate Service' | 
01:31:32 | Info | '[COORDINATE SERVICE] - Requested method to create coordinates' | 
01:31:32 | Info | '[COORDINATE SERVICE] - Requested method to get all coordinates' | 
01:31:32 | Info | '[COORDINATE SERVICE] - Requested method to get all coordinates' | 
01:31:32 | Info | '[COORDINATE SERVICE] - Requested method to get all coordinates' | 
01:31:32 | Info | '[COORDINATE SERVICE] - Requested method to get all coordinates' | 
01:31:32 | Info | '[COORDINATE CONTROLLER] - Requested method to create coordinate - Passing through the Coordinate Service' | 
01:31:32 | Info | '[COORDINATE SERVICE] - Requested method to create coordinates' | 
01:31:32 | Info | '[COORDINATE SERVICE] - Requested method to get all coordinates' | 
01:31:32 | Info | '[COORDINATE CONTROLLER] - Requested method to create coordinate - Passing through the Coordinate Service' | 
01:31:32 | Info | '[COORDINATE CONTROLLER] - Requested method to create coordinate - Passing through the Coordinate Service' | 
01:31:32 | Info | '[COORDINATE CONTROLLER] - Requested method to create coordinate - Passing through the Coordinate Service' | 
01:31:32 | Info | '[COORDINATE SERVICE] - Requested method to create coordinates' | 
01:31:32 | Info | '[COORDINATE SERVICE] - Requested method to create coordinates' | 
01:31:32 | Info | '[COORDINATE SERVICE] - Requested method to create coordinates' | 
01:31:32 | Info | '[COORDINATE SERVICE] - Requested method to get all coordinates' | 
01:31:32 | Info | '[COORDINATE SERVICE] - Requested method to get all coordinates' | 
01:31:32 | Info | '[COORDINATE SERVICE] - Requested method to create coordinates' | 
01:31:32 | Info | '[COORDINATE SERVICE] - Requested method to get all coordinates' | 
01:31:32 | Info | '[COORDINATE CONTROLLER] - Requested method to create coordinate - Passing through the Coordinate Service' | 
01:31:32 | Info | '[COORDINATE CONTROLLER] - Requested method to create coordinate - Passing through the Coordinate Service' | 
01:31:32 | Info | '[COORDINATE CONTROLLER] - Requested method to create coordinate - Passing through the Coordinate Service' | 
01:31:32 | Info | '[COORDINATE SERVICE] - Requested method to create coordinates' | 
01:31:32 | Info | '[COORDINATE SERVICE] - Requested method to create coordinates' | 
01:31:32 | Info | '[COORDINATE CONTROLLER] - Requested method to create coordinate - Passing through the Coordinate Service' | 
01:31:32 | Info | '[COORDINATE SERVICE] - Requested method to create coordinates' | 
01:31:32 | Info | '[COORDINATE SERVICE] - Requested method to get all coordinates' | 
01:31:32 | Info | '[COORDINATE SERVICE] - Requested method to get all coordinates' | 
01:31:32 | Info | '[COORDINATE CONTROLLER] - Requested method to create coordinate - Passing through the Coordinate Service' | 
01:31:32 | Info | '[COORDINATE SERVICE] - Requested method to create coordinates' | 
01:31:32 | Info | '[COORDINATE SERVICE] - Requested method to get all coordinates' | 
01:31:32 | Info | '[COORDINATE SERVICE] - Requested method to get all coordinates' | 
01:31:32 | Info | '[COORDINATE SERVICE] - Requested method to get all coordinates' | 
01:31:32 | Info | '[COORDINATE SERVICE] - Requested method to create coordinates' | 
01:31:32 | Info | '[COORDINATE CONTROLLER] - Requested method to create coordinate - Passing through the Coordinate Service' | 
01:31:32 | Info | '[COORDINATE CONTROLLER] - Requested method to create coordinate - Passing through the Coordinate Service' | 
01:31:32 | Info | '[COORDINATE SERVICE] - Requested method to create coordinates' | 
01:31:32 | Info | '[COORDINATE SERVICE] - Requested method to create coordinates' | 
01:31:32 | Info | '[COORDINATE CONTROLLER] - Requested method to create coordinate - Passing through the Coordinate Service' | 
01:31:32 | Info | '[COORDINATE CONTROLLER] - Requested method to create coordinate - Passing through the Coordinate Service' | 
01:31:32 | Info | '[COORDINATE SERVICE] - Requested method to create coordinates' | 
01:31:32 | Info | '[COORDINATE SERVICE] - Requested method to get all coordinates' | 
01:31:32 | Info | '[COORDINATE SERVICE] - Requested method to get all coordinates' | 
01:31:32 | Info | '[COORDINATE SERVICE] - Requested method to get all coordinates' | 
01:31:32 | Info | '[COORDINATE SERVICE] - Requested method to get all coordinates' | 
01:31:32 | Info | '[COORDINATE CONTROLLER] - Requested method to create coordinate - Passing through the Coordinate Service' | 
01:31:32 | Info | '[COORDINATE CONTROLLER] - Requested method to create coordinate - Passing through the Coordinate Service' | 
01:31:32 | Info | '[COORDINATE SERVICE] - Requested method to create coordinates' | 
01:31:32 | Info | '[COORDINATE SERVICE] - Requested method to create coordinates' | 
01:31:32 | Info | '[COORDINATE CONTROLLER] - Requested method to create coordinate - Passing through the Coordinate Service' | 
01:31:32 | Info | '[COORDINATE SERVICE] - Requested method to create coordinates' | 
01:31:32 | Info | '[COORDINATE SERVICE] - Requested method to get all coordinates' | 
01:31:32 | Info | '[COORDINATE SERVICE] - Requested method to get all coordinates' | 
01:31:32 | Info | '[COORDINATE CONTROLLER] - Requested method to create coordinate - Passing through the Coordinate Service' | 
01:31:32 | Info | '[COORDINATE SERVICE] - Requested method to get all coordinates' | 
01:31:32 | Info | '[COORDINATE SERVICE] - Requested method to create coordinates' | 
01:31:32 | Info | '[COORDINATE SERVICE] - Requested method to get all coordinates' | 
01:31:32 | Info | '[COORDINATE SERVICE] - Requested method to create coordinates' | 
01:31:32 | Info | '[COORDINATE CONTROLLER] - Requested method to create coordinate - Passing through the Coordinate Service' | 
01:31:32 | Info | '[COORDINATE SERVICE] - Requested method to create coordinates' | 
01:31:32 | Info | '[COORDINATE CONTROLLER] - Requested method to create coordinate - Passing through the Coordinate Service' | 
01:31:32 | Info | '[COORDINATE SERVICE] - Requested method to create coordinates' | 
01:31:32 | Info | '[COORDINATE CONTROLLER] - Requested method to create coordinate - Passing through the Coordinate Service' | 
01:31:32 | Info | '[COORDINATE SERVICE] - Requested method to create coordinates' | 
01:31:32 | Info | '[COORDINATE SERVICE] - Requested method to create coordinates' | 
01:31:32 | Info | '[COORDINATE CONTROLLER] - Requested method to create coordinate - Passing through the Coordinate Service' | 
01:31:32 | Info | '[COORDINATE CONTROLLER] - Requested method to create coordinate - Passing through the Coordinate Service' | 
01:31:32 | Info | '[COORDINATE SERVICE] - Requested method to get all coordinates' | 
01:31:32 | Info | '[COORDINATE SERVICE] - Requested method to get all coordinates' | 
01:31:32 | Info | '[COORDINATE SERVICE] - Requested method to get all coordinates' | 
01:31:32 | Info | '[COORDINATE CONTROLLER] - Requested method to create coordinate - Passing through the Coordinate Service' | 
01:31:32 | Info | '[COORDINATE SERVICE] - Requested method to get all coordinates' | 
01:31:32 | Info | '[COORDINATE SERVICE] - Requested method to get all coordinates' | 
01:31:32 | Info | '[COORDINATE SERVICE] - Requested method to create coordinates' | 
01:31:32 | Info | '[COORDINATE SERVICE] - Requested method to create coordinates' | 
01:31:32 | Info | '[COORDINATE CONTROLLER] - Requested method to create coordinate - Passing through the Coordinate Service' | 
01:31:32 | Info | '[COORDINATE SERVICE] - Requested method to get all coordinates' | 
01:31:32 | Info | '[COORDINATE SERVICE] - Requested method to create coordinates' | 
01:31:32 | Info | '[COORDINATE CONTROLLER] - Requested method to create coordinate - Passing through the Coordinate Service' | 
01:31:32 | Info | '[COORDINATE CONTROLLER] - Requested method to create coordinate - Passing through the Coordinate Service' | 
01:31:32 | Info | '[COORDINATE SERVICE] - Requested method to create coordinates' | 
01:31:32 | Info | '[COORDINATE SERVICE] - Requested method to get all coordinates' | 
01:31:32 | Info | '[COORDINATE SERVICE] - Requested method to get all coordinates' | 
01:31:32 | Info | '[COORDINATE SERVICE] - Requested method to get all coordinates' | 
01:31:32 | Info | '[COORDINATE SERVICE] - Requested method to create coordinates' | 
01:31:32 | Info | '[COORDINATE CONTROLLER] - Requested method to create coordinate - Passing through the Coordinate Service' | 
01:31:32 | Info | '[COORDINATE CONTROLLER] - Requested method to create coordinate - Passing through the Coordinate Service' | 
01:31:32 | Info | '[COORDINATE CONTROLLER] - Requested method to create coordinate - Passing through the Coordinate Service' | 
01:31:32 | Info | '[COORDINATE SERVICE] - Requested method to create coordinates' | 
01:31:32 | Info | '[COORDINATE SERVICE] - Requested method to create coordinates' | 
01:31:32 | Info | '[COORDINATE SERVICE] - Requested method to create coordinates' | 
01:31:32 | Info | '[COORDINATE CONTROLLER] - Requested method to create coordinate - Passing through the Coordinate Service' | 
01:31:32 | Info | '[COORDINATE SERVICE] - Requested method to get all coordinates' | 
01:31:32 | Info | '[COORDINATE SERVICE] - Requested method to get all coordinates' | 
01:31:32 | Info | '[COORDINATE SERVICE] - Requested method to get all coordinates' | 
01:31:32 | Info | '[COORDINATE SERVICE] - Requested method to get all coordinates' | 
01:31:32 | Info | '[COORDINATE SERVICE] - Requested method to get all coordinates' | 
01:31:32 | Info | '[COORDINATE SERVICE] - Requested method to create coordinates' | 
01:31:32 | Info | '[COORDINATE CONTROLLER] - Requested method to create coordinate - Passing through the Coordinate Service' | 
01:31:32 | Info | '[COORDINATE SERVICE] - Requested method to create coordinates' | 
01:31:32 | Info | '[COORDINATE CONTROLLER] - Requested method to create coordinate - Passing through the Coordinate Service' | 
01:31:32 | Info | '[COORDINATE SERVICE] - Requested method to get all coordinates' | 
01:31:32 | Info | '[COORDINATE CONTROLLER] - Requested method to create coordinate - Passing through the Coordinate Service' | 
01:31:32 | Info | '[COORDINATE CONTROLLER] - Requested method to create coordinate - Passing through the Coordinate Service' | 
01:31:32 | Info | '[COORDINATE SERVICE] - Requested method to create coordinates' | 
01:31:32 | Info | '[COORDINATE CONTROLLER] - Requested method to create coordinate - Passing through the Coordinate Service' | 
01:31:32 | Info | '[COORDINATE SERVICE] - Requested method to create coordinates' | 
01:31:32 | Info | '[COORDINATE CONTROLLER] - Requested method to create coordinate - Passing through the Coordinate Service' | 
01:31:32 | Info | '[COORDINATE SERVICE] - Requested method to create coordinates' | 
01:31:32 | Info | '[COORDINATE CONTROLLER] - Requested method to create coordinate - Passing through the Coordinate Service' | 
01:31:32 | Info | '[COORDINATE CONTROLLER] - Requested method to create coordinate - Passing through the Coordinate Service' | 
01:31:32 | Info | '[COORDINATE SERVICE] - Requested method to create coordinates' | 
01:31:32 | Info | '[COORDINATE SERVICE] - Requested method to create coordinates' | 
01:31:32 | Info | '[COORDINATE SERVICE] - Requested method to create coordinates' | 
01:31:32 | Info | '[COORDINATE SERVICE] - Requested method to get all coordinates' | 
01:31:32 | Info | '[COORDINATE SERVICE] - Requested method to get all coordinates' | 
01:31:32 | Info | '[COORDINATE SERVICE] - Requested method to get all coordinates' | 
01:31:32 | Info | '[COORDINATE SERVICE] - Requested method to get all coordinates' | 
01:31:32 | Info | '[COORDINATE SERVICE] - Requested method to get all coordinates' | 
01:31:32 | Info | '[COORDINATE CONTROLLER] - Requested method to create coordinate - Passing through the Coordinate Service' | 
01:31:32 | Info | '[COORDINATE SERVICE] - Requested method to create coordinates' | 
01:31:32 | Info | '[COORDINATE SERVICE] - Requested method to get all coordinates' | 
01:31:32 | Info | '[COORDINATE CONTROLLER] - Requested method to create coordinate - Passing through the Coordinate Service' | 
01:31:32 | Info | '[COORDINATE SERVICE] - Requested method to get all coordinates' | 
01:31:32 | Info | '[COORDINATE SERVICE] - Requested method to create coordinates' | 
01:31:32 | Info | '[COORDINATE SERVICE] - Requested method to create coordinates' | 
01:31:32 | Info | '[COORDINATE CONTROLLER] - Requested method to create coordinate - Passing through the Coordinate Service' | 
01:31:32 | Info | '[COORDINATE SERVICE] - Requested method to create coordinates' | 
01:31:32 | Info | '[COORDINATE SERVICE] - Requested method to get all coordinates' | 
01:31:32 | Info | '[COORDINATE CONTROLLER] - Requested method to create coordinate - Passing through the Coordinate Service' | 
01:31:32 | Info | '[COORDINATE CONTROLLER] - Requested method to create coordinate - Passing through the Coordinate Service' | 
01:31:32 | Info | '[COORDINATE SERVICE] - Requested method to create coordinates' | 
01:31:32 | Info | '[COORDINATE SERVICE] - Requested method to create coordinates' | 
01:31:32 | Info | '[COORDINATE CONTROLLER] - Requested method to create coordinate - Passing through the Coordinate Service' | 
01:31:32 | Info | '[COORDINATE SERVICE] - Requested method to create coordinates' | 
01:31:32 | Info | '[COORDINATE CONTROLLER] - Requested method to create coordinate - Passing through the Coordinate Service' | 
01:31:32 | Info | '[COORDINATE SERVICE] - Requested method to get all coordinates' | 
01:31:32 | Info | '[COORDINATE SERVICE] - Requested method to get all coordinates' | 
01:31:32 | Info | '[COORDINATE SERVICE] - Requested method to get all coordinates' | 
01:31:32 | Info | '[COORDINATE SERVICE] - Requested method to get all coordinates' | 
01:31:32 | Info | '[COORDINATE SERVICE] - Requested method to get all coordinates' | 
01:31:32 | Info | '[COORDINATE SERVICE] - Requested method to get all coordinates' | 
01:31:32 | Info | '[COORDINATE CONTROLLER] - Requested method to create coordinate - Passing through the Coordinate Service' | 
01:31:32 | Info | '[COORDINATE SERVICE] - Requested method to create coordinates' | 
01:31:32 | Info | '[COORDINATE CONTROLLER] - Requested method to create coordinate - Passing through the Coordinate Service' | 
01:31:32 | Info | '[COORDINATE SERVICE] - Requested method to create coordinates' | 
01:31:32 | Info | '[COORDINATE CONTROLLER] - Requested method to create coordinate - Passing through the Coordinate Service' | 
01:31:32 | Info | '[COORDINATE SERVICE] - Requested method to create coordinates' | 
01:31:32 | Info | '[COORDINATE SERVICE] - Requested method to get all coordinates' | 
01:31:32 | Info | '[COORDINATE SERVICE] - Requested method to get all coordinates' | 
01:31:32 | Info | '[COORDINATE SERVICE] - Requested method to create coordinates' | 
01:31:32 | Info | '[COORDINATE CONTROLLER] - Requested method to create coordinate - Passing through the Coordinate Service' | 
01:31:32 | Info | '[COORDINATE CONTROLLER] - Requested method to create coordinate - Passing through the Coordinate Service' | 
01:31:32 | Info | '[COORDINATE CONTROLLER] - Requested method to create coordinate - Passing through the Coordinate Service' | 
01:31:32 | Info | '[COORDINATE SERVICE] - Requested method to create coordinates' | 
01:31:32 | Info | '[COORDINATE CONTROLLER] - Requested method to create coordinate - Passing through the Coordinate Service' | 
01:31:32 | Info | '[COORDINATE SERVICE] - Requested method to create coordinates' | 
01:31:32 | Info | '[COORDINATE SERVICE] - Requested method to create coordinates' | 
01:31:32 | Info | '[COORDINATE SERVICE] - Requested method to get all coordinates' | 
01:31:33 | Info | '[COORDINATE SERVICE] - Requested method to get all coordinates' | 
01:31:33 | Info | '[COORDINATE SERVICE] - Requested method to get all coordinates' | 
01:31:33 | Info | '[COORDINATE SERVICE] - Requested method to get all coordinates' | 
01:31:33 | Info | '[COORDINATE SERVICE] - Requested method to get all coordinates' | 
01:31:33 | Info | '[COORDINATE CONTROLLER] - Requested method to create coordinate - Passing through the Coordinate Service' | 
01:31:33 | Info | '[COORDINATE SERVICE] - Requested method to create coordinates' | 
01:31:33 | Info | '[COORDINATE SERVICE] - Requested method to create coordinates' | 
01:31:33 | Info | '[COORDINATE CONTROLLER] - Requested method to create coordinate - Passing through the Coordinate Service' | 
01:31:33 | Info | '[COORDINATE SERVICE] - Requested method to create coordinates' | 
01:31:33 | Info | '[COORDINATE CONTROLLER] - Requested method to create coordinate - Passing through the Coordinate Service' | 
01:31:33 | Info | '[COORDINATE CONTROLLER] - Requested method to create coordinate - Passing through the Coordinate Service' | 
01:31:33 | Info | '[COORDINATE SERVICE] - Requested method to create coordinates' | 
01:31:33 | Info | '[COORDINATE CONTROLLER] - Requested method to create coordinate - Passing through the Coordinate Service' | 
01:31:33 | Info | '[COORDINATE SERVICE] - Requested method to create coordinates' | 
01:31:33 | Info | '[COORDINATE SERVICE] - Requested method to get all coordinates' | 
01:31:33 | Info | '[COORDINATE SERVICE] - Requested method to get all coordinates' | 
01:31:33 | Info | '[COORDINATE SERVICE] - Requested method to get all coordinates' | 
01:31:33 | Info | '[COORDINATE CONTROLLER] - Requested method to create coordinate - Passing through the Coordinate Service' | 
01:31:33 | Info | '[COORDINATE CONTROLLER] - Requested method to create coordinate - Passing through the Coordinate Service' | 
01:31:33 | Info | '[COORDINATE SERVICE] - Requested method to create coordinates' | 
01:31:33 | Info | '[COORDINATE CONTROLLER] - Requested method to create coordinate - Passing through the Coordinate Service' | 
01:31:33 | Info | '[COORDINATE SERVICE] - Requested method to create coordinates' | 
01:31:33 | Info | '[COORDINATE SERVICE] - Requested method to create coordinates' | 
01:31:33 | Info | '[COORDINATE SERVICE] - Requested method to get all coordinates' | 
01:31:33 | Info | '[COORDINATE CONTROLLER] - Requested method to create coordinate - Passing through the Coordinate Service' | 
01:31:33 | Info | '[COORDINATE SERVICE] - Requested method to get all coordinates' | 
01:31:33 | Info | '[COORDINATE SERVICE] - Requested method to get all coordinates' | 
01:31:33 | Info | '[COORDINATE SERVICE] - Requested method to create coordinates' | 
01:31:33 | Info | '[COORDINATE SERVICE] - Requested method to get all coordinates' | 
01:31:33 | Info | '[COORDINATE SERVICE] - Requested method to get all coordinates' | 
01:31:33 | Info | '[COORDINATE CONTROLLER] - Requested method to create coordinate - Passing through the Coordinate Service' | 
01:31:33 | Info | '[COORDINATE SERVICE] - Requested method to create coordinates' | 
01:31:33 | Info | '[COORDINATE SERVICE] - Requested method to get all coordinates' | 
01:31:33 | Info | '[COORDINATE SERVICE] - Requested method to create coordinates' | 
01:31:33 | Info | '[COORDINATE SERVICE] - Requested method to create coordinates' | 
01:31:33 | Info | '[COORDINATE CONTROLLER] - Requested method to create coordinate - Passing through the Coordinate Service' | 
01:31:33 | Info | '[COORDINATE CONTROLLER] - Requested method to create coordinate - Passing through the Coordinate Service' | 
01:31:33 | Info | '[COORDINATE CONTROLLER] - Requested method to create coordinate - Passing through the Coordinate Service' | 
01:31:33 | Info | '[COORDINATE SERVICE] - Requested method to create coordinates' | 
01:31:33 | Info | '[COORDINATE SERVICE] - Requested method to create coordinates' | 
01:31:33 | Info | '[COORDINATE CONTROLLER] - Requested method to create coordinate - Passing through the Coordinate Service' | 
01:31:33 | Info | '[COORDINATE CONTROLLER] - Requested method to create coordinate - Passing through the Coordinate Service' | 
01:31:33 | Info | '[COORDINATE SERVICE] - Requested method to create coordinates' | 
01:31:33 | Info | '[COORDINATE SERVICE] - Requested method to get all coordinates' | 
01:31:33 | Info | '[COORDINATE SERVICE] - Requested method to get all coordinates' | 
01:31:33 | Info | '[COORDINATE SERVICE] - Requested method to get all coordinates' | 
01:31:33 | Info | '[COORDINATE SERVICE] - Requested method to get all coordinates' | 
01:31:33 | Info | '[COORDINATE SERVICE] - Requested method to create coordinates' | 
01:31:33 | Info | '[COORDINATE CONTROLLER] - Requested method to create coordinate - Passing through the Coordinate Service' | 
01:31:33 | Info | '[COORDINATE CONTROLLER] - Requested method to create coordinate - Passing through the Coordinate Service' | 
01:31:33 | Info | '[COORDINATE SERVICE] - Requested method to create coordinates' | 
01:31:33 | Info | '[COORDINATE SERVICE] - Requested method to get all coordinates' | 
01:31:33 | Info | '[COORDINATE SERVICE] - Requested method to get all coordinates' | 
01:31:33 | Info | '[COORDINATE CONTROLLER] - Requested method to create coordinate - Passing through the Coordinate Service' | 
01:31:33 | Info | '[COORDINATE SERVICE] - Requested method to create coordinates' | 
01:31:33 | Info | '[COORDINATE CONTROLLER] - Requested method to create coordinate - Passing through the Coordinate Service' | 
01:31:33 | Info | '[COORDINATE SERVICE] - Requested method to create coordinates' | 
01:31:33 | Info | '[COORDINATE SERVICE] - Requested method to get all coordinates' | 
01:31:33 | Info | '[COORDINATE SERVICE] - Requested method to get all coordinates' | 
01:31:33 | Info | '[COORDINATE CONTROLLER] - Requested method to create coordinate - Passing through the Coordinate Service' | 
01:31:33 | Info | '[COORDINATE SERVICE] - Requested method to get all coordinates' | 
01:31:33 | Info | '[COORDINATE SERVICE] - Requested method to create coordinates' | 
01:31:33 | Info | '[COORDINATE SERVICE] - Requested method to create coordinates' | 
01:31:33 | Info | '[COORDINATE CONTROLLER] - Requested method to create coordinate - Passing through the Coordinate Service' | 
01:31:33 | Info | '[COORDINATE SERVICE] - Requested method to create coordinates' | 
01:31:33 | Info | '[COORDINATE CONTROLLER] - Requested method to create coordinate - Passing through the Coordinate Service' | 
01:31:33 | Info | '[COORDINATE CONTROLLER] - Requested method to create coordinate - Passing through the Coordinate Service' | 
01:31:33 | Info | '[COORDINATE SERVICE] - Requested method to create coordinates' | 
01:31:33 | Info | '[COORDINATE SERVICE] - Requested method to get all coordinates' | 
01:31:33 | Info | '[COORDINATE SERVICE] - Requested method to get all coordinates' | 
01:31:33 | Info | '[COORDINATE SERVICE] - Requested method to get all coordinates' | 
01:31:33 | Info | '[COORDINATE SERVICE] - Requested method to get all coordinates' | 
01:31:33 | Info | '[COORDINATE SERVICE] - Requested method to get all coordinates' | 
01:31:33 | Info | '[COORDINATE SERVICE] - Requested method to create coordinates' | 
01:31:33 | Info | '[COORDINATE CONTROLLER] - Requested method to create coordinate - Passing through the Coordinate Service' | 
01:31:33 | Info | '[COORDINATE SERVICE] - Requested method to create coordinates' | 
01:31:33 | Info | '[COORDINATE CONTROLLER] - Requested method to create coordinate - Passing through the Coordinate Service' | 
01:31:33 | Info | '[COORDINATE CONTROLLER] - Requested method to create coordinate - Passing through the Coordinate Service' | 
01:31:33 | Info | '[COORDINATE CONTROLLER] - Requested method to create coordinate - Passing through the Coordinate Service' | 
01:31:33 | Info | '[COORDINATE SERVICE] - Requested method to create coordinates' | 
01:31:33 | Info | '[COORDINATE CONTROLLER] - Requested method to create coordinate - Passing through the Coordinate Service' | 
01:31:33 | Info | '[COORDINATE SERVICE] - Requested method to create coordinates' | 
01:31:33 | Info | '[COORDINATE SERVICE] - Requested method to create coordinates' | 
01:31:33 | Info | '[COORDINATE CONTROLLER] - Requested method to create coordinate - Passing through the Coordinate Service' | 
01:31:33 | Info | '[COORDINATE CONTROLLER] - Requested method to create coordinate - Passing through the Coordinate Service' | 
01:31:33 | Info | '[COORDINATE SERVICE] - Requested method to create coordinates' | 
01:31:33 | Info | '[COORDINATE SERVICE] - Requested method to create coordinates' | 
01:31:33 | Info | '[COORDINATE CONTROLLER] - Requested method to create coordinate - Passing through the Coordinate Service' | 
01:31:33 | Info | '[COORDINATE SERVICE] - Requested method to get all coordinates' | 
01:31:33 | Info | '[COORDINATE SERVICE] - Requested method to create coordinates' | 
01:31:33 | Info | '[COORDINATE SERVICE] - Requested method to get all coordinates' | 
01:31:33 | Info | '[COORDINATE SERVICE] - Requested method to get all coordinates' | 
01:31:33 | Info | '[COORDINATE SERVICE] - Requested method to get all coordinates' | 
01:31:33 | Info | '[COORDINATE SERVICE] - Requested method to get all coordinates' | 
01:31:33 | Info | '[COORDINATE CONTROLLER] - Requested method to create coordinate - Passing through the Coordinate Service' | 
01:31:33 | Info | '[COORDINATE SERVICE] - Requested method to get all coordinates' | 
01:31:33 | Info | '[COORDINATE SERVICE] - Requested method to create coordinates' | 
01:31:33 | Info | '[COORDINATE SERVICE] - Requested method to get all coordinates' | 
01:31:33 | Info | '[COORDINATE CONTROLLER] - Requested method to create coordinate - Passing through the Coordinate Service' | 
01:31:33 | Info | '[COORDINATE SERVICE] - Requested method to get all coordinates' | 
01:31:33 | Info | '[COORDINATE SERVICE] - Requested method to create coordinates' | 
01:31:33 | Info | '[COORDINATE CONTROLLER] - Requested method to create coordinate - Passing through the Coordinate Service' | 
01:31:33 | Info | '[COORDINATE SERVICE] - Requested method to get all coordinates' | 
01:31:33 | Info | '[COORDINATE CONTROLLER] - Requested method to create coordinate - Passing through the Coordinate Service' | 
01:31:33 | Info | '[COORDINATE SERVICE] - Requested method to create coordinates' | 
01:31:33 | Info | '[COORDINATE SERVICE] - Requested method to create coordinates' | 
01:31:33 | Info | '[COORDINATE CONTROLLER] - Requested method to create coordinate - Passing through the Coordinate Service' | 
01:31:33 | Info | '[COORDINATE CONTROLLER] - Requested method to create coordinate - Passing through the Coordinate Service' | 
01:31:33 | Info | '[COORDINATE SERVICE] - Requested method to create coordinates' | 
01:31:33 | Info | '[COORDINATE SERVICE] - Requested method to create coordinates' | 
01:31:33 | Info | '[COORDINATE SERVICE] - Requested method to create coordinates' | 
01:31:33 | Info | '[COORDINATE CONTROLLER] - Requested method to create coordinate - Passing through the Coordinate Service' | 
01:31:33 | Info | '[COORDINATE SERVICE] - Requested method to get all coordinates' | 
01:31:33 | Info | '[COORDINATE SERVICE] - Requested method to get all coordinates' | 
01:31:33 | Info | '[COORDINATE SERVICE] - Requested method to get all coordinates' | 
01:31:33 | Info | '[COORDINATE SERVICE] - Requested method to get all coordinates' | 
01:31:33 | Info | '[COORDINATE SERVICE] - Requested method to get all coordinates' | 
01:31:33 | Info | '[COORDINATE SERVICE] - Requested method to get all coordinates' | 
01:31:33 | Info | '[COORDINATE CONTROLLER] - Requested method to create coordinate - Passing through the Coordinate Service' | 
01:31:33 | Info | '[COORDINATE SERVICE] - Requested method to create coordinates' | 
01:31:33 | Info | '[COORDINATE CONTROLLER] - Requested method to create coordinate - Passing through the Coordinate Service' | 
01:31:33 | Info | '[COORDINATE SERVICE] - Requested method to create coordinates' | 
01:31:33 | Info | '[COORDINATE SERVICE] - Requested method to create coordinates' | 
01:31:33 | Info | '[COORDINATE CONTROLLER] - Requested method to create coordinate - Passing through the Coordinate Service' | 
01:31:33 | Info | '[COORDINATE SERVICE] - Requested method to get all coordinates' | 
01:31:33 | Info | '[COORDINATE CONTROLLER] - Requested method to create coordinate - Passing through the Coordinate Service' | 
01:31:33 | Info | '[COORDINATE SERVICE] - Requested method to create coordinates' | 
01:31:33 | Info | '[COORDINATE CONTROLLER] - Requested method to create coordinate - Passing through the Coordinate Service' | 
01:31:33 | Info | '[COORDINATE SERVICE] - Requested method to create coordinates' | 
01:31:33 | Info | '[COORDINATE CONTROLLER] - Requested method to create coordinate - Passing through the Coordinate Service' | 
01:31:33 | Info | '[COORDINATE SERVICE] - Requested method to create coordinates' | 
01:31:33 | Info | '[COORDINATE CONTROLLER] - Requested method to create coordinate - Passing through the Coordinate Service' | 
01:31:33 | Info | '[COORDINATE SERVICE] - Requested method to create coordinates' | 
01:31:33 | Info | '[COORDINATE CONTROLLER] - Requested method to create coordinate - Passing through the Coordinate Service' | 
01:31:33 | Info | '[COORDINATE SERVICE] - Requested method to create coordinates' | 
01:31:33 | Info | '[COORDINATE SERVICE] - Requested method to get all coordinates' | 
01:31:33 | Info | '[COORDINATE SERVICE] - Requested method to get all coordinates' | 
01:31:33 | Info | '[COORDINATE SERVICE] - Requested method to get all coordinates' | 
01:31:33 | Info | '[COORDINATE SERVICE] - Requested method to get all coordinates' | 
01:31:33 | Info | '[COORDINATE SERVICE] - Requested method to get all coordinates' | 
01:31:33 | Info | '[COORDINATE SERVICE] - Requested method to get all coordinates' | 
01:31:33 | Info | '[COORDINATE CONTROLLER] - Requested method to create coordinate - Passing through the Coordinate Service' | 
01:31:33 | Info | '[COORDINATE SERVICE] - Requested method to get all coordinates' | 
01:31:33 | Info | '[COORDINATE CONTROLLER] - Requested method to create coordinate - Passing through the Coordinate Service' | 
01:31:33 | Info | '[COORDINATE SERVICE] - Requested method to create coordinates' | 
01:31:33 | Info | '[COORDINATE CONTROLLER] - Requested method to create coordinate - Passing through the Coordinate Service' | 
01:31:33 | Info | '[COORDINATE SERVICE] - Requested method to create coordinates' | 
01:31:33 | Info | '[COORDINATE SERVICE] - Requested method to create coordinates' | 
01:31:33 | Info | '[COORDINATE CONTROLLER] - Requested method to create coordinate - Passing through the Coordinate Service' | 
01:31:33 | Info | '[COORDINATE CONTROLLER] - Requested method to create coordinate - Passing through the Coordinate Service' | 
01:31:33 | Info | '[COORDINATE SERVICE] - Requested method to create coordinates' | 
01:31:33 | Info | '[COORDINATE SERVICE] - Requested method to create coordinates' | 
01:31:33 | Info | '[COORDINATE SERVICE] - Requested method to create coordinates' | 
01:31:33 | Info | '[COORDINATE CONTROLLER] - Requested method to create coordinate - Passing through the Coordinate Service' | 
01:31:33 | Info | '[COORDINATE SERVICE] - Requested method to get all coordinates' | 
01:31:33 | Info | '[COORDINATE SERVICE] - Requested method to get all coordinates' | 
01:31:33 | Info | '[COORDINATE SERVICE] - Requested method to get all coordinates' | 
01:31:33 | Info | '[COORDINATE CONTROLLER] - Requested method to create coordinate - Passing through the Coordinate Service' | 
01:31:33 | Info | '[COORDINATE SERVICE] - Requested method to get all coordinates' | 
01:31:33 | Info | '[COORDINATE SERVICE] - Requested method to get all coordinates' | 
01:31:33 | Info | '[COORDINATE SERVICE] - Requested method to create coordinates' | 
01:31:33 | Info | '[COORDINATE CONTROLLER] - Requested method to create coordinate - Passing through the Coordinate Service' | 
01:31:33 | Info | '[COORDINATE SERVICE] - Requested method to create coordinates' | 
01:31:33 | Info | '[COORDINATE SERVICE] - Requested method to get all coordinates' | 
01:31:33 | Info | '[COORDINATE SERVICE] - Requested method to get all coordinates' | 
01:31:33 | Info | '[COORDINATE CONTROLLER] - Requested method to create coordinate - Passing through the Coordinate Service' | 
01:31:33 | Info | '[COORDINATE SERVICE] - Requested method to create coordinates' | 
01:31:33 | Info | '[COORDINATE CONTROLLER] - Requested method to create coordinate - Passing through the Coordinate Service' | 
01:31:33 | Info | '[COORDINATE CONTROLLER] - Requested method to create coordinate - Passing through the Coordinate Service' | 
01:31:33 | Info | '[COORDINATE SERVICE] - Requested method to create coordinates' | 
01:31:33 | Info | '[COORDINATE SERVICE] - Requested method to create coordinates' | 
01:31:33 | Info | '[COORDINATE CONTROLLER] - Requested method to create coordinate - Passing through the Coordinate Service' | 
01:31:33 | Info | '[COORDINATE SERVICE] - Requested method to create coordinates' | 
01:31:33 | Info | '[COORDINATE SERVICE] - Requested method to get all coordinates' | 
01:31:33 | Info | '[COORDINATE SERVICE] - Requested method to get all coordinates' | 
01:31:34 | Info | '[COORDINATE SERVICE] - Requested method to create coordinates' | 
01:31:33 | Info | '[COORDINATE SERVICE] - Requested method to get all coordinates' | 
01:31:34 | Info | '[COORDINATE CONTROLLER] - Requested method to create coordinate - Passing through the Coordinate Service' | 
01:31:34 | Info | '[COORDINATE SERVICE] - Requested method to create coordinates' | 
01:31:34 | Info | '[COORDINATE CONTROLLER] - Requested method to create coordinate - Passing through the Coordinate Service' | 
01:31:33 | Info | '[COORDINATE SERVICE] - Requested method to get all coordinates' | 
01:31:34 | Info | '[COORDINATE SERVICE] - Requested method to get all coordinates' | 
01:31:34 | Info | '[COORDINATE SERVICE] - Requested method to get all coordinates' | 
01:31:34 | Info | '[COORDINATE CONTROLLER] - Requested method to create coordinate - Passing through the Coordinate Service' | 
01:31:34 | Info | '[COORDINATE SERVICE] - Requested method to create coordinates' | 
01:31:34 | Info | '[COORDINATE SERVICE] - Requested method to get all coordinates' | 
01:31:34 | Info | '[COORDINATE SERVICE] - Requested method to create coordinates' | 
01:31:34 | Info | '[COORDINATE CONTROLLER] - Requested method to create coordinate - Passing through the Coordinate Service' | 
01:31:34 | Info | '[COORDINATE SERVICE] - Requested method to create coordinates' | 
01:31:34 | Info | '[COORDINATE CONTROLLER] - Requested method to create coordinate - Passing through the Coordinate Service' | 
01:31:34 | Info | '[COORDINATE CONTROLLER] - Requested method to create coordinate - Passing through the Coordinate Service' | 
01:31:34 | Info | '[COORDINATE SERVICE] - Requested method to create coordinates' | 
01:31:34 | Info | '[COORDINATE CONTROLLER] - Requested method to create coordinate - Passing through the Coordinate Service' | 
01:31:34 | Info | '[COORDINATE CONTROLLER] - Requested method to create coordinate - Passing through the Coordinate Service' | 
01:31:34 | Info | '[COORDINATE SERVICE] - Requested method to create coordinates' | 
01:31:34 | Info | '[COORDINATE SERVICE] - Requested method to create coordinates' | 
01:31:34 | Info | '[COORDINATE SERVICE] - Requested method to get all coordinates' | 
01:31:34 | Info | '[COORDINATE SERVICE] - Requested method to get all coordinates' | 
01:31:34 | Info | '[COORDINATE SERVICE] - Requested method to get all coordinates' | 
01:31:34 | Info | '[COORDINATE CONTROLLER] - Requested method to create coordinate - Passing through the Coordinate Service' | 
01:31:34 | Info | '[COORDINATE SERVICE] - Requested method to get all coordinates' | 
01:31:34 | Info | '[COORDINATE SERVICE] - Requested method to create coordinates' | 
01:31:34 | Info | '[COORDINATE SERVICE] - Requested method to create coordinates' | 
01:31:34 | Info | '[COORDINATE CONTROLLER] - Requested method to create coordinate - Passing through the Coordinate Service' | 
01:31:34 | Info | '[COORDINATE SERVICE] - Requested method to get all coordinates' | 
01:31:34 | Info | '[COORDINATE SERVICE] - Requested method to get all coordinates' | 
01:31:34 | Info | '[COORDINATE SERVICE] - Requested method to create coordinates' | 
01:31:34 | Info | '[COORDINATE CONTROLLER] - Requested method to create coordinate - Passing through the Coordinate Service' | 
01:31:34 | Info | '[COORDINATE CONTROLLER] - Requested method to create coordinate - Passing through the Coordinate Service' | 
01:31:34 | Info | '[COORDINATE CONTROLLER] - Requested method to create coordinate - Passing through the Coordinate Service' | 
01:31:34 | Info | '[COORDINATE SERVICE] - Requested method to create coordinates' | 
01:31:34 | Info | '[COORDINATE SERVICE] - Requested method to create coordinates' | 
01:31:34 | Info | '[COORDINATE CONTROLLER] - Requested method to create coordinate - Passing through the Coordinate Service' | 
01:31:34 | Info | '[COORDINATE SERVICE] - Requested method to create coordinates' | 
01:31:34 | Info | '[COORDINATE SERVICE] - Requested method to create coordinates' | 
01:31:34 | Info | '[COORDINATE CONTROLLER] - Requested method to create coordinate - Passing through the Coordinate Service' | 
01:31:34 | Info | '[COORDINATE SERVICE] - Requested method to get all coordinates' | 
01:31:34 | Info | '[COORDINATE SERVICE] - Requested method to get all coordinates' | 
01:31:34 | Info | '[COORDINATE SERVICE] - Requested method to get all coordinates' | 
01:31:34 | Info | '[COORDINATE SERVICE] - Requested method to get all coordinates' | 
01:31:34 | Info | '[COORDINATE SERVICE] - Requested method to get all coordinates' | 
01:31:34 | Info | '[COORDINATE CONTROLLER] - Requested method to create coordinate - Passing through the Coordinate Service' | 
01:31:34 | Info | '[COORDINATE SERVICE] - Requested method to create coordinates' | 
01:31:34 | Info | '[COORDINATE SERVICE] - Requested method to get all coordinates' | 
01:31:34 | Info | '[COORDINATE CONTROLLER] - Requested method to create coordinate - Passing through the Coordinate Service' | 
01:31:34 | Info | '[COORDINATE SERVICE] - Requested method to get all coordinates' | 
01:31:34 | Info | '[COORDINATE CONTROLLER] - Requested method to create coordinate - Passing through the Coordinate Service' | 
01:31:34 | Info | '[COORDINATE SERVICE] - Requested method to create coordinates' | 
01:31:34 | Info | '[COORDINATE SERVICE] - Requested method to create coordinates' | 
01:31:34 | Info | '[COORDINATE SERVICE] - Requested method to get all coordinates' | 
01:31:34 | Info | '[COORDINATE SERVICE] - Requested method to get all coordinates' | 
01:31:34 | Info | '[COORDINATE CONTROLLER] - Requested method to create coordinate - Passing through the Coordinate Service' | 
01:31:34 | Info | '[COORDINATE SERVICE] - Requested method to create coordinates' | 
01:31:34 | Info | '[COORDINATE CONTROLLER] - Requested method to create coordinate - Passing through the Coordinate Service' | 
01:31:34 | Info | '[COORDINATE SERVICE] - Requested method to create coordinates' | 
01:31:34 | Info | '[COORDINATE SERVICE] - Requested method to create coordinates' | 
01:31:34 | Info | '[COORDINATE CONTROLLER] - Requested method to create coordinate - Passing through the Coordinate Service' | 
01:31:34 | Info | '[COORDINATE CONTROLLER] - Requested method to create coordinate - Passing through the Coordinate Service' | 
01:31:34 | Info | '[COORDINATE SERVICE] - Requested method to create coordinates' | 
01:31:34 | Info | '[COORDINATE SERVICE] - Requested method to get all coordinates' | 
01:31:34 | Info | '[COORDINATE SERVICE] - Requested method to get all coordinates' | 
01:31:34 | Info | '[COORDINATE SERVICE] - Requested method to get all coordinates' | 
01:31:34 | Info | '[COORDINATE SERVICE] - Requested method to get all coordinates' | 
01:31:34 | Info | '[COORDINATE SERVICE] - Requested method to get all coordinates' | 
01:31:34 | Info | '[COORDINATE SERVICE] - Requested method to create coordinates' | 
01:31:34 | Info | '[COORDINATE CONTROLLER] - Requested method to create coordinate - Passing through the Coordinate Service' | 
01:31:34 | Info | '[COORDINATE SERVICE] - Requested method to create coordinates' | 
01:31:34 | Info | '[COORDINATE CONTROLLER] - Requested method to create coordinate - Passing through the Coordinate Service' | 
01:31:34 | Info | '[COORDINATE CONTROLLER] - Requested method to create coordinate - Passing through the Coordinate Service' | 
01:31:34 | Info | '[COORDINATE SERVICE] - Requested method to create coordinates' | 
01:31:34 | Info | '[COORDINATE SERVICE] - Requested method to create coordinates' | 
01:31:34 | Info | '[COORDINATE CONTROLLER] - Requested method to create coordinate - Passing through the Coordinate Service' | 
01:31:34 | Info | '[COORDINATE SERVICE] - Requested method to get all coordinates' | 
01:31:34 | Info | '[COORDINATE CONTROLLER] - Requested method to create coordinate - Passing through the Coordinate Service' | 
01:31:34 | Info | '[COORDINATE SERVICE] - Requested method to create coordinates' | 
01:31:34 | Info | '[COORDINATE SERVICE] - Requested method to get all coordinates' | 
01:31:34 | Info | '[COORDINATE CONTROLLER] - Requested method to create coordinate - Passing through the Coordinate Service' | 
01:31:34 | Info | '[COORDINATE SERVICE] - Requested method to get all coordinates' | 
01:31:34 | Info | '[COORDINATE SERVICE] - Requested method to create coordinates' | 
01:31:34 | Info | '[COORDINATE SERVICE] - Requested method to create coordinates' | 
01:31:34 | Info | '[COORDINATE CONTROLLER] - Requested method to create coordinate - Passing through the Coordinate Service' | 
01:31:34 | Info | '[COORDINATE SERVICE] - Requested method to create coordinates' | 
01:31:34 | Info | '[COORDINATE CONTROLLER] - Requested method to create coordinate - Passing through the Coordinate Service' | 
01:31:34 | Info | '[COORDINATE SERVICE] - Requested method to create coordinates' | 
01:31:34 | Info | '[COORDINATE CONTROLLER] - Requested method to create coordinate - Passing through the Coordinate Service' | 
01:31:34 | Info | '[COORDINATE SERVICE] - Requested method to get all coordinates' | 
01:31:34 | Info | '[COORDINATE SERVICE] - Requested method to get all coordinates' | 
01:31:34 | Info | '[COORDINATE SERVICE] - Requested method to get all coordinates' | 
01:31:34 | Info | '[COORDINATE SERVICE] - Requested method to get all coordinates' | 
01:31:34 | Info | '[COORDINATE SERVICE] - Requested method to get all coordinates' | 
01:31:34 | Info | '[COORDINATE SERVICE] - Requested method to get all coordinates' | 
01:31:34 | Info | '[COORDINATE CONTROLLER] - Requested method to create coordinate - Passing through the Coordinate Service' | 
01:31:34 | Info | '[COORDINATE SERVICE] - Requested method to create coordinates' | 
01:31:34 | Info | '[COORDINATE SERVICE] - Requested method to create coordinates' | 
01:31:34 | Info | '[COORDINATE CONTROLLER] - Requested method to create coordinate - Passing through the Coordinate Service' | 
01:31:34 | Info | '[COORDINATE CONTROLLER] - Requested method to create coordinate - Passing through the Coordinate Service' | 
01:31:34 | Info | '[COORDINATE SERVICE] - Requested method to create coordinates' | 
01:31:34 | Info | '[COORDINATE SERVICE] - Requested method to create coordinates' | 
01:31:34 | Info | '[COORDINATE CONTROLLER] - Requested method to create coordinate - Passing through the Coordinate Service' | 
01:31:34 | Info | '[COORDINATE SERVICE] - Requested method to create coordinates' | 
01:31:34 | Info | '[COORDINATE CONTROLLER] - Requested method to create coordinate - Passing through the Coordinate Service' | 
01:31:34 | Info | '[COORDINATE CONTROLLER] - Requested method to create coordinate - Passing through the Coordinate Service' | 
01:31:34 | Info | '[COORDINATE SERVICE] - Requested method to create coordinates' | 
01:31:34 | Info | '[COORDINATE CONTROLLER] - Requested method to create coordinate - Passing through the Coordinate Service' | 
01:31:34 | Info | '[COORDINATE SERVICE] - Requested method to create coordinates' | 
01:31:34 | Info | '[COORDINATE SERVICE] - Requested method to get all coordinates' | 
01:31:34 | Info | '[COORDINATE SERVICE] - Requested method to get all coordinates' | 
01:31:34 | Info | '[COORDINATE SERVICE] - Requested method to get all coordinates' | 
01:31:34 | Info | '[COORDINATE SERVICE] - Requested method to get all coordinates' | 
01:31:34 | Info | '[COORDINATE SERVICE] - Requested method to get all coordinates' | 
01:31:34 | Info | '[COORDINATE SERVICE] - Requested method to get all coordinates' | 
01:31:34 | Info | '[COORDINATE CONTROLLER] - Requested method to create coordinate - Passing through the Coordinate Service' | 
01:31:34 | Info | '[COORDINATE SERVICE] - Requested method to get all coordinates' | 
01:31:34 | Info | '[COORDINATE SERVICE] - Requested method to create coordinates' | 
01:31:34 | Info | '[COORDINATE SERVICE] - Requested method to create coordinates' | 
01:31:34 | Info | '[COORDINATE CONTROLLER] - Requested method to create coordinate - Passing through the Coordinate Service' | 
01:31:34 | Info | '[COORDINATE CONTROLLER] - Requested method to create coordinate - Passing through the Coordinate Service' | 
01:31:34 | Info | '[COORDINATE CONTROLLER] - Requested method to create coordinate - Passing through the Coordinate Service' | 
01:31:34 | Info | '[COORDINATE SERVICE] - Requested method to create coordinates' | 
01:31:34 | Info | '[COORDINATE SERVICE] - Requested method to create coordinates' | 
01:31:34 | Info | '[COORDINATE SERVICE] - Requested method to get all coordinates' | 
01:31:34 | Info | '[COORDINATE SERVICE] - Requested method to get all coordinates' | 
01:31:34 | Info | '[COORDINATE CONTROLLER] - Requested method to create coordinate - Passing through the Coordinate Service' | 
01:31:34 | Info | '[COORDINATE SERVICE] - Requested method to create coordinates' | 
01:31:34 | Info | '[COORDINATE CONTROLLER] - Requested method to create coordinate - Passing through the Coordinate Service' | 
01:31:34 | Info | '[COORDINATE CONTROLLER] - Requested method to create coordinate - Passing through the Coordinate Service' | 
01:31:34 | Info | '[COORDINATE SERVICE] - Requested method to create coordinates' | 
01:31:34 | Info | '[COORDINATE SERVICE] - Requested method to create coordinates' | 
01:31:34 | Info | '[COORDINATE SERVICE] - Requested method to get all coordinates' | 
01:31:34 | Info | '[COORDINATE SERVICE] - Requested method to get all coordinates' | 
01:31:34 | Info | '[COORDINATE SERVICE] - Requested method to get all coordinates' | 
01:31:34 | Info | '[COORDINATE SERVICE] - Requested method to get all coordinates' | 
01:31:34 | Info | '[COORDINATE CONTROLLER] - Requested method to create coordinate - Passing through the Coordinate Service' | 
01:31:34 | Info | '[COORDINATE SERVICE] - Requested method to get all coordinates' | 
01:31:34 | Info | '[COORDINATE CONTROLLER] - Requested method to create coordinate - Passing through the Coordinate Service' | 
01:31:34 | Info | '[COORDINATE SERVICE] - Requested method to create coordinates' | 
01:31:34 | Info | '[COORDINATE SERVICE] - Requested method to create coordinates' | 
01:31:34 | Info | '[COORDINATE SERVICE] - Requested method to create coordinates' | 
01:31:34 | Info | '[COORDINATE CONTROLLER] - Requested method to create coordinate - Passing through the Coordinate Service' | 
01:31:34 | Info | '[COORDINATE CONTROLLER] - Requested method to create coordinate - Passing through the Coordinate Service' | 
01:31:34 | Info | '[COORDINATE SERVICE] - Requested method to get all coordinates' | 
01:31:34 | Info | '[COORDINATE SERVICE] - Requested method to create coordinates' | 
01:31:34 | Info | '[COORDINATE CONTROLLER] - Requested method to create coordinate - Passing through the Coordinate Service' | 
01:31:34 | Info | '[COORDINATE SERVICE] - Requested method to create coordinates' | 
01:31:34 | Info | '[COORDINATE CONTROLLER] - Requested method to create coordinate - Passing through the Coordinate Service' | 
01:31:34 | Info | '[COORDINATE CONTROLLER] - Requested method to create coordinate - Passing through the Coordinate Service' | 
01:31:34 | Info | '[COORDINATE SERVICE] - Requested method to create coordinates' | 
01:31:34 | Info | '[COORDINATE SERVICE] - Requested method to create coordinates' | 
01:31:34 | Info | '[COORDINATE SERVICE] - Requested method to get all coordinates' | 
01:31:34 | Info | '[COORDINATE SERVICE] - Requested method to get all coordinates' | 
01:31:34 | Info | '[COORDINATE SERVICE] - Requested method to get all coordinates' | 
01:31:34 | Info | '[COORDINATE SERVICE] - Requested method to get all coordinates' | 
01:31:34 | Info | '[COORDINATE CONTROLLER] - Requested method to create coordinate - Passing through the Coordinate Service' | 
01:31:34 | Info | '[COORDINATE SERVICE] - Requested method to create coordinates' | 
01:31:34 | Info | '[COORDINATE SERVICE] - Requested method to create coordinates' | 
01:31:34 | Info | '[COORDINATE CONTROLLER] - Requested method to create coordinate - Passing through the Coordinate Service' | 
01:31:34 | Info | '[COORDINATE SERVICE] - Requested method to get all coordinates' | 
01:31:34 | Info | '[COORDINATE SERVICE] - Requested method to get all coordinates' | 
01:31:34 | Info | '[COORDINATE CONTROLLER] - Requested method to create coordinate - Passing through the Coordinate Service' | 
01:31:34 | Info | '[COORDINATE SERVICE] - Requested method to get all coordinates' | 
01:31:34 | Info | '[COORDINATE SERVICE] - Requested method to create coordinates' | 
01:31:34 | Info | '[COORDINATE CONTROLLER] - Requested method to create coordinate - Passing through the Coordinate Service' | 
01:31:34 | Info | '[COORDINATE SERVICE] - Requested method to create coordinates' | 
01:31:35 | Info | '[COORDINATE SERVICE] - Requested method to get all coordinates' | 
01:31:34 | Info | '[COORDINATE SERVICE] - Requested method to get all coordinates' | 
01:31:35 | Info | '[COORDINATE SERVICE] - Requested method to create coordinates' | 
01:31:35 | Info | '[COORDINATE CONTROLLER] - Requested method to create coordinate - Passing through the Coordinate Service' | 
01:31:35 | Info | '[COORDINATE CONTROLLER] - Requested method to create coordinate - Passing through the Coordinate Service' | 
01:31:35 | Info | '[COORDINATE SERVICE] - Requested method to create coordinates' | 
01:31:35 | Info | '[COORDINATE CONTROLLER] - Requested method to create coordinate - Passing through the Coordinate Service' | 
01:31:35 | Info | '[COORDINATE SERVICE] - Requested method to create coordinates' | 
01:31:35 | Info | '[COORDINATE SERVICE] - Requested method to get all coordinates' | 
01:31:35 | Info | '[COORDINATE SERVICE] - Requested method to get all coordinates' | 
01:31:35 | Info | '[COORDINATE CONTROLLER] - Requested method to create coordinate - Passing through the Coordinate Service' | 
01:31:35 | Info | '[COORDINATE CONTROLLER] - Requested method to create coordinate - Passing through the Coordinate Service' | 
01:31:35 | Info | '[COORDINATE SERVICE] - Requested method to create coordinates' | 
01:31:35 | Info | '[COORDINATE SERVICE] - Requested method to create coordinates' | 
01:31:35 | Info | '[COORDINATE SERVICE] - Requested method to get all coordinates' | 
01:31:35 | Info | '[COORDINATE SERVICE] - Requested method to create coordinates' | 
01:31:35 | Info | '[COORDINATE SERVICE] - Requested method to get all coordinates' | 
01:31:35 | Info | '[COORDINATE CONTROLLER] - Requested method to create coordinate - Passing through the Coordinate Service' | 
01:31:35 | Info | '[COORDINATE CONTROLLER] - Requested method to create coordinate - Passing through the Coordinate Service' | 
01:31:35 | Info | '[COORDINATE SERVICE] - Requested method to create coordinates' | 
01:31:35 | Info | '[COORDINATE SERVICE] - Requested method to create coordinates' | 
01:31:35 | Info | '[COORDINATE CONTROLLER] - Requested method to create coordinate - Passing through the Coordinate Service' | 
01:31:35 | Info | '[COORDINATE SERVICE] - Requested method to get all coordinates' | 
01:31:35 | Info | '[COORDINATE SERVICE] - Requested method to get all coordinates' | 
01:31:35 | Info | '[COORDINATE SERVICE] - Requested method to get all coordinates' | 
01:31:35 | Info | '[COORDINATE SERVICE] - Requested method to get all coordinates' | 
01:31:35 | Info | '[COORDINATE CONTROLLER] - Requested method to create coordinate - Passing through the Coordinate Service' | 
01:31:35 | Info | '[COORDINATE CONTROLLER] - Requested method to create coordinate - Passing through the Coordinate Service' | 
01:31:35 | Info | '[COORDINATE SERVICE] - Requested method to create coordinates' | 
01:31:35 | Info | '[COORDINATE CONTROLLER] - Requested method to create coordinate - Passing through the Coordinate Service' | 
01:31:35 | Info | '[COORDINATE SERVICE] - Requested method to create coordinates' | 
01:31:35 | Info | '[COORDINATE SERVICE] - Requested method to create coordinates' | 
01:31:35 | Info | '[COORDINATE CONTROLLER] - Requested method to create coordinate - Passing through the Coordinate Service' | 
01:31:35 | Info | '[COORDINATE SERVICE] - Requested method to create coordinates' | 
01:31:35 | Info | '[COORDINATE SERVICE] - Requested method to get all coordinates' | 
01:31:35 | Info | '[COORDINATE SERVICE] - Requested method to get all coordinates' | 
01:31:35 | Info | '[COORDINATE SERVICE] - Requested method to get all coordinates' | 
01:31:35 | Info | '[COORDINATE SERVICE] - Requested method to get all coordinates' | 
01:31:35 | Info | '[COORDINATE SERVICE] - Requested method to get all coordinates' | 
01:31:35 | Info | '[COORDINATE CONTROLLER] - Requested method to create coordinate - Passing through the Coordinate Service' | 
01:31:35 | Info | '[COORDINATE SERVICE] - Requested method to create coordinates' | 
01:31:35 | Info | '[COORDINATE CONTROLLER] - Requested method to create coordinate - Passing through the Coordinate Service' | 
01:31:35 | Info | '[COORDINATE CONTROLLER] - Requested method to create coordinate - Passing through the Coordinate Service' | 
01:31:35 | Info | '[COORDINATE SERVICE] - Requested method to create coordinates' | 
01:31:35 | Info | '[COORDINATE CONTROLLER] - Requested method to create coordinate - Passing through the Coordinate Service' | 
01:31:35 | Info | '[COORDINATE SERVICE] - Requested method to create coordinates' | 
01:31:35 | Info | '[COORDINATE SERVICE] - Requested method to create coordinates' | 
01:31:35 | Info | '[COORDINATE SERVICE] - Requested method to create coordinates' | 
01:31:35 | Info | '[COORDINATE SERVICE] - Requested method to create coordinates' | 
01:31:35 | Info | '[COORDINATE CONTROLLER] - Requested method to create coordinate - Passing through the Coordinate Service' | 
01:31:35 | Info | '[COORDINATE CONTROLLER] - Requested method to create coordinate - Passing through the Coordinate Service' | 
01:31:35 | Info | '[COORDINATE SERVICE] - Requested method to create coordinates' | 
01:31:35 | Info | '[COORDINATE CONTROLLER] - Requested method to create coordinate - Passing through the Coordinate Service' | 
01:31:35 | Info | '[COORDINATE SERVICE] - Requested method to get all coordinates' | 
01:31:35 | Info | '[COORDINATE SERVICE] - Requested method to get all coordinates' | 
01:31:35 | Info | '[COORDINATE SERVICE] - Requested method to get all coordinates' | 
01:31:35 | Info | '[COORDINATE CONTROLLER] - Requested method to create coordinate - Passing through the Coordinate Service' | 
01:31:35 | Info | '[COORDINATE CONTROLLER] - Requested method to create coordinate - Passing through the Coordinate Service' | 
01:31:35 | Info | '[COORDINATE SERVICE] - Requested method to create coordinates' | 
01:31:35 | Info | '[COORDINATE SERVICE] - Requested method to get all coordinates' | 
01:31:35 | Info | '[COORDINATE SERVICE] - Requested method to get all coordinates' | 
01:31:35 | Info | '[COORDINATE SERVICE] - Requested method to create coordinates' | 
01:31:35 | Info | '[COORDINATE SERVICE] - Requested method to get all coordinates' | 
01:31:35 | Info | '[COORDINATE SERVICE] - Requested method to get all coordinates' | 
01:31:35 | Info | '[COORDINATE CONTROLLER] - Requested method to create coordinate - Passing through the Coordinate Service' | 
01:31:35 | Info | '[COORDINATE SERVICE] - Requested method to create coordinates' | 
01:31:35 | Info | '[COORDINATE SERVICE] - Requested method to get all coordinates' | 
01:31:35 | Info | '[COORDINATE SERVICE] - Requested method to get all coordinates' | 
01:31:35 | Info | '[COORDINATE CONTROLLER] - Requested method to create coordinate - Passing through the Coordinate Service' | 
01:31:35 | Info | '[COORDINATE SERVICE] - Requested method to create coordinates' | 
01:31:35 | Info | '[COORDINATE CONTROLLER] - Requested method to create coordinate - Passing through the Coordinate Service' | 
01:31:35 | Info | '[COORDINATE SERVICE] - Requested method to create coordinates' | 
01:31:35 | Info | '[COORDINATE CONTROLLER] - Requested method to create coordinate - Passing through the Coordinate Service' | 
01:31:35 | Info | '[COORDINATE SERVICE] - Requested method to create coordinates' | 
01:31:35 | Info | '[COORDINATE SERVICE] - Requested method to create coordinates' | 
01:31:35 | Info | '[COORDINATE CONTROLLER] - Requested method to create coordinate - Passing through the Coordinate Service' | 
01:31:35 | Info | '[COORDINATE SERVICE] - Requested method to get all coordinates' | 
01:31:35 | Info | '[COORDINATE SERVICE] - Requested method to get all coordinates' | 
01:31:35 | Info | '[COORDINATE SERVICE] - Requested method to get all coordinates' | 
01:31:35 | Info | '[COORDINATE SERVICE] - Requested method to create coordinates' | 
01:31:35 | Info | '[COORDINATE SERVICE] - Requested method to get all coordinates' | 
01:31:35 | Info | '[COORDINATE CONTROLLER] - Requested method to create coordinate - Passing through the Coordinate Service' | 
01:31:35 | Info | '[COORDINATE SERVICE] - Requested method to get all coordinates' | 
01:31:35 | Info | '[COORDINATE SERVICE] - Requested method to create coordinates' | 
01:31:35 | Info | '[COORDINATE CONTROLLER] - Requested method to create coordinate - Passing through the Coordinate Service' | 
01:31:35 | Info | '[COORDINATE CONTROLLER] - Requested method to create coordinate - Passing through the Coordinate Service' | 
01:31:35 | Info | '[COORDINATE CONTROLLER] - Requested method to create coordinate - Passing through the Coordinate Service' | 
01:31:35 | Info | '[COORDINATE SERVICE] - Requested method to create coordinates' | 
01:31:35 | Info | '[COORDINATE SERVICE] - Requested method to create coordinates' | 
01:31:35 | Info | '[COORDINATE SERVICE] - Requested method to get all coordinates' | 
01:31:35 | Info | '[COORDINATE SERVICE] - Requested method to get all coordinates' | 
01:31:35 | Info | '[COORDINATE CONTROLLER] - Requested method to create coordinate - Passing through the Coordinate Service' | 
01:31:35 | Info | '[COORDINATE CONTROLLER] - Requested method to create coordinate - Passing through the Coordinate Service' | 
01:31:35 | Info | '[COORDINATE SERVICE] - Requested method to create coordinates' | 
01:31:35 | Info | '[COORDINATE SERVICE] - Requested method to create coordinates' | 
01:31:35 | Info | '[COORDINATE CONTROLLER] - Requested method to create coordinate - Passing through the Coordinate Service' | 
01:31:35 | Info | '[COORDINATE SERVICE] - Requested method to create coordinates' | 
01:31:35 | Info | '[COORDINATE CONTROLLER] - Requested method to create coordinate - Passing through the Coordinate Service' | 
01:31:35 | Info | '[COORDINATE SERVICE] - Requested method to create coordinates' | 
01:31:35 | Info | '[COORDINATE SERVICE] - Requested method to get all coordinates' | 
01:31:35 | Info | '[COORDINATE SERVICE] - Requested method to get all coordinates' | 
01:31:35 | Info | '[COORDINATE SERVICE] - Requested method to get all coordinates' | 
01:31:35 | Info | '[COORDINATE SERVICE] - Requested method to get all coordinates' | 
01:31:35 | Info | '[COORDINATE CONTROLLER] - Requested method to create coordinate - Passing through the Coordinate Service' | 
01:31:35 | Info | '[COORDINATE SERVICE] - Requested method to create coordinates' | 
01:31:35 | Info | '[COORDINATE SERVICE] - Requested method to get all coordinates' | 
01:31:35 | Info | '[COORDINATE CONTROLLER] - Requested method to create coordinate - Passing through the Coordinate Service' | 
01:31:35 | Info | '[COORDINATE SERVICE] - Requested method to get all coordinates' | 
01:31:35 | Info | '[COORDINATE SERVICE] - Requested method to create coordinates' | 
01:31:35 | Info | '[COORDINATE CONTROLLER] - Requested method to create coordinate - Passing through the Coordinate Service' | 
01:31:35 | Info | '[COORDINATE SERVICE] - Requested method to create coordinates' | 
01:31:35 | Info | '[COORDINATE CONTROLLER] - Requested method to create coordinate - Passing through the Coordinate Service' | 
01:31:35 | Info | '[COORDINATE CONTROLLER] - Requested method to create coordinate - Passing through the Coordinate Service' | 
01:31:35 | Info | '[COORDINATE SERVICE] - Requested method to create coordinates' | 
01:31:35 | Info | '[COORDINATE SERVICE] - Requested method to create coordinates' | 
01:31:35 | Info | '[COORDINATE CONTROLLER] - Requested method to create coordinate - Passing through the Coordinate Service' | 
01:31:35 | Info | '[COORDINATE SERVICE] - Requested method to create coordinates' | 
01:31:35 | Info | '[COORDINATE CONTROLLER] - Requested method to create coordinate - Passing through the Coordinate Service' | 
01:31:35 | Info | '[COORDINATE SERVICE] - Requested method to create coordinates' | 
01:31:35 | Info | '[COORDINATE SERVICE] - Requested method to get all coordinates' | 
01:31:35 | Info | '[COORDINATE SERVICE] - Requested method to get all coordinates' | 
01:31:35 | Info | '[COORDINATE SERVICE] - Requested method to get all coordinates' | 
01:31:35 | Info | '[COORDINATE SERVICE] - Requested method to get all coordinates' | 
01:31:35 | Info | '[COORDINATE SERVICE] - Requested method to get all coordinates' | 
01:31:35 | Info | '[COORDINATE SERVICE] - Requested method to get all coordinates' | 
01:31:35 | Info | '[COORDINATE SERVICE] - Requested method to get all coordinates' | 
01:31:35 | Info | '[COORDINATE CONTROLLER] - Requested method to create coordinate - Passing through the Coordinate Service' | 
01:31:35 | Info | '[COORDINATE SERVICE] - Requested method to create coordinates' | 
01:31:35 | Info | '[COORDINATE CONTROLLER] - Requested method to create coordinate - Passing through the Coordinate Service' | 
01:31:35 | Info | '[COORDINATE SERVICE] - Requested method to create coordinates' | 
01:31:35 | Info | '[COORDINATE CONTROLLER] - Requested method to create coordinate - Passing through the Coordinate Service' | 
01:31:35 | Info | '[COORDINATE SERVICE] - Requested method to create coordinates' | 
01:31:35 | Info | '[COORDINATE CONTROLLER] - Requested method to create coordinate - Passing through the Coordinate Service' | 
01:31:35 | Info | '[COORDINATE SERVICE] - Requested method to create coordinates' | 
01:31:35 | Info | '[COORDINATE CONTROLLER] - Requested method to create coordinate - Passing through the Coordinate Service' | 
01:31:35 | Info | '[COORDINATE CONTROLLER] - Requested method to create coordinate - Passing through the Coordinate Service' | 
01:31:35 | Info | '[COORDINATE SERVICE] - Requested method to create coordinates' | 
01:31:35 | Info | '[COORDINATE CONTROLLER] - Requested method to create coordinate - Passing through the Coordinate Service' | 
01:31:35 | Info | '[COORDINATE SERVICE] - Requested method to create coordinates' | 
01:31:35 | Info | '[COORDINATE SERVICE] - Requested method to create coordinates' | 
01:31:35 | Info | '[COORDINATE SERVICE] - Requested method to get all coordinates' | 
01:31:35 | Info | '[COORDINATE SERVICE] - Requested method to get all coordinates' | 
01:31:35 | Info | '[COORDINATE SERVICE] - Requested method to get all coordinates' | 
01:31:35 | Info | '[COORDINATE SERVICE] - Requested method to get all coordinates' | 
01:31:35 | Info | '[COORDINATE SERVICE] - Requested method to get all coordinates' | 
01:31:35 | Info | '[COORDINATE SERVICE] - Requested method to get all coordinates' | 
01:31:35 | Info | '[COORDINATE CONTROLLER] - Requested method to create coordinate - Passing through the Coordinate Service' | 
01:31:35 | Info | '[COORDINATE SERVICE] - Requested method to create coordinates' | 
01:31:35 | Info | '[COORDINATE CONTROLLER] - Requested method to create coordinate - Passing through the Coordinate Service' | 
01:31:35 | Info | '[COORDINATE SERVICE] - Requested method to get all coordinates' | 
01:31:35 | Info | '[COORDINATE SERVICE] - Requested method to create coordinates' | 
01:31:35 | Info | '[COORDINATE CONTROLLER] - Requested method to create coordinate - Passing through the Coordinate Service' | 
01:31:35 | Info | '[COORDINATE SERVICE] - Requested method to create coordinates' | 
01:31:35 | Info | '[COORDINATE CONTROLLER] - Requested method to create coordinate - Passing through the Coordinate Service' | 
01:31:35 | Info | '[COORDINATE CONTROLLER] - Requested method to create coordinate - Passing through the Coordinate Service' | 
01:31:35 | Info | '[COORDINATE SERVICE] - Requested method to create coordinates' | 
01:31:35 | Info | '[COORDINATE SERVICE] - Requested method to create coordinates' | 
01:31:35 | Info | '[COORDINATE CONTROLLER] - Requested method to create coordinate - Passing through the Coordinate Service' | 
01:31:35 | Info | '[COORDINATE CONTROLLER] - Requested method to create coordinate - Passing through the Coordinate Service' | 
01:31:35 | Info | '[COORDINATE SERVICE] - Requested method to create coordinates' | 
01:31:35 | Info | '[COORDINATE SERVICE] - Requested method to create coordinates' | 
01:31:35 | Info | '[COORDINATE SERVICE] - Requested method to get all coordinates' | 
01:31:35 | Info | '[COORDINATE SERVICE] - Requested method to get all coordinates' | 
01:31:35 | Info | '[COORDINATE SERVICE] - Requested method to get all coordinates' | 
01:31:35 | Info | '[COORDINATE SERVICE] - Requested method to get all coordinates' | 
01:31:36 | Info | '[COORDINATE SERVICE] - Requested method to get all coordinates' | 
01:31:36 | Info | '[COORDINATE SERVICE] - Requested method to get all coordinates' | 
01:31:36 | Info | '[COORDINATE CONTROLLER] - Requested method to create coordinate - Passing through the Coordinate Service' | 
01:31:36 | Info | '[COORDINATE SERVICE] - Requested method to get all coordinates' | 
01:31:36 | Info | '[COORDINATE SERVICE] - Requested method to create coordinates' | 
01:31:36 | Info | '[COORDINATE CONTROLLER] - Requested method to create coordinate - Passing through the Coordinate Service' | 
01:31:36 | Info | '[COORDINATE SERVICE] - Requested method to create coordinates' | 
01:31:36 | Info | '[COORDINATE CONTROLLER] - Requested method to create coordinate - Passing through the Coordinate Service' | 
01:31:36 | Info | '[COORDINATE SERVICE] - Requested method to create coordinates' | 
01:31:36 | Info | '[COORDINATE CONTROLLER] - Requested method to create coordinate - Passing through the Coordinate Service' | 
01:31:36 | Info | '[COORDINATE SERVICE] - Requested method to create coordinates' | 
01:31:36 | Info | '[COORDINATE SERVICE] - Requested method to create coordinates' | 
01:31:36 | Info | '[COORDINATE SERVICE] - Requested method to create coordinates' | 
01:31:36 | Info | '[COORDINATE CONTROLLER] - Requested method to create coordinate - Passing through the Coordinate Service' | 
01:31:36 | Info | '[COORDINATE CONTROLLER] - Requested method to create coordinate - Passing through the Coordinate Service' | 
01:31:36 | Info | '[COORDINATE SERVICE] - Requested method to get all coordinates' | 
01:31:36 | Info | '[COORDINATE SERVICE] - Requested method to get all coordinates' | 
01:31:36 | Info | '[COORDINATE SERVICE] - Requested method to get all coordinates' | 
01:31:36 | Info | '[COORDINATE SERVICE] - Requested method to get all coordinates' | 
01:31:36 | Info | '[COORDINATE SERVICE] - Requested method to get all coordinates' | 
01:31:36 | Info | '[COORDINATE CONTROLLER] - Requested method to create coordinate - Passing through the Coordinate Service' | 
01:31:36 | Info | '[COORDINATE SERVICE] - Requested method to get all coordinates' | 
01:31:36 | Info | '[COORDINATE SERVICE] - Requested method to create coordinates' | 
01:31:36 | Info | '[COORDINATE CONTROLLER] - Requested method to create coordinate - Passing through the Coordinate Service' | 
01:31:36 | Info | '[COORDINATE SERVICE] - Requested method to create coordinates' | 
01:31:36 | Info | '[COORDINATE CONTROLLER] - Requested method to create coordinate - Passing through the Coordinate Service' | 
01:31:36 | Info | '[COORDINATE CONTROLLER] - Requested method to create coordinate - Passing through the Coordinate Service' | 
01:31:36 | Info | '[COORDINATE SERVICE] - Requested method to create coordinates' | 
01:31:36 | Info | '[COORDINATE SERVICE] - Requested method to create coordinates' | 
01:31:36 | Info | '[COORDINATE SERVICE] - Requested method to get all coordinates' | 
01:31:36 | Info | '[COORDINATE SERVICE] - Requested method to get all coordinates' | 
01:31:36 | Info | '[COORDINATE SERVICE] - Requested method to get all coordinates' | 
01:31:36 | Info | '[COORDINATE CONTROLLER] - Requested method to create coordinate - Passing through the Coordinate Service' | 
01:31:36 | Info | '[COORDINATE SERVICE] - Requested method to create coordinates' | 
01:31:36 | Info | '[COORDINATE CONTROLLER] - Requested method to create coordinate - Passing through the Coordinate Service' | 
01:31:36 | Info | '[COORDINATE CONTROLLER] - Requested method to create coordinate - Passing through the Coordinate Service' | 
01:31:36 | Info | '[COORDINATE SERVICE] - Requested method to create coordinates' | 
01:31:36 | Info | '[COORDINATE SERVICE] - Requested method to create coordinates' | 
01:31:36 | Info | '[COORDINATE CONTROLLER] - Requested method to create coordinate - Passing through the Coordinate Service' | 
01:31:36 | Info | '[COORDINATE SERVICE] - Requested method to create coordinates' | 
01:31:36 | Info | '[COORDINATE SERVICE] - Requested method to get all coordinates' | 
01:31:36 | Info | '[COORDINATE SERVICE] - Requested method to get all coordinates' | 
01:31:36 | Info | '[COORDINATE SERVICE] - Requested method to get all coordinates' | 
01:31:36 | Info | '[COORDINATE CONTROLLER] - Requested method to create coordinate - Passing through the Coordinate Service' | 
01:31:36 | Info | '[COORDINATE SERVICE] - Requested method to get all coordinates' | 
01:31:36 | Info | '[COORDINATE SERVICE] - Requested method to create coordinates' | 
01:31:36 | Info | '[COORDINATE CONTROLLER] - Requested method to create coordinate - Passing through the Coordinate Service' | 
01:31:36 | Info | '[COORDINATE SERVICE] - Requested method to get all coordinates' | 
01:31:36 | Info | '[COORDINATE SERVICE] - Requested method to create coordinates' | 
01:31:36 | Info | '[COORDINATE CONTROLLER] - Requested method to create coordinate - Passing through the Coordinate Service' | 
01:31:36 | Info | '[COORDINATE SERVICE] - Requested method to create coordinates' | 
01:31:36 | Info | '[COORDINATE CONTROLLER] - Requested method to create coordinate - Passing through the Coordinate Service' | 
01:31:36 | Info | '[COORDINATE SERVICE] - Requested method to create coordinates' | 
01:31:36 | Info | '[COORDINATE SERVICE] - Requested method to get all coordinates' | 
01:31:36 | Info | '[COORDINATE SERVICE] - Requested method to get all coordinates' | 
01:31:36 | Info | '[COORDINATE CONTROLLER] - Requested method to create coordinate - Passing through the Coordinate Service' | 
01:31:36 | Info | '[COORDINATE SERVICE] - Requested method to create coordinates' | 
01:31:36 | Info | '[COORDINATE SERVICE] - Requested method to create coordinates' | 
01:31:36 | Info | '[COORDINATE CONTROLLER] - Requested method to create coordinate - Passing through the Coordinate Service' | 
01:31:36 | Info | '[COORDINATE CONTROLLER] - Requested method to create coordinate - Passing through the Coordinate Service' | 
01:31:36 | Info | '[COORDINATE CONTROLLER] - Requested method to create coordinate - Passing through the Coordinate Service' | 
01:31:36 | Info | '[COORDINATE SERVICE] - Requested method to create coordinates' | 
01:31:36 | Info | '[COORDINATE SERVICE] - Requested method to create coordinates' | 
01:31:36 | Info | '[COORDINATE SERVICE] - Requested method to get all coordinates' | 
01:31:36 | Info | '[COORDINATE SERVICE] - Requested method to get all coordinates' | 
01:31:36 | Info | '[COORDINATE SERVICE] - Requested method to get all coordinates' | 
01:31:36 | Info | '[COORDINATE CONTROLLER] - Requested method to create coordinate - Passing through the Coordinate Service' | 
01:31:36 | Info | '[COORDINATE SERVICE] - Requested method to create coordinates' | 
01:31:36 | Info | '[COORDINATE SERVICE] - Requested method to get all coordinates' | 
01:31:36 | Info | '[COORDINATE SERVICE] - Requested method to get all coordinates' | 
01:31:36 | Info | '[COORDINATE SERVICE] - Requested method to get all coordinates' | 
01:31:36 | Info | '[COORDINATE CONTROLLER] - Requested method to create coordinate - Passing through the Coordinate Service' | 
01:31:36 | Info | '[COORDINATE SERVICE] - Requested method to create coordinates' | 
01:31:36 | Info | '[COORDINATE CONTROLLER] - Requested method to create coordinate - Passing through the Coordinate Service' | 
01:31:36 | Info | '[COORDINATE SERVICE] - Requested method to create coordinates' | 
01:31:36 | Info | '[COORDINATE CONTROLLER] - Requested method to create coordinate - Passing through the Coordinate Service' | 
01:31:36 | Info | '[COORDINATE SERVICE] - Requested method to create coordinates' | 
01:31:36 | Info | '[COORDINATE SERVICE] - Requested method to get all coordinates' | 
01:31:36 | Info | '[COORDINATE SERVICE] - Requested method to get all coordinates' | 
01:31:36 | Info | '[COORDINATE SERVICE] - Requested method to get all coordinates' | 
01:31:36 | Info | '[COORDINATE SERVICE] - Requested method to create coordinates' | 
01:31:36 | Info | '[COORDINATE SERVICE] - Requested method to get all coordinates' | 
01:31:36 | Info | '[COORDINATE CONTROLLER] - Requested method to create coordinate - Passing through the Coordinate Service' | 
01:31:36 | Info | '[COORDINATE CONTROLLER] - Requested method to create coordinate - Passing through the Coordinate Service' | 
01:31:36 | Info | '[COORDINATE SERVICE] - Requested method to create coordinates' | 
01:31:36 | Info | '[COORDINATE SERVICE] - Requested method to create coordinates' | 
01:31:36 | Info | '[COORDINATE CONTROLLER] - Requested method to create coordinate - Passing through the Coordinate Service' | 
01:31:36 | Info | '[COORDINATE SERVICE] - Requested method to get all coordinates' | 
01:31:36 | Info | '[COORDINATE SERVICE] - Requested method to get all coordinates' | 
01:31:36 | Info | '[COORDINATE SERVICE] - Requested method to get all coordinates' | 
01:31:36 | Info | '[COORDINATE CONTROLLER] - Requested method to create coordinate - Passing through the Coordinate Service' | 
01:31:36 | Info | '[COORDINATE SERVICE] - Requested method to create coordinates' | 
01:31:36 | Info | '[COORDINATE CONTROLLER] - Requested method to create coordinate - Passing through the Coordinate Service' | 
01:31:36 | Info | '[COORDINATE SERVICE] - Requested method to create coordinates' | 
01:31:36 | Info | '[COORDINATE CONTROLLER] - Requested method to create coordinate - Passing through the Coordinate Service' | 
01:31:36 | Info | '[COORDINATE SERVICE] - Requested method to create coordinates' | 
01:31:36 | Info | '[COORDINATE CONTROLLER] - Requested method to create coordinate - Passing through the Coordinate Service' | 
01:31:36 | Info | '[COORDINATE SERVICE] - Requested method to create coordinates' | 
01:31:36 | Info | '[COORDINATE SERVICE] - Requested method to get all coordinates' | 
01:31:36 | Info | '[COORDINATE SERVICE] - Requested method to get all coordinates' | 
01:31:36 | Info | '[COORDINATE SERVICE] - Requested method to get all coordinates' | 
01:31:36 | Info | '[COORDINATE SERVICE] - Requested method to create coordinates' | 
01:31:36 | Info | '[COORDINATE CONTROLLER] - Requested method to create coordinate - Passing through the Coordinate Service' | 
01:31:36 | Info | '[COORDINATE CONTROLLER] - Requested method to create coordinate - Passing through the Coordinate Service' | 
01:31:36 | Info | '[COORDINATE SERVICE] - Requested method to create coordinates' | 
01:31:36 | Info | '[COORDINATE CONTROLLER] - Requested method to create coordinate - Passing through the Coordinate Service' | 
01:31:36 | Info | '[COORDINATE CONTROLLER] - Requested method to create coordinate - Passing through the Coordinate Service' | 
01:31:36 | Info | '[COORDINATE SERVICE] - Requested method to create coordinates' | 
01:31:36 | Info | '[COORDINATE SERVICE] - Requested method to create coordinates' | 
01:31:36 | Info | '[COORDINATE SERVICE] - Requested method to create coordinates' | 
01:31:36 | Info | '[COORDINATE CONTROLLER] - Requested method to create coordinate - Passing through the Coordinate Service' | 
01:31:36 | Info | '[COORDINATE SERVICE] - Requested method to get all coordinates' | 
01:31:36 | Info | '[COORDINATE SERVICE] - Requested method to get all coordinates' | 
01:31:36 | Info | '[COORDINATE SERVICE] - Requested method to get all coordinates' | 
01:31:36 | Info | '[COORDINATE SERVICE] - Requested method to get all coordinates' | 
01:31:36 | Info | '[COORDINATE SERVICE] - Requested method to get all coordinates' | 
01:31:36 | Info | '[COORDINATE SERVICE] - Requested method to get all coordinates' | 
01:31:36 | Info | '[COORDINATE CONTROLLER] - Requested method to create coordinate - Passing through the Coordinate Service' | 
01:31:36 | Info | '[COORDINATE CONTROLLER] - Requested method to create coordinate - Passing through the Coordinate Service' | 
01:31:36 | Info | '[COORDINATE SERVICE] - Requested method to create coordinates' | 
01:31:36 | Info | '[COORDINATE SERVICE] - Requested method to create coordinates' | 
01:31:36 | Info | '[COORDINATE SERVICE] - Requested method to create coordinates' | 
01:31:36 | Info | '[COORDINATE CONTROLLER] - Requested method to create coordinate - Passing through the Coordinate Service' | 
01:31:36 | Info | '[COORDINATE SERVICE] - Requested method to create coordinates' | 
01:31:36 | Info | '[COORDINATE CONTROLLER] - Requested method to create coordinate - Passing through the Coordinate Service' | 
01:31:36 | Info | '[COORDINATE SERVICE] - Requested method to get all coordinates' | 
01:31:36 | Info | '[COORDINATE SERVICE] - Requested method to get all coordinates' | 
01:31:36 | Info | '[COORDINATE SERVICE] - Requested method to get all coordinates' | 
01:31:36 | Info | '[COORDINATE SERVICE] - Requested method to create coordinates' | 
01:31:36 | Info | '[COORDINATE CONTROLLER] - Requested method to create coordinate - Passing through the Coordinate Service' | 
01:31:36 | Info | '[COORDINATE SERVICE] - Requested method to create coordinates' | 
01:31:36 | Info | '[COORDINATE SERVICE] - Requested method to create coordinates' | 
01:31:36 | Info | '[COORDINATE CONTROLLER] - Requested method to create coordinate - Passing through the Coordinate Service' | 
01:31:36 | Info | '[COORDINATE SERVICE] - Requested method to create coordinates' | 
01:31:36 | Info | '[COORDINATE CONTROLLER] - Requested method to create coordinate - Passing through the Coordinate Service' | 
01:31:36 | Info | '[COORDINATE CONTROLLER] - Requested method to create coordinate - Passing through the Coordinate Service' | 
01:31:36 | Info | '[COORDINATE SERVICE] - Requested method to get all coordinates' | 
01:31:36 | Info | '[COORDINATE SERVICE] - Requested method to get all coordinates' | 
01:31:36 | Info | '[COORDINATE SERVICE] - Requested method to get all coordinates' | 
01:31:36 | Info | '[COORDINATE SERVICE] - Requested method to create coordinates' | 
01:31:36 | Info | '[COORDINATE CONTROLLER] - Requested method to create coordinate - Passing through the Coordinate Service' | 
01:31:36 | Info | '[COORDINATE SERVICE] - Requested method to get all coordinates' | 
01:31:36 | Info | '[COORDINATE SERVICE] - Requested method to get all coordinates' | 
01:31:36 | Info | '[COORDINATE CONTROLLER] - Requested method to create coordinate - Passing through the Coordinate Service' | 
01:31:36 | Info | '[COORDINATE SERVICE] - Requested method to create coordinates' | 
01:31:36 | Info | '[COORDINATE CONTROLLER] - Requested method to create coordinate - Passing through the Coordinate Service' | 
01:31:36 | Info | '[COORDINATE SERVICE] - Requested method to create coordinates' | 
01:31:36 | Info | '[COORDINATE CONTROLLER] - Requested method to create coordinate - Passing through the Coordinate Service' | 
01:31:36 | Info | '[COORDINATE SERVICE] - Requested method to create coordinates' | 
01:31:36 | Info | '[COORDINATE SERVICE] - Requested method to get all coordinates' | 
01:31:36 | Info | '[COORDINATE SERVICE] - Requested method to get all coordinates' | 
01:31:36 | Info | '[COORDINATE CONTROLLER] - Requested method to create coordinate - Passing through the Coordinate Service' | 
01:31:36 | Info | '[COORDINATE SERVICE] - Requested method to get all coordinates' | 
01:31:36 | Info | '[COORDINATE SERVICE] - Requested method to create coordinates' | 
01:31:36 | Info | '[COORDINATE CONTROLLER] - Requested method to create coordinate - Passing through the Coordinate Service' | 
01:31:36 | Info | '[COORDINATE CONTROLLER] - Requested method to create coordinate - Passing through the Coordinate Service' | 
01:31:36 | Info | '[COORDINATE SERVICE] - Requested method to create coordinates' | 
01:31:36 | Info | '[COORDINATE CONTROLLER] - Requested method to create coordinate - Passing through the Coordinate Service' | 
01:31:36 | Info | '[COORDINATE SERVICE] - Requested method to create coordinates' | 
01:31:36 | Info | '[COORDINATE SERVICE] - Requested method to create coordinates' | 
01:31:36 | Info | '[COORDINATE SERVICE] - Requested method to get all coordinates' | 
01:31:37 | Info | '[COORDINATE SERVICE] - Requested method to get all coordinates' | 
01:31:37 | Info | '[COORDINATE SERVICE] - Requested method to get all coordinates' | 
01:31:37 | Info | '[COORDINATE SERVICE] - Requested method to create coordinates' | 
01:31:37 | Info | '[COORDINATE SERVICE] - Requested method to get all coordinates' | 
01:31:37 | Info | '[COORDINATE CONTROLLER] - Requested method to create coordinate - Passing through the Coordinate Service' | 
01:31:37 | Info | '[COORDINATE SERVICE] - Requested method to get all coordinates' | 
01:31:37 | Info | '[COORDINATE CONTROLLER] - Requested method to create coordinate - Passing through the Coordinate Service' | 
01:31:37 | Info | '[COORDINATE SERVICE] - Requested method to create coordinates' | 
01:31:37 | Info | '[COORDINATE CONTROLLER] - Requested method to create coordinate - Passing through the Coordinate Service' | 
01:31:37 | Info | '[COORDINATE SERVICE] - Requested method to create coordinates' | 
01:31:37 | Info | '[COORDINATE CONTROLLER] - Requested method to create coordinate - Passing through the Coordinate Service' | 
01:31:37 | Info | '[COORDINATE SERVICE] - Requested method to create coordinates' | 
01:31:37 | Info | '[COORDINATE SERVICE] - Requested method to get all coordinates' | 
01:31:37 | Info | '[COORDINATE SERVICE] - Requested method to get all coordinates' | 
01:31:37 | Info | '[COORDINATE SERVICE] - Requested method to get all coordinates' | 
01:31:37 | Info | '[COORDINATE SERVICE] - Requested method to create coordinates' | 
01:31:37 | Info | '[COORDINATE CONTROLLER] - Requested method to create coordinate - Passing through the Coordinate Service' | 
01:31:37 | Info | '[COORDINATE CONTROLLER] - Requested method to create coordinate - Passing through the Coordinate Service' | 
01:31:37 | Info | '[COORDINATE SERVICE] - Requested method to create coordinates' | 
01:31:37 | Info | '[COORDINATE CONTROLLER] - Requested method to create coordinate - Passing through the Coordinate Service' | 
01:31:37 | Info | '[COORDINATE SERVICE] - Requested method to create coordinates' | 
01:31:37 | Info | '[COORDINATE SERVICE] - Requested method to create coordinates' | 
01:31:37 | Info | '[COORDINATE CONTROLLER] - Requested method to create coordinate - Passing through the Coordinate Service' | 
01:31:37 | Info | '[COORDINATE SERVICE] - Requested method to get all coordinates' | 
01:31:37 | Info | '[COORDINATE SERVICE] - Requested method to get all coordinates' | 
01:31:37 | Info | '[COORDINATE SERVICE] - Requested method to get all coordinates' | 
01:31:37 | Info | '[COORDINATE CONTROLLER] - Requested method to create coordinate - Passing through the Coordinate Service' | 
01:31:37 | Info | '[COORDINATE SERVICE] - Requested method to create coordinates' | 
01:31:37 | Info | '[COORDINATE SERVICE] - Requested method to get all coordinates' | 
01:31:37 | Info | '[COORDINATE SERVICE] - Requested method to get all coordinates' | 
01:31:37 | Info | '[COORDINATE CONTROLLER] - Requested method to create coordinate - Passing through the Coordinate Service' | 
01:31:37 | Info | '[COORDINATE SERVICE] - Requested method to create coordinates' | 
01:31:37 | Info | '[COORDINATE SERVICE] - Requested method to create coordinates' | 
01:31:37 | Info | '[COORDINATE CONTROLLER] - Requested method to create coordinate - Passing through the Coordinate Service' | 
01:31:37 | Info | '[COORDINATE SERVICE] - Requested method to create coordinates' | 
01:31:37 | Info | '[COORDINATE CONTROLLER] - Requested method to create coordinate - Passing through the Coordinate Service' | 
01:31:37 | Info | '[COORDINATE SERVICE] - Requested method to get all coordinates' | 
01:31:37 | Info | '[COORDINATE SERVICE] - Requested method to get all coordinates' | 
01:31:37 | Info | '[COORDINATE CONTROLLER] - Requested method to create coordinate - Passing through the Coordinate Service' | 
01:31:37 | Info | '[COORDINATE SERVICE] - Requested method to get all coordinates' | 
01:31:37 | Info | '[COORDINATE SERVICE] - Requested method to create coordinates' | 
01:31:37 | Info | '[COORDINATE SERVICE] - Requested method to create coordinates' | 
01:31:37 | Info | '[COORDINATE SERVICE] - Requested method to create coordinates' | 
01:31:37 | Info | '[COORDINATE CONTROLLER] - Requested method to create coordinate - Passing through the Coordinate Service' | 
01:31:37 | Info | '[COORDINATE CONTROLLER] - Requested method to create coordinate - Passing through the Coordinate Service' | 
01:31:37 | Info | '[COORDINATE CONTROLLER] - Requested method to create coordinate - Passing through the Coordinate Service' | 
01:31:37 | Info | '[COORDINATE SERVICE] - Requested method to create coordinates' | 
01:31:37 | Info | '[COORDINATE SERVICE] - Requested method to get all coordinates' | 
01:31:37 | Info | '[COORDINATE SERVICE] - Requested method to get all coordinates' | 
01:31:37 | Info | '[COORDINATE SERVICE] - Requested method to get all coordinates' | 
01:31:37 | Info | '[COORDINATE SERVICE] - Requested method to get all coordinates' | 
01:31:37 | Info | '[COORDINATE CONTROLLER] - Requested method to create coordinate - Passing through the Coordinate Service' | 
01:31:37 | Info | '[COORDINATE SERVICE] - Requested method to create coordinates' | 
01:31:37 | Info | '[COORDINATE SERVICE] - Requested method to get all coordinates' | 
01:31:37 | Info | '[COORDINATE SERVICE] - Requested method to create coordinates' | 
01:31:37 | Info | '[COORDINATE CONTROLLER] - Requested method to create coordinate - Passing through the Coordinate Service' | 
01:31:37 | Info | '[COORDINATE CONTROLLER] - Requested method to create coordinate - Passing through the Coordinate Service' | 
01:31:37 | Info | '[COORDINATE SERVICE] - Requested method to create coordinates' | 
01:31:37 | Info | '[COORDINATE SERVICE] - Requested method to create coordinates' | 
01:31:37 | Info | '[COORDINATE CONTROLLER] - Requested method to create coordinate - Passing through the Coordinate Service' | 
01:31:37 | Info | '[COORDINATE SERVICE] - Requested method to get all coordinates' | 
01:31:37 | Info | '[COORDINATE SERVICE] - Requested method to get all coordinates' | 
01:31:37 | Info | '[COORDINATE SERVICE] - Requested method to get all coordinates' | 
01:31:37 | Info | '[COORDINATE CONTROLLER] - Requested method to create coordinate - Passing through the Coordinate Service' | 
01:31:37 | Info | '[COORDINATE SERVICE] - Requested method to create coordinates' | 
01:31:37 | Info | '[COORDINATE CONTROLLER] - Requested method to create coordinate - Passing through the Coordinate Service' | 
01:31:37 | Info | '[COORDINATE SERVICE] - Requested method to create coordinates' | 
01:31:37 | Info | '[COORDINATE CONTROLLER] - Requested method to create coordinate - Passing through the Coordinate Service' | 
01:31:37 | Info | '[COORDINATE CONTROLLER] - Requested method to create coordinate - Passing through the Coordinate Service' | 
01:31:37 | Info | '[COORDINATE SERVICE] - Requested method to create coordinates' | 
01:31:37 | Info | '[COORDINATE SERVICE] - Requested method to create coordinates' | 
01:31:37 | Info | '[COORDINATE SERVICE] - Requested method to get all coordinates' | 
01:31:37 | Info | '[COORDINATE SERVICE] - Requested method to get all coordinates' | 
01:31:37 | Info | '[COORDINATE CONTROLLER] - Requested method to create coordinate - Passing through the Coordinate Service' | 
01:31:37 | Info | '[COORDINATE SERVICE] - Requested method to get all coordinates' | 
01:31:37 | Info | '[COORDINATE SERVICE] - Requested method to get all coordinates' | 
01:31:37 | Info | '[COORDINATE SERVICE] - Requested method to create coordinates' | 
01:31:37 | Info | '[COORDINATE SERVICE] - Requested method to get all coordinates' | 
01:31:37 | Info | '[COORDINATE CONTROLLER] - Requested method to create coordinate - Passing through the Coordinate Service' | 
01:31:37 | Info | '[COORDINATE CONTROLLER] - Requested method to create coordinate - Passing through the Coordinate Service' | 
01:31:37 | Info | '[COORDINATE SERVICE] - Requested method to create coordinates' | 
01:31:37 | Info | '[COORDINATE CONTROLLER] - Requested method to create coordinate - Passing through the Coordinate Service' | 
01:31:37 | Info | '[COORDINATE SERVICE] - Requested method to create coordinates' | 
01:31:37 | Info | '[COORDINATE SERVICE] - Requested method to create coordinates' | 
01:31:37 | Info | '[COORDINATE SERVICE] - Requested method to get all coordinates' | 
01:31:37 | Info | '[COORDINATE SERVICE] - Requested method to create coordinates' | 
01:31:37 | Info | '[COORDINATE SERVICE] - Requested method to get all coordinates' | 
01:31:37 | Info | '[COORDINATE CONTROLLER] - Requested method to create coordinate - Passing through the Coordinate Service' | 
01:31:37 | Info | '[COORDINATE SERVICE] - Requested method to get all coordinates' | 
01:31:37 | Info | '[COORDINATE CONTROLLER] - Requested method to create coordinate - Passing through the Coordinate Service' | 
01:31:37 | Info | '[COORDINATE SERVICE] - Requested method to create coordinates' | 
01:31:37 | Info | '[COORDINATE CONTROLLER] - Requested method to create coordinate - Passing through the Coordinate Service' | 
01:31:37 | Info | '[COORDINATE SERVICE] - Requested method to create coordinates' | 
01:31:37 | Info | '[COORDINATE SERVICE] - Requested method to create coordinates' | 
01:31:37 | Info | '[COORDINATE CONTROLLER] - Requested method to create coordinate - Passing through the Coordinate Service' | 
01:31:37 | Info | '[COORDINATE SERVICE] - Requested method to get all coordinates' | 
01:31:37 | Info | '[COORDINATE CONTROLLER] - Requested method to create coordinate - Passing through the Coordinate Service' | 
01:31:37 | Info | '[COORDINATE SERVICE] - Requested method to get all coordinates' | 
01:31:37 | Info | '[COORDINATE SERVICE] - Requested method to get all coordinates' | 
01:31:37 | Info | '[COORDINATE SERVICE] - Requested method to get all coordinates' | 
01:31:37 | Info | '[COORDINATE SERVICE] - Requested method to create coordinates' | 
01:31:37 | Info | '[COORDINATE SERVICE] - Requested method to get all coordinates' | 
01:31:37 | Info | '[COORDINATE SERVICE] - Requested method to create coordinates' | 
01:31:37 | Info | '[COORDINATE CONTROLLER] - Requested method to create coordinate - Passing through the Coordinate Service' | 
01:31:37 | Info | '[COORDINATE CONTROLLER] - Requested method to create coordinate - Passing through the Coordinate Service' | 
01:31:37 | Info | '[COORDINATE SERVICE] - Requested method to create coordinates' | 
01:31:37 | Info | '[COORDINATE SERVICE] - Requested method to create coordinates' | 
01:31:37 | Info | '[COORDINATE CONTROLLER] - Requested method to create coordinate - Passing through the Coordinate Service' | 
01:31:37 | Info | '[COORDINATE SERVICE] - Requested method to get all coordinates' | 
01:31:37 | Info | '[COORDINATE SERVICE] - Requested method to get all coordinates' | 
01:31:37 | Info | '[COORDINATE SERVICE] - Requested method to create coordinates' | 
01:31:37 | Info | '[COORDINATE CONTROLLER] - Requested method to create coordinate - Passing through the Coordinate Service' | 
01:31:37 | Info | '[COORDINATE SERVICE] - Requested method to get all coordinates' | 
01:31:37 | Info | '[COORDINATE CONTROLLER] - Requested method to create coordinate - Passing through the Coordinate Service' | 
01:31:37 | Info | '[COORDINATE SERVICE] - Requested method to create coordinates' | 
01:31:37 | Info | '[COORDINATE CONTROLLER] - Requested method to create coordinate - Passing through the Coordinate Service' | 
01:31:37 | Info | '[COORDINATE SERVICE] - Requested method to create coordinates' | 
01:31:37 | Info | '[COORDINATE CONTROLLER] - Requested method to create coordinate - Passing through the Coordinate Service' | 
01:31:37 | Info | '[COORDINATE SERVICE] - Requested method to create coordinates' | 
01:31:37 | Info | '[COORDINATE SERVICE] - Requested method to get all coordinates' | 
01:31:37 | Info | '[COORDINATE SERVICE] - Requested method to get all coordinates' | 
01:31:37 | Info | '[COORDINATE CONTROLLER] - Requested method to create coordinate - Passing through the Coordinate Service' | 
01:31:37 | Info | '[COORDINATE SERVICE] - Requested method to get all coordinates' | 
01:31:37 | Info | '[COORDINATE SERVICE] - Requested method to get all coordinates' | 
01:31:37 | Info | '[COORDINATE SERVICE] - Requested method to create coordinates' | 
01:31:37 | Info | '[COORDINATE SERVICE] - Requested method to get all coordinates' | 
01:31:37 | Info | '[COORDINATE SERVICE] - Requested method to create coordinates' | 
01:31:37 | Info | '[COORDINATE CONTROLLER] - Requested method to create coordinate - Passing through the Coordinate Service' | 
01:31:37 | Info | '[COORDINATE SERVICE] - Requested method to create coordinates' | 
01:31:37 | Info | '[COORDINATE CONTROLLER] - Requested method to create coordinate - Passing through the Coordinate Service' | 
01:31:37 | Info | '[COORDINATE CONTROLLER] - Requested method to create coordinate - Passing through the Coordinate Service' | 
01:31:37 | Info | '[COORDINATE SERVICE] - Requested method to create coordinates' | 
01:31:37 | Info | '[COORDINATE SERVICE] - Requested method to get all coordinates' | 
01:31:37 | Info | '[COORDINATE SERVICE] - Requested method to get all coordinates' | 
01:31:37 | Info | '[COORDINATE SERVICE] - Requested method to get all coordinates' | 
01:31:37 | Info | '[COORDINATE CONTROLLER] - Requested method to create coordinate - Passing through the Coordinate Service' | 
01:31:37 | Info | '[COORDINATE SERVICE] - Requested method to create coordinates' | 
01:31:37 | Info | '[COORDINATE CONTROLLER] - Requested method to create coordinate - Passing through the Coordinate Service' | 
01:31:37 | Info | '[COORDINATE SERVICE] - Requested method to create coordinates' | 
01:31:37 | Info | '[COORDINATE CONTROLLER] - Requested method to create coordinate - Passing through the Coordinate Service' | 
01:31:37 | Info | '[COORDINATE SERVICE] - Requested method to create coordinates' | 
01:31:37 | Info | '[COORDINATE CONTROLLER] - Requested method to create coordinate - Passing through the Coordinate Service' | 
01:31:37 | Info | '[COORDINATE SERVICE] - Requested method to create coordinates' | 
01:31:37 | Info | '[COORDINATE SERVICE] - Requested method to get all coordinates' | 
01:31:37 | Info | '[COORDINATE SERVICE] - Requested method to get all coordinates' | 
01:31:37 | Info | '[COORDINATE SERVICE] - Requested method to create coordinates' | 
01:31:37 | Info | '[COORDINATE CONTROLLER] - Requested method to create coordinate - Passing through the Coordinate Service' | 
01:31:37 | Info | '[COORDINATE SERVICE] - Requested method to get all coordinates' | 
01:31:37 | Info | '[COORDINATE SERVICE] - Requested method to get all coordinates' | 
01:31:37 | Info | '[COORDINATE SERVICE] - Requested method to get all coordinates' | 
01:31:38 | Info | '[COORDINATE SERVICE] - Requested method to create coordinates' | 
01:31:38 | Info | '[COORDINATE CONTROLLER] - Requested method to create coordinate - Passing through the Coordinate Service' | 
01:31:38 | Info | '[COORDINATE SERVICE] - Requested method to create coordinates' | 
01:31:38 | Info | '[COORDINATE CONTROLLER] - Requested method to create coordinate - Passing through the Coordinate Service' | 
01:31:38 | Info | '[COORDINATE SERVICE] - Requested method to create coordinates' | 
01:31:38 | Info | '[COORDINATE CONTROLLER] - Requested method to create coordinate - Passing through the Coordinate Service' | 
01:31:38 | Info | '[COORDINATE SERVICE] - Requested method to create coordinates' | 
01:31:38 | Info | '[COORDINATE CONTROLLER] - Requested method to create coordinate - Passing through the Coordinate Service' | 
01:31:38 | Info | '[COORDINATE SERVICE] - Requested method to get all coordinates' | 
01:31:38 | Info | '[COORDINATE SERVICE] - Requested method to get all coordinates' | 
01:31:38 | Info | '[COORDINATE CONTROLLER] - Requested method to create coordinate - Passing through the Coordinate Service' | 
01:31:38 | Info | '[COORDINATE SERVICE] - Requested method to get all coordinates' | 
01:31:38 | Info | '[COORDINATE CONTROLLER] - Requested method to create coordinate - Passing through the Coordinate Service' | 
01:31:38 | Info | '[COORDINATE SERVICE] - Requested method to create coordinates' | 
01:31:38 | Info | '[COORDINATE SERVICE] - Requested method to create coordinates' | 
01:31:38 | Info | '[COORDINATE CONTROLLER] - Requested method to create coordinate - Passing through the Coordinate Service' | 
01:31:38 | Info | '[COORDINATE SERVICE] - Requested method to create coordinates' | 
01:31:38 | Info | '[COORDINATE SERVICE] - Requested method to get all coordinates' | 
01:31:38 | Info | '[COORDINATE SERVICE] - Requested method to get all coordinates' | 
01:31:38 | Info | '[COORDINATE CONTROLLER] - Requested method to create coordinate - Passing through the Coordinate Service' | 
01:31:38 | Info | '[COORDINATE SERVICE] - Requested method to get all coordinates' | 
01:31:38 | Info | '[COORDINATE SERVICE] - Requested method to create coordinates' | 
01:31:38 | Info | '[COORDINATE SERVICE] - Requested method to get all coordinates' | 
01:31:38 | Info | '[COORDINATE CONTROLLER] - Requested method to create coordinate - Passing through the Coordinate Service' | 
01:31:38 | Info | '[COORDINATE SERVICE] - Requested method to get all coordinates' | 
01:31:38 | Info | '[COORDINATE CONTROLLER] - Requested method to create coordinate - Passing through the Coordinate Service' | 
01:31:38 | Info | '[COORDINATE SERVICE] - Requested method to create coordinates' | 
01:31:38 | Info | '[COORDINATE SERVICE] - Requested method to create coordinates' | 
01:31:38 | Info | '[COORDINATE CONTROLLER] - Requested method to create coordinate - Passing through the Coordinate Service' | 
01:31:38 | Info | '[COORDINATE SERVICE] - Requested method to create coordinates' | 
01:31:38 | Info | '[COORDINATE SERVICE] - Requested method to get all coordinates' | 
01:31:38 | Info | '[COORDINATE SERVICE] - Requested method to get all coordinates' | 
01:31:38 | Info | '[COORDINATE SERVICE] - Requested method to get all coordinates' | 
01:31:38 | Info | '[COORDINATE SERVICE] - Requested method to create coordinates' | 
01:31:38 | Info | '[COORDINATE CONTROLLER] - Requested method to create coordinate - Passing through the Coordinate Service' | 
01:31:38 | Info | '[COORDINATE SERVICE] - Requested method to create coordinates' | 
01:31:38 | Info | '[COORDINATE CONTROLLER] - Requested method to create coordinate - Passing through the Coordinate Service' | 
01:31:38 | Info | '[COORDINATE SERVICE] - Requested method to create coordinates' | 
01:31:38 | Info | '[COORDINATE CONTROLLER] - Requested method to create coordinate - Passing through the Coordinate Service' | 
01:31:38 | Info | '[COORDINATE SERVICE] - Requested method to get all coordinates' | 
01:31:38 | Info | '[COORDINATE SERVICE] - Requested method to get all coordinates' | 
01:31:38 | Info | '[COORDINATE CONTROLLER] - Requested method to create coordinate - Passing through the Coordinate Service' | 
01:31:38 | Info | '[COORDINATE SERVICE] - Requested method to create coordinates' | 
01:31:38 | Info | '[COORDINATE SERVICE] - Requested method to get all coordinates' | 
01:31:38 | Info | '[COORDINATE SERVICE] - Requested method to create coordinates' | 
01:31:38 | Info | '[COORDINATE CONTROLLER] - Requested method to create coordinate - Passing through the Coordinate Service' | 
01:31:38 | Info | '[COORDINATE SERVICE] - Requested method to get all coordinates' | 
01:31:38 | Info | '[COORDINATE SERVICE] - Requested method to create coordinates' | 
01:31:38 | Info | '[COORDINATE CONTROLLER] - Requested method to create coordinate - Passing through the Coordinate Service' | 
01:31:38 | Info | '[COORDINATE CONTROLLER] - Requested method to create coordinate - Passing through the Coordinate Service' | 
01:31:38 | Info | '[COORDINATE SERVICE] - Requested method to create coordinates' | 
01:31:38 | Info | '[COORDINATE CONTROLLER] - Requested method to create coordinate - Passing through the Coordinate Service' | 
01:31:38 | Info | '[COORDINATE SERVICE] - Requested method to create coordinates' | 
01:31:38 | Info | '[COORDINATE SERVICE] - Requested method to get all coordinates' | 
01:31:38 | Info | '[COORDINATE SERVICE] - Requested method to get all coordinates' | 
01:31:38 | Info | '[COORDINATE SERVICE] - Requested method to create coordinates' | 
01:31:38 | Info | '[COORDINATE CONTROLLER] - Requested method to create coordinate - Passing through the Coordinate Service' | 
01:31:38 | Info | '[COORDINATE CONTROLLER] - Requested method to create coordinate - Passing through the Coordinate Service' | 
01:31:38 | Info | '[COORDINATE CONTROLLER] - Requested method to create coordinate - Passing through the Coordinate Service' | 
01:31:38 | Info | '[COORDINATE SERVICE] - Requested method to create coordinates' | 
01:31:38 | Info | '[COORDINATE SERVICE] - Requested method to create coordinates' | 
01:31:38 | Info | '[COORDINATE SERVICE] - Requested method to get all coordinates' | 
01:31:38 | Info | '[COORDINATE SERVICE] - Requested method to get all coordinates' | 
01:31:38 | Info | '[COORDINATE SERVICE] - Requested method to get all coordinates' | 
01:31:38 | Info | '[COORDINATE SERVICE] - Requested method to get all coordinates' | 
01:31:38 | Info | '[COORDINATE SERVICE] - Requested method to get all coordinates' | 
01:31:38 | Info | '[COORDINATE SERVICE] - Requested method to create coordinates' | 
01:31:38 | Info | '[COORDINATE CONTROLLER] - Requested method to create coordinate - Passing through the Coordinate Service' | 
01:31:38 | Info | '[COORDINATE CONTROLLER] - Requested method to create coordinate - Passing through the Coordinate Service' | 
01:31:38 | Info | '[COORDINATE SERVICE] - Requested method to create coordinates' | 
01:31:38 | Info | '[COORDINATE SERVICE] - Requested method to get all coordinates' | 
01:31:38 | Info | '[COORDINATE SERVICE] - Requested method to create coordinates' | 
01:31:38 | Info | '[COORDINATE CONTROLLER] - Requested method to create coordinate - Passing through the Coordinate Service' | 
01:31:38 | Info | '[COORDINATE CONTROLLER] - Requested method to create coordinate - Passing through the Coordinate Service' | 
01:31:38 | Info | '[COORDINATE SERVICE] - Requested method to create coordinates' | 
01:31:38 | Info | '[COORDINATE SERVICE] - Requested method to get all coordinates' | 
01:31:38 | Info | '[COORDINATE SERVICE] - Requested method to get all coordinates' | 
01:31:38 | Info | '[COORDINATE SERVICE] - Requested method to get all coordinates' | 
01:31:38 | Info | '[COORDINATE SERVICE] - Requested method to create coordinates' | 
01:31:38 | Info | '[COORDINATE CONTROLLER] - Requested method to create coordinate - Passing through the Coordinate Service' | 
01:31:38 | Info | '[COORDINATE CONTROLLER] - Requested method to create coordinate - Passing through the Coordinate Service' | 
01:31:38 | Info | '[COORDINATE CONTROLLER] - Requested method to create coordinate - Passing through the Coordinate Service' | 
01:31:38 | Info | '[COORDINATE SERVICE] - Requested method to create coordinates' | 
01:31:38 | Info | '[COORDINATE SERVICE] - Requested method to create coordinates' | 
01:31:38 | Info | '[COORDINATE CONTROLLER] - Requested method to create coordinate - Passing through the Coordinate Service' | 
01:31:38 | Info | '[COORDINATE SERVICE] - Requested method to create coordinates' | 
01:31:38 | Info | '[COORDINATE SERVICE] - Requested method to get all coordinates' | 
01:31:38 | Info | '[COORDINATE SERVICE] - Requested method to get all coordinates' | 
01:31:38 | Info | '[COORDINATE SERVICE] - Requested method to get all coordinates' | 
01:31:38 | Info | '[COORDINATE SERVICE] - Requested method to get all coordinates' | 
01:31:38 | Info | '[COORDINATE SERVICE] - Requested method to get all coordinates' | 
01:31:38 | Info | '[COORDINATE CONTROLLER] - Requested method to create coordinate - Passing through the Coordinate Service' | 
01:31:38 | Info | '[COORDINATE SERVICE] - Requested method to create coordinates' | 
01:31:38 | Info | '[COORDINATE SERVICE] - Requested method to create coordinates' | 
01:31:38 | Info | '[COORDINATE CONTROLLER] - Requested method to create coordinate - Passing through the Coordinate Service' | 
01:31:38 | Info | '[COORDINATE CONTROLLER] - Requested method to create coordinate - Passing through the Coordinate Service' | 
01:31:38 | Info | '[COORDINATE CONTROLLER] - Requested method to create coordinate - Passing through the Coordinate Service' | 
01:31:38 | Info | '[COORDINATE SERVICE] - Requested method to create coordinates' | 
01:31:38 | Info | '[COORDINATE CONTROLLER] - Requested method to create coordinate - Passing through the Coordinate Service' | 
01:31:38 | Info | '[COORDINATE SERVICE] - Requested method to create coordinates' | 
01:31:38 | Info | '[COORDINATE SERVICE] - Requested method to create coordinates' | 
01:31:38 | Info | '[COORDINATE CONTROLLER] - Requested method to create coordinate - Passing through the Coordinate Service' | 
01:31:38 | Info | '[COORDINATE SERVICE] - Requested method to create coordinates' | 
01:31:38 | Info | '[COORDINATE CONTROLLER] - Requested method to create coordinate - Passing through the Coordinate Service' | 
01:31:38 | Info | '[COORDINATE SERVICE] - Requested method to create coordinates' | 
01:31:38 | Info | '[COORDINATE CONTROLLER] - Requested method to create coordinate - Passing through the Coordinate Service' | 
01:31:38 | Info | '[COORDINATE SERVICE] - Requested method to create coordinates' | 
01:31:38 | Info | '[COORDINATE SERVICE] - Requested method to get all coordinates' | 
01:31:38 | Info | '[COORDINATE SERVICE] - Requested method to get all coordinates' | 
01:31:38 | Info | '[COORDINATE SERVICE] - Requested method to get all coordinates' | 
01:31:38 | Info | '[COORDINATE SERVICE] - Requested method to get all coordinates' | 
01:31:38 | Info | '[COORDINATE CONTROLLER] - Requested method to create coordinate - Passing through the Coordinate Service' | 
01:31:38 | Info | '[COORDINATE SERVICE] - Requested method to get all coordinates' | 
01:31:38 | Info | '[COORDINATE SERVICE] - Requested method to create coordinates' | 
01:31:38 | Info | '[COORDINATE SERVICE] - Requested method to get all coordinates' | 
01:31:38 | Info | '[COORDINATE SERVICE] - Requested method to get all coordinates' | 
01:31:38 | Info | '[COORDINATE SERVICE] - Requested method to get all coordinates' | 
01:31:38 | Info | '[COORDINATE CONTROLLER] - Requested method to create coordinate - Passing through the Coordinate Service' | 
01:31:38 | Info | '[COORDINATE SERVICE] - Requested method to create coordinates' | 
01:31:38 | Info | '[COORDINATE CONTROLLER] - Requested method to create coordinate - Passing through the Coordinate Service' | 
01:31:38 | Info | '[COORDINATE SERVICE] - Requested method to create coordinates' | 
01:31:38 | Info | '[COORDINATE SERVICE] - Requested method to get all coordinates' | 
01:31:38 | Info | '[COORDINATE SERVICE] - Requested method to get all coordinates' | 
01:31:38 | Info | '[COORDINATE CONTROLLER] - Requested method to create coordinate - Passing through the Coordinate Service' | 
01:31:38 | Info | '[COORDINATE SERVICE] - Requested method to get all coordinates' | 
01:31:38 | Info | '[COORDINATE SERVICE] - Requested method to create coordinates' | 
01:31:38 | Info | '[COORDINATE CONTROLLER] - Requested method to create coordinate - Passing through the Coordinate Service' | 
01:31:38 | Info | '[COORDINATE CONTROLLER] - Requested method to create coordinate - Passing through the Coordinate Service' | 
01:31:38 | Info | '[COORDINATE SERVICE] - Requested method to create coordinates' | 
01:31:38 | Info | '[COORDINATE SERVICE] - Requested method to create coordinates' | 
01:31:38 | Info | '[COORDINATE SERVICE] - Requested method to get all coordinates' | 
01:31:38 | Info | '[COORDINATE SERVICE] - Requested method to get all coordinates' | 
01:31:38 | Info | '[COORDINATE SERVICE] - Requested method to get all coordinates' | 
01:31:38 | Info | '[COORDINATE CONTROLLER] - Requested method to create coordinate - Passing through the Coordinate Service' | 
01:31:38 | Info | '[COORDINATE SERVICE] - Requested method to create coordinates' | 
01:31:38 | Info | '[COORDINATE CONTROLLER] - Requested method to create coordinate - Passing through the Coordinate Service' | 
01:31:38 | Info | '[COORDINATE SERVICE] - Requested method to create coordinates' | 
01:31:38 | Info | '[COORDINATE CONTROLLER] - Requested method to create coordinate - Passing through the Coordinate Service' | 
01:31:38 | Info | '[COORDINATE SERVICE] - Requested method to create coordinates' | 
01:31:38 | Info | '[COORDINATE CONTROLLER] - Requested method to create coordinate - Passing through the Coordinate Service' | 
01:31:38 | Info | '[COORDINATE SERVICE] - Requested method to create coordinates' | 
01:31:38 | Info | '[COORDINATE CONTROLLER] - Requested method to create coordinate - Passing through the Coordinate Service' | 
01:31:38 | Info | '[COORDINATE CONTROLLER] - Requested method to create coordinate - Passing through the Coordinate Service' | 
01:31:38 | Info | '[COORDINATE SERVICE] - Requested method to create coordinates' | 
01:31:38 | Info | '[COORDINATE SERVICE] - Requested method to create coordinates' | 
01:31:38 | Info | '[COORDINATE SERVICE] - Requested method to get all coordinates' | 
01:31:38 | Info | '[COORDINATE SERVICE] - Requested method to get all coordinates' | 
01:31:38 | Info | '[COORDINATE SERVICE] - Requested method to get all coordinates' | 
01:31:38 | Info | '[COORDINATE SERVICE] - Requested method to get all coordinates' | 
01:31:39 | Info | '[COORDINATE SERVICE] - Requested method to create coordinates' | 
01:31:39 | Info | '[COORDINATE CONTROLLER] - Requested method to create coordinate - Passing through the Coordinate Service' | 
01:31:39 | Info | '[COORDINATE SERVICE] - Requested method to create coordinates' | 
01:31:39 | Info | '[COORDINATE CONTROLLER] - Requested method to create coordinate - Passing through the Coordinate Service' | 
01:31:39 | Info | '[COORDINATE SERVICE] - Requested method to create coordinates' | 
01:31:38 | Info | '[COORDINATE SERVICE] - Requested method to get all coordinates' | 
01:31:39 | Info | '[COORDINATE CONTROLLER] - Requested method to create coordinate - Passing through the Coordinate Service' | 
01:31:39 | Info | '[COORDINATE SERVICE] - Requested method to get all coordinates' | 
01:31:39 | Info | '[COORDINATE SERVICE] - Requested method to get all coordinates' | 
01:31:39 | Info | '[COORDINATE CONTROLLER] - Requested method to create coordinate - Passing through the Coordinate Service' | 
01:31:39 | Info | '[COORDINATE SERVICE] - Requested method to create coordinates' | 
01:31:39 | Info | '[COORDINATE SERVICE] - Requested method to create coordinates' | 
01:31:39 | Info | '[COORDINATE CONTROLLER] - Requested method to create coordinate - Passing through the Coordinate Service' | 
01:31:39 | Info | '[COORDINATE SERVICE] - Requested method to get all coordinates' | 
01:31:39 | Info | '[COORDINATE CONTROLLER] - Requested method to create coordinate - Passing through the Coordinate Service' | 
01:31:39 | Info | '[COORDINATE SERVICE] - Requested method to create coordinates' | 
01:31:39 | Info | '[COORDINATE SERVICE] - Requested method to get all coordinates' | 
01:31:39 | Info | '[COORDINATE SERVICE] - Requested method to get all coordinates' | 
01:31:39 | Info | '[COORDINATE CONTROLLER] - Requested method to create coordinate - Passing through the Coordinate Service' | 
01:31:39 | Info | '[COORDINATE SERVICE] - Requested method to create coordinates' | 
01:31:39 | Info | '[COORDINATE CONTROLLER] - Requested method to create coordinate - Passing through the Coordinate Service' | 
01:31:39 | Info | '[COORDINATE SERVICE] - Requested method to create coordinates' | 
01:31:39 | Info | '[COORDINATE SERVICE] - Requested method to get all coordinates' | 
01:31:39 | Info | '[COORDINATE SERVICE] - Requested method to get all coordinates' | 
01:31:39 | Info | '[COORDINATE SERVICE] - Requested method to get all coordinates' | 
01:31:39 | Info | '[COORDINATE CONTROLLER] - Requested method to create coordinate - Passing through the Coordinate Service' | 
01:31:39 | Info | '[COORDINATE SERVICE] - Requested method to get all coordinates' | 
01:31:39 | Info | '[COORDINATE SERVICE] - Requested method to create coordinates' | 
01:31:39 | Info | '[COORDINATE CONTROLLER] - Requested method to create coordinate - Passing through the Coordinate Service' | 
01:31:39 | Info | '[COORDINATE CONTROLLER] - Requested method to create coordinate - Passing through the Coordinate Service' | 
01:31:39 | Info | '[COORDINATE SERVICE] - Requested method to create coordinates' | 
01:31:39 | Info | '[COORDINATE SERVICE] - Requested method to create coordinates' | 
01:31:39 | Info | '[COORDINATE CONTROLLER] - Requested method to create coordinate - Passing through the Coordinate Service' | 
01:31:39 | Info | '[COORDINATE SERVICE] - Requested method to create coordinates' | 
01:31:39 | Info | '[COORDINATE SERVICE] - Requested method to get all coordinates' | 
01:31:39 | Info | '[COORDINATE SERVICE] - Requested method to get all coordinates' | 
01:31:39 | Info | '[COORDINATE SERVICE] - Requested method to get all coordinates' | 
01:31:39 | Info | '[COORDINATE SERVICE] - Requested method to create coordinates' | 
01:31:39 | Info | '[COORDINATE CONTROLLER] - Requested method to create coordinate - Passing through the Coordinate Service' | 
01:31:39 | Info | '[COORDINATE SERVICE] - Requested method to get all coordinates' | 
01:31:39 | Info | '[COORDINATE SERVICE] - Requested method to create coordinates' | 
01:31:39 | Info | '[COORDINATE CONTROLLER] - Requested method to create coordinate - Passing through the Coordinate Service' | 
01:31:39 | Info | '[COORDINATE SERVICE] - Requested method to get all coordinates' | 
01:31:39 | Info | '[COORDINATE CONTROLLER] - Requested method to create coordinate - Passing through the Coordinate Service' | 
01:31:39 | Info | '[COORDINATE SERVICE] - Requested method to get all coordinates' | 
01:31:39 | Info | '[COORDINATE CONTROLLER] - Requested method to create coordinate - Passing through the Coordinate Service' | 
01:31:39 | Info | '[COORDINATE SERVICE] - Requested method to create coordinates' | 
01:31:39 | Info | '[COORDINATE SERVICE] - Requested method to create coordinates' | 
01:31:39 | Info | '[COORDINATE CONTROLLER] - Requested method to create coordinate - Passing through the Coordinate Service' | 
01:31:39 | Info | '[COORDINATE SERVICE] - Requested method to create coordinates' | 
01:31:39 | Info | '[COORDINATE CONTROLLER] - Requested method to create coordinate - Passing through the Coordinate Service' | 
01:31:39 | Info | '[COORDINATE SERVICE] - Requested method to get all coordinates' | 
01:31:39 | Info | '[COORDINATE SERVICE] - Requested method to create coordinates' | 
01:31:39 | Info | '[COORDINATE CONTROLLER] - Requested method to create coordinate - Passing through the Coordinate Service' | 
01:31:39 | Info | '[COORDINATE SERVICE] - Requested method to create coordinates' | 
01:31:39 | Info | '[COORDINATE CONTROLLER] - Requested method to create coordinate - Passing through the Coordinate Service' | 
01:31:39 | Info | '[COORDINATE SERVICE] - Requested method to create coordinates' | 
01:31:39 | Info | '[COORDINATE CONTROLLER] - Requested method to create coordinate - Passing through the Coordinate Service' | 
01:31:39 | Info | '[COORDINATE SERVICE] - Requested method to create coordinates' | 
01:31:39 | Info | '[COORDINATE SERVICE] - Requested method to get all coordinates' | 
01:31:39 | Info | '[COORDINATE SERVICE] - Requested method to get all coordinates' | 
01:31:39 | Info | '[COORDINATE SERVICE] - Requested method to get all coordinates' | 
01:31:39 | Info | '[COORDINATE CONTROLLER] - Requested method to create coordinate - Passing through the Coordinate Service' | 
01:31:39 | Info | '[COORDINATE SERVICE] - Requested method to create coordinates' | 
01:31:39 | Info | '[COORDINATE CONTROLLER] - Requested method to create coordinate - Passing through the Coordinate Service' | 
01:31:39 | Info | '[COORDINATE SERVICE] - Requested method to create coordinates' | 
01:31:39 | Info | '[COORDINATE SERVICE] - Requested method to get all coordinates' | 
01:31:39 | Info | '[COORDINATE SERVICE] - Requested method to get all coordinates' | 
01:31:39 | Info | '[COORDINATE SERVICE] - Requested method to get all coordinates' | 
01:31:39 | Info | '[COORDINATE CONTROLLER] - Requested method to create coordinate - Passing through the Coordinate Service' | 
01:31:39 | Info | '[COORDINATE SERVICE] - Requested method to create coordinates' | 
01:31:39 | Info | '[COORDINATE SERVICE] - Requested method to get all coordinates' | 
01:31:39 | Info | '[COORDINATE SERVICE] - Requested method to get all coordinates' | 
01:31:39 | Info | '[COORDINATE CONTROLLER] - Requested method to create coordinate - Passing through the Coordinate Service' | 
01:31:39 | Info | '[COORDINATE CONTROLLER] - Requested method to create coordinate - Passing through the Coordinate Service' | 
01:31:39 | Info | '[COORDINATE CONTROLLER] - Requested method to create coordinate - Passing through the Coordinate Service' | 
01:31:39 | Info | '[COORDINATE SERVICE] - Requested method to create coordinates' | 
01:31:39 | Info | '[COORDINATE SERVICE] - Requested method to create coordinates' | 
01:31:39 | Info | '[COORDINATE SERVICE] - Requested method to create coordinates' | 
01:31:39 | Info | '[COORDINATE CONTROLLER] - Requested method to create coordinate - Passing through the Coordinate Service' | 
01:31:39 | Info | '[COORDINATE SERVICE] - Requested method to create coordinates' | 
01:31:39 | Info | '[COORDINATE SERVICE] - Requested method to get all coordinates' | 
01:31:39 | Info | '[COORDINATE SERVICE] - Requested method to get all coordinates' | 
01:31:39 | Info | '[COORDINATE SERVICE] - Requested method to get all coordinates' | 
01:31:39 | Info | '[COORDINATE SERVICE] - Requested method to get all coordinates' | 
01:31:39 | Info | '[COORDINATE SERVICE] - Requested method to get all coordinates' | 
01:31:39 | Info | '[COORDINATE SERVICE] - Requested method to create coordinates' | 
01:31:39 | Info | '[COORDINATE CONTROLLER] - Requested method to create coordinate - Passing through the Coordinate Service' | 
01:31:39 | Info | '[COORDINATE SERVICE] - Requested method to create coordinates' | 
01:31:39 | Info | '[COORDINATE SERVICE] - Requested method to create coordinates' | 
01:31:39 | Info | '[COORDINATE CONTROLLER] - Requested method to create coordinate - Passing through the Coordinate Service' | 
01:31:39 | Info | '[COORDINATE CONTROLLER] - Requested method to create coordinate - Passing through the Coordinate Service' | 
01:31:39 | Info | '[COORDINATE SERVICE] - Requested method to get all coordinates' | 
01:31:39 | Info | '[COORDINATE SERVICE] - Requested method to get all coordinates' | 
01:31:39 | Info | '[COORDINATE SERVICE] - Requested method to create coordinates' | 
01:31:39 | Info | '[COORDINATE CONTROLLER] - Requested method to create coordinate - Passing through the Coordinate Service' | 
01:31:39 | Info | '[COORDINATE CONTROLLER] - Requested method to create coordinate - Passing through the Coordinate Service' | 
01:31:39 | Info | '[COORDINATE CONTROLLER] - Requested method to create coordinate - Passing through the Coordinate Service' | 
01:31:39 | Info | '[COORDINATE SERVICE] - Requested method to create coordinates' | 
01:31:39 | Info | '[COORDINATE SERVICE] - Requested method to create coordinates' | 
01:31:39 | Info | '[COORDINATE CONTROLLER] - Requested method to create coordinate - Passing through the Coordinate Service' | 
01:31:39 | Info | '[COORDINATE SERVICE] - Requested method to create coordinates' | 
01:31:39 | Info | '[COORDINATE CONTROLLER] - Requested method to create coordinate - Passing through the Coordinate Service' | 
01:31:39 | Info | '[COORDINATE SERVICE] - Requested method to create coordinates' | 
01:31:39 | Info | '[COORDINATE SERVICE] - Requested method to get all coordinates' | 
01:31:39 | Info | '[COORDINATE SERVICE] - Requested method to get all coordinates' | 
01:31:39 | Info | '[COORDINATE SERVICE] - Requested method to get all coordinates' | 
01:31:39 | Info | '[COORDINATE SERVICE] - Requested method to get all coordinates' | 
01:31:39 | Info | '[COORDINATE SERVICE] - Requested method to get all coordinates' | 
01:31:39 | Info | '[COORDINATE CONTROLLER] - Requested method to create coordinate - Passing through the Coordinate Service' | 
01:31:39 | Info | '[COORDINATE SERVICE] - Requested method to create coordinates' | 
01:31:39 | Info | '[COORDINATE CONTROLLER] - Requested method to create coordinate - Passing through the Coordinate Service' | 
01:31:39 | Info | '[COORDINATE SERVICE] - Requested method to create coordinates' | 
01:31:39 | Info | '[COORDINATE SERVICE] - Requested method to get all coordinates' | 
01:31:39 | Info | '[COORDINATE CONTROLLER] - Requested method to create coordinate - Passing through the Coordinate Service' | 
01:31:39 | Info | '[COORDINATE SERVICE] - Requested method to create coordinates' | 
01:31:39 | Info | '[COORDINATE CONTROLLER] - Requested method to create coordinate - Passing through the Coordinate Service' | 
01:31:39 | Info | '[COORDINATE SERVICE] - Requested method to create coordinates' | 
01:31:39 | Info | '[COORDINATE SERVICE] - Requested method to get all coordinates' | 
01:31:39 | Info | '[COORDINATE SERVICE] - Requested method to get all coordinates' | 
01:31:39 | Info | '[COORDINATE SERVICE] - Requested method to get all coordinates' | 
01:31:39 | Info | '[COORDINATE CONTROLLER] - Requested method to create coordinate - Passing through the Coordinate Service' | 
01:31:39 | Info | '[COORDINATE SERVICE] - Requested method to create coordinates' | 
01:31:39 | Info | '[COORDINATE SERVICE] - Requested method to create coordinates' | 
01:31:39 | Info | '[COORDINATE CONTROLLER] - Requested method to create coordinate - Passing through the Coordinate Service' | 
01:31:39 | Info | '[COORDINATE SERVICE] - Requested method to create coordinates' | 
01:31:39 | Info | '[COORDINATE CONTROLLER] - Requested method to create coordinate - Passing through the Coordinate Service' | 
01:31:39 | Info | '[COORDINATE CONTROLLER] - Requested method to create coordinate - Passing through the Coordinate Service' | 
01:31:39 | Info | '[COORDINATE SERVICE] - Requested method to create coordinates' | 
01:31:39 | Info | '[COORDINATE SERVICE] - Requested method to get all coordinates' | 
01:31:39 | Info | '[COORDINATE SERVICE] - Requested method to get all coordinates' | 
01:31:39 | Info | '[COORDINATE SERVICE] - Requested method to get all coordinates' | 
01:31:39 | Info | '[COORDINATE CONTROLLER] - Requested method to create coordinate - Passing through the Coordinate Service' | 
01:31:39 | Info | '[COORDINATE SERVICE] - Requested method to get all coordinates' | 
01:31:39 | Info | '[COORDINATE SERVICE] - Requested method to create coordinates' | 
01:31:39 | Info | '[COORDINATE SERVICE] - Requested method to create coordinates' | 
01:31:39 | Info | '[COORDINATE SERVICE] - Requested method to get all coordinates' | 
01:31:39 | Info | '[COORDINATE CONTROLLER] - Requested method to create coordinate - Passing through the Coordinate Service' | 
01:31:39 | Info | '[COORDINATE CONTROLLER] - Requested method to create coordinate - Passing through the Coordinate Service' | 
01:31:39 | Info | '[COORDINATE SERVICE] - Requested method to create coordinates' | 
01:31:39 | Info | '[COORDINATE SERVICE] - Requested method to create coordinates' | 
01:31:39 | Info | '[COORDINATE SERVICE] - Requested method to get all coordinates' | 
01:31:39 | Info | '[COORDINATE CONTROLLER] - Requested method to create coordinate - Passing through the Coordinate Service' | 
01:31:39 | Info | '[COORDINATE SERVICE] - Requested method to get all coordinates' | 
01:31:39 | Info | '[COORDINATE CONTROLLER] - Requested method to create coordinate - Passing through the Coordinate Service' | 
01:31:39 | Info | '[COORDINATE SERVICE] - Requested method to create coordinates' | 
01:31:39 | Info | '[COORDINATE CONTROLLER] - Requested method to create coordinate - Passing through the Coordinate Service' | 
01:31:39 | Info | '[COORDINATE CONTROLLER] - Requested method to create coordinate - Passing through the Coordinate Service' | 
01:31:39 | Info | '[COORDINATE SERVICE] - Requested method to create coordinates' | 
01:31:39 | Info | '[COORDINATE SERVICE] - Requested method to create coordinates' | 
01:31:39 | Info | '[COORDINATE SERVICE] - Requested method to get all coordinates' | 
01:31:39 | Info | '[COORDINATE SERVICE] - Requested method to create coordinates' | 
01:31:39 | Info | '[COORDINATE CONTROLLER] - Requested method to create coordinate - Passing through the Coordinate Service' | 
01:31:39 | Info | '[COORDINATE SERVICE] - Requested method to get all coordinates' | 
01:31:39 | Info | '[COORDINATE SERVICE] - Requested method to get all coordinates' | 
01:31:39 | Info | '[COORDINATE SERVICE] - Requested method to get all coordinates' | 
01:31:40 | Info | '[COORDINATE SERVICE] - Requested method to get all coordinates' | 
01:31:40 | Info | '[COORDINATE SERVICE] - Requested method to create coordinates' | 
01:31:40 | Info | '[COORDINATE CONTROLLER] - Requested method to create coordinate - Passing through the Coordinate Service' | 
01:31:40 | Info | '[COORDINATE CONTROLLER] - Requested method to create coordinate - Passing through the Coordinate Service' | 
01:31:40 | Info | '[COORDINATE SERVICE] - Requested method to get all coordinates' | 
01:31:40 | Info | '[COORDINATE SERVICE] - Requested method to create coordinates' | 
01:31:40 | Info | '[COORDINATE CONTROLLER] - Requested method to create coordinate - Passing through the Coordinate Service' | 
01:31:40 | Info | '[COORDINATE SERVICE] - Requested method to create coordinates' | 
01:31:40 | Info | '[COORDINATE CONTROLLER] - Requested method to create coordinate - Passing through the Coordinate Service' | 
01:31:40 | Info | '[COORDINATE SERVICE] - Requested method to create coordinates' | 
01:31:40 | Info | '[COORDINATE SERVICE] - Requested method to get all coordinates' | 
01:31:40 | Info | '[COORDINATE SERVICE] - Requested method to get all coordinates' | 
01:31:40 | Info | '[COORDINATE SERVICE] - Requested method to create coordinates' | 
01:31:40 | Info | '[COORDINATE SERVICE] - Requested method to get all coordinates' | 
01:31:40 | Info | '[COORDINATE CONTROLLER] - Requested method to create coordinate - Passing through the Coordinate Service' | 
01:31:40 | Info | '[COORDINATE CONTROLLER] - Requested method to create coordinate - Passing through the Coordinate Service' | 
01:31:40 | Info | '[COORDINATE SERVICE] - Requested method to create coordinates' | 
01:31:40 | Info | '[COORDINATE SERVICE] - Requested method to create coordinates' | 
01:31:40 | Info | '[COORDINATE CONTROLLER] - Requested method to create coordinate - Passing through the Coordinate Service' | 
01:31:40 | Info | '[COORDINATE SERVICE] - Requested method to get all coordinates' | 
01:31:40 | Info | '[COORDINATE SERVICE] - Requested method to get all coordinates' | 
01:31:40 | Info | '[COORDINATE SERVICE] - Requested method to get all coordinates' | 
01:31:40 | Info | '[COORDINATE CONTROLLER] - Requested method to create coordinate - Passing through the Coordinate Service' | 
01:31:40 | Info | '[COORDINATE SERVICE] - Requested method to create coordinates' | 
01:31:40 | Info | '[COORDINATE SERVICE] - Requested method to create coordinates' | 
01:31:40 | Info | '[COORDINATE CONTROLLER] - Requested method to create coordinate - Passing through the Coordinate Service' | 
01:31:40 | Info | '[COORDINATE CONTROLLER] - Requested method to create coordinate - Passing through the Coordinate Service' | 
01:31:40 | Info | '[COORDINATE SERVICE] - Requested method to get all coordinates' | 
01:31:40 | Info | '[COORDINATE CONTROLLER] - Requested method to create coordinate - Passing through the Coordinate Service' | 
01:31:40 | Info | '[COORDINATE SERVICE] - Requested method to create coordinates' | 
01:31:40 | Info | '[COORDINATE SERVICE] - Requested method to create coordinates' | 
01:31:40 | Info | '[COORDINATE CONTROLLER] - Requested method to create coordinate - Passing through the Coordinate Service' | 
01:31:40 | Info | '[COORDINATE SERVICE] - Requested method to create coordinates' | 
01:31:40 | Info | '[COORDINATE SERVICE] - Requested method to get all coordinates' | 
01:31:40 | Info | '[COORDINATE SERVICE] - Requested method to get all coordinates' | 
01:31:40 | Info | '[COORDINATE SERVICE] - Requested method to get all coordinates' | 
01:31:40 | Info | '[COORDINATE SERVICE] - Requested method to get all coordinates' | 
01:31:40 | Info | '[COORDINATE SERVICE] - Requested method to create coordinates' | 
01:31:40 | Info | '[COORDINATE CONTROLLER] - Requested method to create coordinate - Passing through the Coordinate Service' | 
01:31:40 | Info | '[COORDINATE CONTROLLER] - Requested method to create coordinate - Passing through the Coordinate Service' | 
01:31:40 | Info | '[COORDINATE CONTROLLER] - Requested method to create coordinate - Passing through the Coordinate Service' | 
01:31:40 | Info | '[COORDINATE SERVICE] - Requested method to create coordinates' | 
01:31:40 | Info | '[COORDINATE SERVICE] - Requested method to create coordinates' | 
01:31:40 | Info | '[COORDINATE SERVICE] - Requested method to get all coordinates' | 
01:31:40 | Info | '[COORDINATE SERVICE] - Requested method to get all coordinates' | 
01:31:40 | Info | '[COORDINATE SERVICE] - Requested method to get all coordinates' | 
01:31:40 | Info | '[COORDINATE SERVICE] - Requested method to create coordinates' | 
01:31:40 | Info | '[COORDINATE CONTROLLER] - Requested method to create coordinate - Passing through the Coordinate Service' | 
01:31:40 | Info | '[COORDINATE SERVICE] - Requested method to get all coordinates' | 
01:31:40 | Info | '[COORDINATE SERVICE] - Requested method to create coordinates' | 
01:31:40 | Info | '[COORDINATE CONTROLLER] - Requested method to create coordinate - Passing through the Coordinate Service' | 
01:31:40 | Info | '[COORDINATE CONTROLLER] - Requested method to create coordinate - Passing through the Coordinate Service' | 
01:31:40 | Info | '[COORDINATE CONTROLLER] - Requested method to create coordinate - Passing through the Coordinate Service' | 
01:31:40 | Info | '[COORDINATE SERVICE] - Requested method to create coordinates' | 
01:31:40 | Info | '[COORDINATE SERVICE] - Requested method to create coordinates' | 
01:31:40 | Info | '[COORDINATE CONTROLLER] - Requested method to create coordinate - Passing through the Coordinate Service' | 
01:31:40 | Info | '[COORDINATE SERVICE] - Requested method to create coordinates' | 
01:31:40 | Info | '[COORDINATE SERVICE] - Requested method to get all coordinates' | 
01:31:40 | Info | '[COORDINATE SERVICE] - Requested method to get all coordinates' | 
01:31:40 | Info | '[COORDINATE SERVICE] - Requested method to get all coordinates' | 
01:31:40 | Info | '[COORDINATE CONTROLLER] - Requested method to create coordinate - Passing through the Coordinate Service' | 
01:31:40 | Info | '[COORDINATE SERVICE] - Requested method to create coordinates' | 
01:31:40 | Info | '[COORDINATE CONTROLLER] - Requested method to create coordinate - Passing through the Coordinate Service' | 
01:31:40 | Info | '[COORDINATE CONTROLLER] - Requested method to create coordinate - Passing through the Coordinate Service' | 
01:31:40 | Info | '[COORDINATE SERVICE] - Requested method to create coordinates' | 
01:31:40 | Info | '[COORDINATE SERVICE] - Requested method to create coordinates' | 
01:31:40 | Info | '[COORDINATE SERVICE] - Requested method to get all coordinates' | 
01:31:40 | Info | '[COORDINATE SERVICE] - Requested method to get all coordinates' | 
01:31:40 | Info | '[COORDINATE SERVICE] - Requested method to get all coordinates' | 
01:31:40 | Info | '[COORDINATE CONTROLLER] - Requested method to create coordinate - Passing through the Coordinate Service' | 
01:31:40 | Info | '[COORDINATE SERVICE] - Requested method to create coordinates' | 
01:31:40 | Info | '[COORDINATE SERVICE] - Requested method to get all coordinates' | 
01:31:40 | Info | '[COORDINATE SERVICE] - Requested method to get all coordinates' | 
01:31:40 | Info | '[COORDINATE CONTROLLER] - Requested method to create coordinate - Passing through the Coordinate Service' | 
01:31:40 | Info | '[COORDINATE CONTROLLER] - Requested method to create coordinate - Passing through the Coordinate Service' | 
01:31:40 | Info | '[COORDINATE SERVICE] - Requested method to create coordinates' | 
01:31:40 | Info | '[COORDINATE SERVICE] - Requested method to create coordinates' | 
01:31:40 | Info | '[COORDINATE CONTROLLER] - Requested method to create coordinate - Passing through the Coordinate Service' | 
01:31:40 | Info | '[COORDINATE SERVICE] - Requested method to create coordinates' | 
01:31:40 | Info | '[COORDINATE SERVICE] - Requested method to create coordinates' | 
01:31:40 | Info | '[COORDINATE CONTROLLER] - Requested method to create coordinate - Passing through the Coordinate Service' | 
01:31:40 | Info | '[COORDINATE SERVICE] - Requested method to get all coordinates' | 
01:31:40 | Info | '[COORDINATE SERVICE] - Requested method to get all coordinates' | 
01:31:40 | Info | '[COORDINATE SERVICE] - Requested method to get all coordinates' | 
01:31:40 | Info | '[COORDINATE SERVICE] - Requested method to get all coordinates' | 
01:31:40 | Info | '[COORDINATE SERVICE] - Requested method to get all coordinates' | 
01:31:40 | Info | '[COORDINATE CONTROLLER] - Requested method to create coordinate - Passing through the Coordinate Service' | 
01:31:40 | Info | '[COORDINATE SERVICE] - Requested method to create coordinates' | 
01:31:40 | Info | '[COORDINATE CONTROLLER] - Requested method to create coordinate - Passing through the Coordinate Service' | 
01:31:40 | Info | '[COORDINATE SERVICE] - Requested method to create coordinates' | 
01:31:40 | Info | '[COORDINATE SERVICE] - Requested method to get all coordinates' | 
01:31:40 | Info | '[COORDINATE CONTROLLER] - Requested method to create coordinate - Passing through the Coordinate Service' | 
01:31:40 | Info | '[COORDINATE SERVICE] - Requested method to get all coordinates' | 
01:31:40 | Info | '[COORDINATE CONTROLLER] - Requested method to create coordinate - Passing through the Coordinate Service' | 
01:31:40 | Info | '[COORDINATE SERVICE] - Requested method to create coordinates' | 
01:31:40 | Info | '[COORDINATE SERVICE] - Requested method to create coordinates' | 
01:31:40 | Info | '[COORDINATE SERVICE] - Requested method to get all coordinates' | 
01:31:40 | Info | '[COORDINATE SERVICE] - Requested method to create coordinates' | 
01:31:40 | Info | '[COORDINATE CONTROLLER] - Requested method to create coordinate - Passing through the Coordinate Service' | 
01:31:40 | Info | '[COORDINATE SERVICE] - Requested method to create coordinates' | 
01:31:40 | Info | '[COORDINATE CONTROLLER] - Requested method to create coordinate - Passing through the Coordinate Service' | 
01:31:40 | Info | '[COORDINATE CONTROLLER] - Requested method to create coordinate - Passing through the Coordinate Service' | 
01:31:40 | Info | '[COORDINATE SERVICE] - Requested method to create coordinates' | 
01:31:40 | Info | '[COORDINATE CONTROLLER] - Requested method to create coordinate - Passing through the Coordinate Service' | 
01:31:40 | Info | '[COORDINATE SERVICE] - Requested method to create coordinates' | 
01:31:40 | Info | '[COORDINATE SERVICE] - Requested method to create coordinates' | 
01:31:40 | Info | '[COORDINATE CONTROLLER] - Requested method to create coordinate - Passing through the Coordinate Service' | 
01:31:40 | Info | '[COORDINATE SERVICE] - Requested method to get all coordinates' | 
01:31:40 | Info | '[COORDINATE SERVICE] - Requested method to get all coordinates' | 
01:31:40 | Info | '[COORDINATE SERVICE] - Requested method to get all coordinates' | 
01:31:40 | Info | '[COORDINATE SERVICE] - Requested method to get all coordinates' | 
01:31:40 | Info | '[COORDINATE SERVICE] - Requested method to get all coordinates' | 
01:31:40 | Info | '[COORDINATE SERVICE] - Requested method to create coordinates' | 
01:31:40 | Info | '[COORDINATE SERVICE] - Requested method to create coordinates' | 
01:31:40 | Info | '[COORDINATE CONTROLLER] - Requested method to create coordinate - Passing through the Coordinate Service' | 
01:31:40 | Info | '[COORDINATE CONTROLLER] - Requested method to create coordinate - Passing through the Coordinate Service' | 
01:31:40 | Info | '[COORDINATE SERVICE] - Requested method to get all coordinates' | 
01:31:40 | Info | '[COORDINATE CONTROLLER] - Requested method to create coordinate - Passing through the Coordinate Service' | 
01:31:40 | Info | '[COORDINATE SERVICE] - Requested method to create coordinates' | 
01:31:40 | Info | '[COORDINATE SERVICE] - Requested method to get all coordinates' | 
01:31:40 | Info | '[COORDINATE SERVICE] - Requested method to get all coordinates' | 
01:31:40 | Info | '[COORDINATE SERVICE] - Requested method to create coordinates' | 
01:31:40 | Info | '[COORDINATE CONTROLLER] - Requested method to create coordinate - Passing through the Coordinate Service' | 
01:31:40 | Info | '[COORDINATE SERVICE] - Requested method to create coordinates' | 
01:31:40 | Info | '[COORDINATE CONTROLLER] - Requested method to create coordinate - Passing through the Coordinate Service' | 
01:31:40 | Info | '[COORDINATE SERVICE] - Requested method to create coordinates' | 
01:31:40 | Info | '[COORDINATE CONTROLLER] - Requested method to create coordinate - Passing through the Coordinate Service' | 
01:31:40 | Info | '[COORDINATE CONTROLLER] - Requested method to create coordinate - Passing through the Coordinate Service' | 
01:31:40 | Info | '[COORDINATE SERVICE] - Requested method to create coordinates' | 
01:31:40 | Info | '[COORDINATE SERVICE] - Requested method to create coordinates' | 
01:31:40 | Info | '[COORDINATE CONTROLLER] - Requested method to create coordinate - Passing through the Coordinate Service' | 
01:31:40 | Info | '[COORDINATE SERVICE] - Requested method to get all coordinates' | 
01:31:40 | Info | '[COORDINATE SERVICE] - Requested method to get all coordinates' | 
01:31:40 | Info | '[COORDINATE SERVICE] - Requested method to get all coordinates' | 
01:31:40 | Info | '[COORDINATE SERVICE] - Requested method to get all coordinates' | 
01:31:40 | Info | '[COORDINATE SERVICE] - Requested method to get all coordinates' | 
01:31:40 | Info | '[COORDINATE SERVICE] - Requested method to get all coordinates' | 
01:31:40 | Info | '[COORDINATE SERVICE] - Requested method to create coordinates' | 
01:31:40 | Info | '[COORDINATE CONTROLLER] - Requested method to create coordinate - Passing through the Coordinate Service' | 
01:31:40 | Info | '[COORDINATE CONTROLLER] - Requested method to create coordinate - Passing through the Coordinate Service' | 
01:31:40 | Info | '[COORDINATE CONTROLLER] - Requested method to create coordinate - Passing through the Coordinate Service' | 
01:31:40 | Info | '[COORDINATE SERVICE] - Requested method to create coordinates' | 
01:31:40 | Info | '[COORDINATE SERVICE] - Requested method to create coordinates' | 
01:31:40 | Info | '[COORDINATE CONTROLLER] - Requested method to create coordinate - Passing through the Coordinate Service' | 
01:31:40 | Info | '[COORDINATE SERVICE] - Requested method to create coordinates' | 
01:31:40 | Info | '[COORDINATE CONTROLLER] - Requested method to create coordinate - Passing through the Coordinate Service' | 
01:31:40 | Info | '[COORDINATE SERVICE] - Requested method to create coordinates' | 
01:31:40 | Info | '[COORDINATE SERVICE] - Requested method to create coordinates' | 
01:31:40 | Info | '[COORDINATE CONTROLLER] - Requested method to create coordinate - Passing through the Coordinate Service' | 
01:31:40 | Info | '[COORDINATE CONTROLLER] - Requested method to create coordinate - Passing through the Coordinate Service' | 
01:31:40 | Info | '[COORDINATE SERVICE] - Requested method to create coordinates' | 
01:31:40 | Info | '[COORDINATE CONTROLLER] - Requested method to create coordinate - Passing through the Coordinate Service' | 
01:31:40 | Info | '[COORDINATE SERVICE] - Requested method to create coordinates' | 
01:31:40 | Info | '[COORDINATE SERVICE] - Requested method to get all coordinates' | 
01:31:40 | Info | '[COORDINATE SERVICE] - Requested method to get all coordinates' | 
01:31:40 | Info | '[COORDINATE SERVICE] - Requested method to get all coordinates' | 
01:31:40 | Info | '[COORDINATE SERVICE] - Requested method to get all coordinates' | 
01:31:40 | Info | '[COORDINATE SERVICE] - Requested method to get all coordinates' | 
01:31:41 | Info | '[COORDINATE SERVICE] - Requested method to get all coordinates' | 
01:31:41 | Info | '[COORDINATE SERVICE] - Requested method to get all coordinates' | 
01:31:41 | Info | '[COORDINATE SERVICE] - Requested method to get all coordinates' | 
01:31:41 | Info | '[COORDINATE SERVICE] - Requested method to create coordinates' | 
01:31:41 | Info | '[COORDINATE CONTROLLER] - Requested method to create coordinate - Passing through the Coordinate Service' | 
01:31:41 | Info | '[COORDINATE SERVICE] - Requested method to create coordinates' | 
01:31:41 | Info | '[COORDINATE CONTROLLER] - Requested method to create coordinate - Passing through the Coordinate Service' | 
01:31:41 | Info | '[COORDINATE SERVICE] - Requested method to create coordinates' | 
01:31:41 | Info | '[COORDINATE CONTROLLER] - Requested method to create coordinate - Passing through the Coordinate Service' | 
01:31:41 | Info | '[COORDINATE CONTROLLER] - Requested method to create coordinate - Passing through the Coordinate Service' | 
01:31:41 | Info | '[COORDINATE CONTROLLER] - Requested method to create coordinate - Passing through the Coordinate Service' | 
01:31:41 | Info | '[COORDINATE SERVICE] - Requested method to create coordinates' | 
01:31:41 | Info | '[COORDINATE SERVICE] - Requested method to create coordinates' | 
01:31:41 | Info | '[COORDINATE CONTROLLER] - Requested method to create coordinate - Passing through the Coordinate Service' | 
01:31:41 | Info | '[COORDINATE SERVICE] - Requested method to create coordinates' | 
01:31:41 | Info | '[COORDINATE SERVICE] - Requested method to get all coordinates' | 
01:31:41 | Info | '[COORDINATE SERVICE] - Requested method to get all coordinates' | 
01:31:41 | Info | '[COORDINATE SERVICE] - Requested method to get all coordinates' | 
01:31:41 | Info | '[COORDINATE CONTROLLER] - Requested method to create coordinate - Passing through the Coordinate Service' | 
01:31:41 | Info | '[COORDINATE SERVICE] - Requested method to create coordinates' | 
01:31:41 | Info | '[COORDINATE SERVICE] - Requested method to get all coordinates' | 
01:31:41 | Info | '[COORDINATE SERVICE] - Requested method to get all coordinates' | 
01:31:41 | Info | '[COORDINATE SERVICE] - Requested method to get all coordinates' | 
01:31:41 | Info | '[COORDINATE CONTROLLER] - Requested method to create coordinate - Passing through the Coordinate Service' | 
01:31:41 | Info | '[COORDINATE SERVICE] - Requested method to create coordinates' | 
01:31:41 | Info | '[COORDINATE CONTROLLER] - Requested method to create coordinate - Passing through the Coordinate Service' | 
01:31:41 | Info | '[COORDINATE SERVICE] - Requested method to create coordinates' | 
01:31:41 | Info | '[COORDINATE CONTROLLER] - Requested method to create coordinate - Passing through the Coordinate Service' | 
01:31:41 | Info | '[COORDINATE SERVICE] - Requested method to create coordinates' | 
01:31:41 | Info | '[COORDINATE CONTROLLER] - Requested method to create coordinate - Passing through the Coordinate Service' | 
01:31:41 | Info | '[COORDINATE SERVICE] - Requested method to create coordinates' | 
01:31:41 | Info | '[COORDINATE CONTROLLER] - Requested method to create coordinate - Passing through the Coordinate Service' | 
01:31:41 | Info | '[COORDINATE SERVICE] - Requested method to create coordinates' | 
01:31:41 | Info | '[COORDINATE CONTROLLER] - Requested method to create coordinate - Passing through the Coordinate Service' | 
01:31:41 | Info | '[COORDINATE SERVICE] - Requested method to create coordinates' | 
01:31:41 | Info | '[COORDINATE SERVICE] - Requested method to get all coordinates' | 
01:31:41 | Info | '[COORDINATE SERVICE] - Requested method to get all coordinates' | 
01:31:41 | Info | '[COORDINATE SERVICE] - Requested method to get all coordinates' | 
01:31:41 | Info | '[COORDINATE SERVICE] - Requested method to get all coordinates' | 
01:31:41 | Info | '[COORDINATE CONTROLLER] - Requested method to create coordinate - Passing through the Coordinate Service' | 
01:31:41 | Info | '[COORDINATE SERVICE] - Requested method to get all coordinates' | 
01:31:41 | Info | '[COORDINATE SERVICE] - Requested method to create coordinates' | 
01:31:41 | Info | '[COORDINATE SERVICE] - Requested method to get all coordinates' | 
01:31:41 | Info | '[COORDINATE SERVICE] - Requested method to create coordinates' | 
01:31:41 | Info | '[COORDINATE CONTROLLER] - Requested method to create coordinate - Passing through the Coordinate Service' | 
01:31:41 | Info | '[COORDINATE SERVICE] - Requested method to get all coordinates' | 
01:31:41 | Info | '[COORDINATE SERVICE] - Requested method to get all coordinates' | 
01:31:41 | Info | '[COORDINATE SERVICE] - Requested method to create coordinates' | 
01:31:41 | Info | '[COORDINATE CONTROLLER] - Requested method to create coordinate - Passing through the Coordinate Service' | 
01:31:41 | Info | '[COORDINATE CONTROLLER] - Requested method to create coordinate - Passing through the Coordinate Service' | 
01:31:41 | Info | '[COORDINATE SERVICE] - Requested method to create coordinates' | 
01:31:41 | Info | '[COORDINATE SERVICE] - Requested method to create coordinates' | 
01:31:41 | Info | '[COORDINATE CONTROLLER] - Requested method to create coordinate - Passing through the Coordinate Service' | 
01:31:41 | Info | '[COORDINATE SERVICE] - Requested method to create coordinates' | 
01:31:41 | Info | '[COORDINATE CONTROLLER] - Requested method to create coordinate - Passing through the Coordinate Service' | 
01:31:41 | Info | '[COORDINATE SERVICE] - Requested method to create coordinates' | 
01:31:41 | Info | '[COORDINATE CONTROLLER] - Requested method to create coordinate - Passing through the Coordinate Service' | 
01:31:41 | Info | '[COORDINATE SERVICE] - Requested method to get all coordinates' | 
01:31:41 | Info | '[COORDINATE SERVICE] - Requested method to get all coordinates' | 
01:31:41 | Info | '[COORDINATE SERVICE] - Requested method to get all coordinates' | 
01:31:41 | Info | '[COORDINATE SERVICE] - Requested method to get all coordinates' | 
01:31:41 | Info | '[COORDINATE SERVICE] - Requested method to get all coordinates' | 
01:31:41 | Info | '[COORDINATE SERVICE] - Requested method to create coordinates' | 
01:31:41 | Info | '[COORDINATE CONTROLLER] - Requested method to create coordinate - Passing through the Coordinate Service' | 
01:31:41 | Info | '[COORDINATE SERVICE] - Requested method to get all coordinates' | 
01:31:41 | Info | '[COORDINATE SERVICE] - Requested method to create coordinates' | 
01:31:41 | Info | '[COORDINATE CONTROLLER] - Requested method to create coordinate - Passing through the Coordinate Service' | 
01:31:41 | Info | '[COORDINATE CONTROLLER] - Requested method to create coordinate - Passing through the Coordinate Service' | 
01:31:41 | Info | '[COORDINATE SERVICE] - Requested method to create coordinates' | 
01:31:41 | Info | '[COORDINATE CONTROLLER] - Requested method to create coordinate - Passing through the Coordinate Service' | 
01:31:41 | Info | '[COORDINATE SERVICE] - Requested method to create coordinates' | 
01:31:41 | Info | '[COORDINATE SERVICE] - Requested method to get all coordinates' | 
01:31:41 | Info | '[COORDINATE CONTROLLER] - Requested method to create coordinate - Passing through the Coordinate Service' | 
01:31:41 | Info | '[COORDINATE SERVICE] - Requested method to get all coordinates' | 
01:31:41 | Info | '[COORDINATE SERVICE] - Requested method to create coordinates' | 
01:31:41 | Info | '[COORDINATE CONTROLLER] - Requested method to create coordinate - Passing through the Coordinate Service' | 
01:31:41 | Info | '[COORDINATE SERVICE] - Requested method to create coordinates' | 
01:31:41 | Info | '[COORDINATE SERVICE] - Requested method to create coordinates' | 
01:31:41 | Info | '[COORDINATE CONTROLLER] - Requested method to create coordinate - Passing through the Coordinate Service' | 
01:31:41 | Info | '[COORDINATE CONTROLLER] - Requested method to create coordinate - Passing through the Coordinate Service' | 
01:31:41 | Info | '[COORDINATE SERVICE] - Requested method to create coordinates' | 
01:31:41 | Info | '[COORDINATE SERVICE] - Requested method to get all coordinates' | 
01:31:41 | Info | '[COORDINATE SERVICE] - Requested method to get all coordinates' | 
01:31:41 | Info | '[COORDINATE SERVICE] - Requested method to get all coordinates' | 
01:31:41 | Info | '[COORDINATE SERVICE] - Requested method to get all coordinates' | 
01:31:41 | Info | '[COORDINATE SERVICE] - Requested method to get all coordinates' | 
01:31:41 | Info | '[COORDINATE SERVICE] - Requested method to create coordinates' | 
01:31:41 | Info | '[COORDINATE SERVICE] - Requested method to get all coordinates' | 
01:31:41 | Info | '[COORDINATE CONTROLLER] - Requested method to create coordinate - Passing through the Coordinate Service' | 
01:31:41 | Info | '[COORDINATE SERVICE] - Requested method to create coordinates' | 
01:31:41 | Info | '[COORDINATE CONTROLLER] - Requested method to create coordinate - Passing through the Coordinate Service' | 
01:31:41 | Info | '[COORDINATE CONTROLLER] - Requested method to create coordinate - Passing through the Coordinate Service' | 
01:31:41 | Info | '[COORDINATE CONTROLLER] - Requested method to create coordinate - Passing through the Coordinate Service' | 
01:31:41 | Info | '[COORDINATE CONTROLLER] - Requested method to create coordinate - Passing through the Coordinate Service' | 
01:31:41 | Info | '[COORDINATE SERVICE] - Requested method to create coordinates' | 
01:31:41 | Info | '[COORDINATE CONTROLLER] - Requested method to create coordinate - Passing through the Coordinate Service' | 
01:31:41 | Info | '[COORDINATE SERVICE] - Requested method to create coordinates' | 
01:31:41 | Info | '[COORDINATE SERVICE] - Requested method to create coordinates' | 
01:31:41 | Info | '[COORDINATE SERVICE] - Requested method to create coordinates' | 
01:31:41 | Info | '[COORDINATE CONTROLLER] - Requested method to create coordinate - Passing through the Coordinate Service' | 
01:31:41 | Info | '[COORDINATE SERVICE] - Requested method to create coordinates' | 
01:31:41 | Info | '[COORDINATE SERVICE] - Requested method to get all coordinates' | 
01:31:41 | Info | '[COORDINATE SERVICE] - Requested method to get all coordinates' | 
01:31:41 | Info | '[COORDINATE SERVICE] - Requested method to get all coordinates' | 
01:31:41 | Info | '[COORDINATE SERVICE] - Requested method to get all coordinates' | 
01:31:41 | Info | '[COORDINATE SERVICE] - Requested method to get all coordinates' | 
01:31:41 | Info | '[COORDINATE SERVICE] - Requested method to get all coordinates' | 
01:31:41 | Info | '[COORDINATE SERVICE] - Requested method to get all coordinates' | 
01:31:41 | Info | '[COORDINATE CONTROLLER] - Requested method to create coordinate - Passing through the Coordinate Service' | 
01:31:41 | Info | '[COORDINATE SERVICE] - Requested method to create coordinates' | 
01:31:41 | Info | '[COORDINATE CONTROLLER] - Requested method to create coordinate - Passing through the Coordinate Service' | 
01:31:41 | Info | '[COORDINATE SERVICE] - Requested method to create coordinates' | 
01:31:41 | Info | '[COORDINATE CONTROLLER] - Requested method to create coordinate - Passing through the Coordinate Service' | 
01:31:41 | Info | '[COORDINATE SERVICE] - Requested method to create coordinates' | 
01:31:41 | Info | '[COORDINATE SERVICE] - Requested method to get all coordinates' | 
01:31:41 | Info | '[COORDINATE SERVICE] - Requested method to get all coordinates' | 
01:31:41 | Info | '[COORDINATE CONTROLLER] - Requested method to create coordinate - Passing through the Coordinate Service' | 
01:31:41 | Info | '[COORDINATE SERVICE] - Requested method to create coordinates' | 
01:31:41 | Info | '[COORDINATE CONTROLLER] - Requested method to create coordinate - Passing through the Coordinate Service' | 
01:31:41 | Info | '[COORDINATE CONTROLLER] - Requested method to create coordinate - Passing through the Coordinate Service' | 
01:31:41 | Info | '[COORDINATE CONTROLLER] - Requested method to create coordinate - Passing through the Coordinate Service' | 
01:31:41 | Info | '[COORDINATE SERVICE] - Requested method to create coordinates' | 
01:31:41 | Info | '[COORDINATE SERVICE] - Requested method to create coordinates' | 
01:31:41 | Info | '[COORDINATE SERVICE] - Requested method to create coordinates' | 
01:31:41 | Info | '[COORDINATE SERVICE] - Requested method to get all coordinates' | 
01:31:41 | Info | '[COORDINATE SERVICE] - Requested method to get all coordinates' | 
01:31:41 | Info | '[COORDINATE SERVICE] - Requested method to get all coordinates' | 
01:31:41 | Info | '[COORDINATE CONTROLLER] - Requested method to create coordinate - Passing through the Coordinate Service' | 
01:31:41 | Info | '[COORDINATE SERVICE] - Requested method to create coordinates' | 
01:31:41 | Info | '[COORDINATE SERVICE] - Requested method to get all coordinates' | 
01:31:41 | Info | '[COORDINATE SERVICE] - Requested method to create coordinates' | 
01:31:41 | Info | '[COORDINATE CONTROLLER] - Requested method to create coordinate - Passing through the Coordinate Service' | 
01:31:41 | Info | '[COORDINATE SERVICE] - Requested method to get all coordinates' | 
01:31:41 | Info | '[COORDINATE CONTROLLER] - Requested method to create coordinate - Passing through the Coordinate Service' | 
01:31:41 | Info | '[COORDINATE SERVICE] - Requested method to create coordinates' | 
01:31:41 | Info | '[COORDINATE CONTROLLER] - Requested method to create coordinate - Passing through the Coordinate Service' | 
01:31:41 | Info | '[COORDINATE SERVICE] - Requested method to create coordinates' | 
01:31:41 | Info | '[COORDINATE SERVICE] - Requested method to get all coordinates' | 
01:31:41 | Info | '[COORDINATE SERVICE] - Requested method to get all coordinates' | 
01:31:41 | Info | '[COORDINATE CONTROLLER] - Requested method to create coordinate - Passing through the Coordinate Service' | 
01:31:41 | Info | '[COORDINATE SERVICE] - Requested method to create coordinates' | 
01:31:41 | Info | '[COORDINATE CONTROLLER] - Requested method to create coordinate - Passing through the Coordinate Service' | 
01:31:41 | Info | '[COORDINATE SERVICE] - Requested method to create coordinates' | 
01:31:41 | Info | '[COORDINATE SERVICE] - Requested method to create coordinates' | 
01:31:41 | Info | '[COORDINATE CONTROLLER] - Requested method to create coordinate - Passing through the Coordinate Service' | 
01:31:41 | Info | '[COORDINATE SERVICE] - Requested method to create coordinates' | 
01:31:41 | Info | '[COORDINATE CONTROLLER] - Requested method to create coordinate - Passing through the Coordinate Service' | 
01:31:41 | Info | '[COORDINATE SERVICE] - Requested method to get all coordinates' | 
01:31:41 | Info | '[COORDINATE SERVICE] - Requested method to get all coordinates' | 
01:31:42 | Info | '[COORDINATE SERVICE] - Requested method to get all coordinates' | 
01:31:42 | Info | '[COORDINATE SERVICE] - Requested method to get all coordinates' | 
01:31:42 | Info | '[COORDINATE SERVICE] - Requested method to create coordinates' | 
01:31:42 | Info | '[COORDINATE CONTROLLER] - Requested method to create coordinate - Passing through the Coordinate Service' | 
01:31:42 | Info | '[COORDINATE SERVICE] - Requested method to get all coordinates' | 
01:31:42 | Info | '[COORDINATE SERVICE] - Requested method to get all coordinates' | 
01:31:42 | Info | '[COORDINATE SERVICE] - Requested method to create coordinates' | 
01:31:42 | Info | '[COORDINATE CONTROLLER] - Requested method to create coordinate - Passing through the Coordinate Service' | 
01:31:42 | Info | '[COORDINATE SERVICE] - Requested method to create coordinates' | 
01:31:42 | Info | '[COORDINATE CONTROLLER] - Requested method to create coordinate - Passing through the Coordinate Service' | 
01:31:42 | Info | '[COORDINATE CONTROLLER] - Requested method to create coordinate - Passing through the Coordinate Service' | 
01:31:42 | Info | '[COORDINATE SERVICE] - Requested method to create coordinates' | 
01:31:42 | Info | '[COORDINATE CONTROLLER] - Requested method to create coordinate - Passing through the Coordinate Service' | 
01:31:42 | Info | '[COORDINATE SERVICE] - Requested method to create coordinates' | 
01:31:42 | Info | '[COORDINATE SERVICE] - Requested method to get all coordinates' | 
01:31:42 | Info | '[COORDINATE SERVICE] - Requested method to get all coordinates' | 
01:31:42 | Info | '[COORDINATE SERVICE] - Requested method to get all coordinates' | 
01:31:42 | Info | '[COORDINATE CONTROLLER] - Requested method to create coordinate - Passing through the Coordinate Service' | 
01:31:42 | Info | '[COORDINATE SERVICE] - Requested method to create coordinates' | 
01:31:42 | Info | '[COORDINATE CONTROLLER] - Requested method to create coordinate - Passing through the Coordinate Service' | 
01:31:42 | Info | '[COORDINATE SERVICE] - Requested method to create coordinates' | 
01:31:42 | Info | '[COORDINATE SERVICE] - Requested method to get all coordinates' | 
01:31:42 | Info | '[COORDINATE SERVICE] - Requested method to get all coordinates' | 
01:31:42 | Info | '[COORDINATE CONTROLLER] - Requested method to create coordinate - Passing through the Coordinate Service' | 
01:31:42 | Info | '[COORDINATE SERVICE] - Requested method to create coordinates' | 
01:31:42 | Info | '[COORDINATE CONTROLLER] - Requested method to create coordinate - Passing through the Coordinate Service' | 
01:31:42 | Info | '[COORDINATE SERVICE] - Requested method to create coordinates' | 
01:31:42 | Info | '[COORDINATE SERVICE] - Requested method to get all coordinates' | 
01:31:42 | Info | '[COORDINATE SERVICE] - Requested method to get all coordinates' | 
01:31:42 | Info | '[COORDINATE SERVICE] - Requested method to create coordinates' | 
01:31:42 | Info | '[COORDINATE CONTROLLER] - Requested method to create coordinate - Passing through the Coordinate Service' | 
01:31:42 | Info | '[COORDINATE CONTROLLER] - Requested method to create coordinate - Passing through the Coordinate Service' | 
01:31:42 | Info | '[COORDINATE SERVICE] - Requested method to create coordinates' | 
01:31:42 | Info | '[COORDINATE CONTROLLER] - Requested method to create coordinate - Passing through the Coordinate Service' | 
01:31:42 | Info | '[COORDINATE CONTROLLER] - Requested method to create coordinate - Passing through the Coordinate Service' | 
01:31:42 | Info | '[COORDINATE SERVICE] - Requested method to create coordinates' | 
01:31:42 | Info | '[COORDINATE SERVICE] - Requested method to create coordinates' | 
01:31:42 | Info | '[COORDINATE SERVICE] - Requested method to create coordinates' | 
01:31:42 | Info | '[COORDINATE SERVICE] - Requested method to get all coordinates' | 
01:31:42 | Info | '[COORDINATE CONTROLLER] - Requested method to create coordinate - Passing through the Coordinate Service' | 
01:31:42 | Info | '[COORDINATE SERVICE] - Requested method to get all coordinates' | 
01:31:42 | Info | '[COORDINATE SERVICE] - Requested method to get all coordinates' | 
01:31:42 | Info | '[COORDINATE SERVICE] - Requested method to get all coordinates' | 
01:31:42 | Info | '[COORDINATE SERVICE] - Requested method to get all coordinates' | 
01:31:42 | Info | '[COORDINATE SERVICE] - Requested method to get all coordinates' | 
01:31:42 | Info | '[COORDINATE SERVICE] - Requested method to get all coordinates' | 
01:31:42 | Info | '[COORDINATE CONTROLLER] - Requested method to create coordinate - Passing through the Coordinate Service' | 
01:31:42 | Info | '[COORDINATE SERVICE] - Requested method to create coordinates' | 
01:31:42 | Info | '[COORDINATE CONTROLLER] - Requested method to create coordinate - Passing through the Coordinate Service' | 
01:31:42 | Info | '[COORDINATE CONTROLLER] - Requested method to create coordinate - Passing through the Coordinate Service' | 
01:31:42 | Info | '[COORDINATE SERVICE] - Requested method to create coordinates' | 
01:31:42 | Info | '[COORDINATE CONTROLLER] - Requested method to create coordinate - Passing through the Coordinate Service' | 
01:31:42 | Info | '[COORDINATE SERVICE] - Requested method to create coordinates' | 
01:31:42 | Info | '[COORDINATE CONTROLLER] - Requested method to create coordinate - Passing through the Coordinate Service' | 
01:31:42 | Info | '[COORDINATE SERVICE] - Requested method to create coordinates' | 
01:31:42 | Info | '[COORDINATE SERVICE] - Requested method to create coordinates' | 
01:31:42 | Info | '[COORDINATE SERVICE] - Requested method to get all coordinates' | 
01:31:42 | Info | '[COORDINATE SERVICE] - Requested method to get all coordinates' | 
01:31:42 | Info | '[COORDINATE SERVICE] - Requested method to get all coordinates' | 
01:31:42 | Info | '[COORDINATE CONTROLLER] - Requested method to create coordinate - Passing through the Coordinate Service' | 
01:31:42 | Info | '[COORDINATE SERVICE] - Requested method to create coordinates' | 
01:31:42 | Info | '[COORDINATE SERVICE] - Requested method to get all coordinates' | 
01:31:42 | Info | '[COORDINATE CONTROLLER] - Requested method to create coordinate - Passing through the Coordinate Service' | 
01:31:42 | Info | '[COORDINATE SERVICE] - Requested method to get all coordinates' | 
01:31:42 | Info | '[COORDINATE SERVICE] - Requested method to create coordinates' | 
01:31:42 | Info | '[COORDINATE SERVICE] - Requested method to get all coordinates' | 
01:31:42 | Info | '[COORDINATE SERVICE] - Requested method to get all coordinates' | 
01:31:42 | Info | '[COORDINATE SERVICE] - Requested method to create coordinates' | 
01:31:42 | Info | '[COORDINATE CONTROLLER] - Requested method to create coordinate - Passing through the Coordinate Service' | 
01:31:42 | Info | '[COORDINATE CONTROLLER] - Requested method to create coordinate - Passing through the Coordinate Service' | 
01:31:42 | Info | '[COORDINATE SERVICE] - Requested method to create coordinates' | 
01:31:42 | Info | '[COORDINATE CONTROLLER] - Requested method to create coordinate - Passing through the Coordinate Service' | 
01:31:42 | Info | '[COORDINATE SERVICE] - Requested method to create coordinates' | 
01:31:42 | Info | '[COORDINATE CONTROLLER] - Requested method to create coordinate - Passing through the Coordinate Service' | 
01:31:42 | Info | '[COORDINATE SERVICE] - Requested method to create coordinates' | 
01:31:42 | Info | '[COORDINATE SERVICE] - Requested method to get all coordinates' | 
01:31:42 | Info | '[COORDINATE CONTROLLER] - Requested method to create coordinate - Passing through the Coordinate Service' | 
01:31:42 | Info | '[COORDINATE SERVICE] - Requested method to create coordinates' | 
01:31:42 | Info | '[COORDINATE CONTROLLER] - Requested method to create coordinate - Passing through the Coordinate Service' | 
01:31:42 | Info | '[COORDINATE CONTROLLER] - Requested method to create coordinate - Passing through the Coordinate Service' | 
01:31:42 | Info | '[COORDINATE SERVICE] - Requested method to create coordinates' | 
01:31:42 | Info | '[COORDINATE SERVICE] - Requested method to create coordinates' | 
01:31:42 | Info | '[COORDINATE CONTROLLER] - Requested method to create coordinate - Passing through the Coordinate Service' | 
01:31:42 | Info | '[COORDINATE CONTROLLER] - Requested method to create coordinate - Passing through the Coordinate Service' | 
01:31:42 | Info | '[COORDINATE SERVICE] - Requested method to get all coordinates' | 
01:31:42 | Info | '[COORDINATE SERVICE] - Requested method to create coordinates' | 
01:31:42 | Info | '[COORDINATE SERVICE] - Requested method to create coordinates' | 
01:31:42 | Info | '[COORDINATE SERVICE] - Requested method to get all coordinates' | 
01:31:42 | Info | '[COORDINATE SERVICE] - Requested method to get all coordinates' | 
01:31:42 | Info | '[COORDINATE SERVICE] - Requested method to get all coordinates' | 
01:31:42 | Info | '[COORDINATE SERVICE] - Requested method to get all coordinates' | 
01:31:42 | Info | '[COORDINATE SERVICE] - Requested method to get all coordinates' | 
01:31:42 | Info | '[COORDINATE SERVICE] - Requested method to get all coordinates' | 
01:31:42 | Info | '[COORDINATE SERVICE] - Requested method to get all coordinates' | 
01:31:42 | Info | '[COORDINATE SERVICE] - Requested method to create coordinates' | 
01:31:42 | Info | '[COORDINATE CONTROLLER] - Requested method to create coordinate - Passing through the Coordinate Service' | 
01:31:42 | Info | '[COORDINATE SERVICE] - Requested method to create coordinates' | 
01:31:42 | Info | '[COORDINATE CONTROLLER] - Requested method to create coordinate - Passing through the Coordinate Service' | 
01:31:42 | Info | '[COORDINATE CONTROLLER] - Requested method to create coordinate - Passing through the Coordinate Service' | 
01:31:42 | Info | '[COORDINATE SERVICE] - Requested method to create coordinates' | 
01:31:42 | Info | '[COORDINATE CONTROLLER] - Requested method to create coordinate - Passing through the Coordinate Service' | 
01:31:42 | Info | '[COORDINATE SERVICE] - Requested method to create coordinates' | 
01:31:42 | Info | '[COORDINATE CONTROLLER] - Requested method to create coordinate - Passing through the Coordinate Service' | 
01:31:42 | Info | '[COORDINATE SERVICE] - Requested method to create coordinates' | 
01:31:42 | Info | '[COORDINATE SERVICE] - Requested method to create coordinates' | 
01:31:42 | Info | '[COORDINATE CONTROLLER] - Requested method to create coordinate - Passing through the Coordinate Service' | 
01:31:42 | Info | '[COORDINATE SERVICE] - Requested method to get all coordinates' | 
01:31:42 | Info | '[COORDINATE SERVICE] - Requested method to get all coordinates' | 
01:31:42 | Info | '[COORDINATE SERVICE] - Requested method to get all coordinates' | 
01:31:42 | Info | '[COORDINATE SERVICE] - Requested method to get all coordinates' | 
01:31:42 | Info | '[COORDINATE CONTROLLER] - Requested method to create coordinate - Passing through the Coordinate Service' | 
01:31:42 | Info | '[COORDINATE SERVICE] - Requested method to get all coordinates' | 
01:31:42 | Info | '[COORDINATE SERVICE] - Requested method to create coordinates' | 
01:31:42 | Info | '[COORDINATE SERVICE] - Requested method to get all coordinates' | 
01:31:42 | Info | '[COORDINATE CONTROLLER] - Requested method to create coordinate - Passing through the Coordinate Service' | 
01:31:42 | Info | '[COORDINATE SERVICE] - Requested method to create coordinates' | 
01:31:42 | Info | '[COORDINATE CONTROLLER] - Requested method to create coordinate - Passing through the Coordinate Service' | 
01:31:42 | Info | '[COORDINATE CONTROLLER] - Requested method to create coordinate - Passing through the Coordinate Service' | 
01:31:42 | Info | '[COORDINATE SERVICE] - Requested method to create coordinates' | 
01:31:42 | Info | '[COORDINATE SERVICE] - Requested method to create coordinates' | 
01:31:42 | Info | '[COORDINATE SERVICE] - Requested method to get all coordinates' | 
01:31:42 | Info | '[COORDINATE SERVICE] - Requested method to get all coordinates' | 
01:31:42 | Info | '[COORDINATE SERVICE] - Requested method to get all coordinates' | 
01:31:42 | Info | '[COORDINATE CONTROLLER] - Requested method to create coordinate - Passing through the Coordinate Service' | 
01:31:42 | Info | '[COORDINATE SERVICE] - Requested method to create coordinates' | 
01:31:42 | Info | '[COORDINATE SERVICE] - Requested method to create coordinates' | 
01:31:42 | Info | '[COORDINATE CONTROLLER] - Requested method to create coordinate - Passing through the Coordinate Service' | 
01:31:42 | Info | '[COORDINATE SERVICE] - Requested method to create coordinates' | 
01:31:42 | Info | '[COORDINATE SERVICE] - Requested method to create coordinates' | 
01:31:42 | Info | '[COORDINATE CONTROLLER] - Requested method to create coordinate - Passing through the Coordinate Service' | 
01:31:42 | Info | '[COORDINATE CONTROLLER] - Requested method to create coordinate - Passing through the Coordinate Service' | 
01:31:42 | Info | '[COORDINATE SERVICE] - Requested method to get all coordinates' | 
01:31:42 | Info | '[COORDINATE SERVICE] - Requested method to get all coordinates' | 
01:31:42 | Info | '[COORDINATE SERVICE] - Requested method to get all coordinates' | 
01:31:42 | Info | '[COORDINATE SERVICE] - Requested method to get all coordinates' | 
01:31:42 | Info | '[COORDINATE SERVICE] - Requested method to get all coordinates' | 
01:31:43 | Info | '[COORDINATE CONTROLLER] - Requested method to create coordinate - Passing through the Coordinate Service' | 
01:31:43 | Info | '[COORDINATE SERVICE] - Requested method to create coordinates' | 
01:31:43 | Info | '[COORDINATE SERVICE] - Requested method to create coordinates' | 
01:31:43 | Info | '[COORDINATE CONTROLLER] - Requested method to create coordinate - Passing through the Coordinate Service' | 
01:31:43 | Info | '[COORDINATE SERVICE] - Requested method to get all coordinates' | 
01:31:43 | Info | '[COORDINATE CONTROLLER] - Requested method to create coordinate - Passing through the Coordinate Service' | 
01:31:43 | Info | '[COORDINATE SERVICE] - Requested method to create coordinates' | 
01:31:43 | Info | '[COORDINATE CONTROLLER] - Requested method to create coordinate - Passing through the Coordinate Service' | 
01:31:43 | Info | '[COORDINATE SERVICE] - Requested method to create coordinates' | 
01:31:43 | Info | '[COORDINATE CONTROLLER] - Requested method to create coordinate - Passing through the Coordinate Service' | 
01:31:43 | Info | '[COORDINATE SERVICE] - Requested method to create coordinates' | 
01:31:43 | Info | '[COORDINATE SERVICE] - Requested method to create coordinates' | 
01:31:43 | Info | '[COORDINATE CONTROLLER] - Requested method to create coordinate - Passing through the Coordinate Service' | 
01:31:43 | Info | '[COORDINATE CONTROLLER] - Requested method to create coordinate - Passing through the Coordinate Service' | 
01:31:43 | Info | '[COORDINATE CONTROLLER] - Requested method to create coordinate - Passing through the Coordinate Service' | 
01:31:43 | Info | '[COORDINATE SERVICE] - Requested method to create coordinates' | 
01:31:43 | Info | '[COORDINATE SERVICE] - Requested method to create coordinates' | 
01:31:43 | Info | '[COORDINATE SERVICE] - Requested method to get all coordinates' | 
01:31:43 | Info | '[COORDINATE SERVICE] - Requested method to get all coordinates' | 
01:31:43 | Info | '[COORDINATE SERVICE] - Requested method to get all coordinates' | 
01:31:43 | Info | '[COORDINATE CONTROLLER] - Requested method to create coordinate - Passing through the Coordinate Service' | 
01:31:43 | Info | '[COORDINATE SERVICE] - Requested method to get all coordinates' | 
01:31:43 | Info | '[COORDINATE SERVICE] - Requested method to get all coordinates' | 
01:31:43 | Info | '[COORDINATE SERVICE] - Requested method to create coordinates' | 
01:31:43 | Info | '[COORDINATE SERVICE] - Requested method to get all coordinates' | 
01:31:43 | Info | '[COORDINATE SERVICE] - Requested method to get all coordinates' | 
01:31:43 | Info | '[COORDINATE SERVICE] - Requested method to create coordinates' | 
01:31:43 | Info | '[COORDINATE CONTROLLER] - Requested method to create coordinate - Passing through the Coordinate Service' | 
01:31:43 | Info | '[COORDINATE CONTROLLER] - Requested method to create coordinate - Passing through the Coordinate Service' | 
01:31:43 | Info | '[COORDINATE SERVICE] - Requested method to create coordinates' | 
01:31:43 | Info | '[COORDINATE SERVICE] - Requested method to get all coordinates' | 
01:31:43 | Info | '[COORDINATE SERVICE] - Requested method to create coordinates' | 
01:31:43 | Info | '[COORDINATE CONTROLLER] - Requested method to create coordinate - Passing through the Coordinate Service' | 
01:31:43 | Info | '[COORDINATE SERVICE] - Requested method to create coordinates' | 
01:31:43 | Info | '[COORDINATE CONTROLLER] - Requested method to create coordinate - Passing through the Coordinate Service' | 
01:31:43 | Info | '[COORDINATE CONTROLLER] - Requested method to create coordinate - Passing through the Coordinate Service' | 
01:31:43 | Info | '[COORDINATE CONTROLLER] - Requested method to create coordinate - Passing through the Coordinate Service' | 
01:31:43 | Info | '[COORDINATE SERVICE] - Requested method to create coordinates' | 
01:31:43 | Info | '[COORDINATE SERVICE] - Requested method to create coordinates' | 
01:31:43 | Info | '[COORDINATE SERVICE] - Requested method to get all coordinates' | 
01:31:43 | Info | '[COORDINATE SERVICE] - Requested method to get all coordinates' | 
01:31:43 | Info | '[COORDINATE SERVICE] - Requested method to get all coordinates' | 
01:31:43 | Info | '[COORDINATE SERVICE] - Requested method to get all coordinates' | 
01:31:43 | Info | '[COORDINATE SERVICE] - Requested method to create coordinates' | 
01:31:43 | Info | '[COORDINATE CONTROLLER] - Requested method to create coordinate - Passing through the Coordinate Service' | 
01:31:43 | Info | '[COORDINATE CONTROLLER] - Requested method to create coordinate - Passing through the Coordinate Service' | 
01:31:43 | Info | '[COORDINATE SERVICE] - Requested method to create coordinates' | 
01:31:43 | Info | '[COORDINATE SERVICE] - Requested method to get all coordinates' | 
01:31:43 | Info | '[COORDINATE SERVICE] - Requested method to get all coordinates' | 
01:31:43 | Info | '[COORDINATE CONTROLLER] - Requested method to create coordinate - Passing through the Coordinate Service' | 
01:31:43 | Info | '[COORDINATE SERVICE] - Requested method to create coordinates' | 
01:31:43 | Info | '[COORDINATE SERVICE] - Requested method to create coordinates' | 
01:31:43 | Info | '[COORDINATE CONTROLLER] - Requested method to create coordinate - Passing through the Coordinate Service' | 
01:31:43 | Info | '[COORDINATE SERVICE] - Requested method to create coordinates' | 
01:31:43 | Info | '[COORDINATE CONTROLLER] - Requested method to create coordinate - Passing through the Coordinate Service' | 
01:31:43 | Info | '[COORDINATE SERVICE] - Requested method to create coordinates' | 
01:31:43 | Info | '[COORDINATE CONTROLLER] - Requested method to create coordinate - Passing through the Coordinate Service' | 
01:31:43 | Info | '[COORDINATE SERVICE] - Requested method to get all coordinates' | 
01:31:43 | Info | '[COORDINATE SERVICE] - Requested method to get all coordinates' | 
01:31:43 | Info | '[COORDINATE SERVICE] - Requested method to get all coordinates' | 
01:31:43 | Info | '[COORDINATE SERVICE] - Requested method to get all coordinates' | 
01:31:43 | Info | '[COORDINATE SERVICE] - Requested method to get all coordinates' | 
01:31:43 | Info | '[COORDINATE SERVICE] - Requested method to create coordinates' | 
01:31:43 | Info | '[COORDINATE CONTROLLER] - Requested method to create coordinate - Passing through the Coordinate Service' | 
01:31:43 | Info | '[COORDINATE SERVICE] - Requested method to get all coordinates' | 
01:31:43 | Info | '[COORDINATE SERVICE] - Requested method to create coordinates' | 
01:31:43 | Info | '[COORDINATE CONTROLLER] - Requested method to create coordinate - Passing through the Coordinate Service' | 
01:31:43 | Info | '[COORDINATE CONTROLLER] - Requested method to create coordinate - Passing through the Coordinate Service' | 
01:31:43 | Info | '[COORDINATE CONTROLLER] - Requested method to create coordinate - Passing through the Coordinate Service' | 
01:31:43 | Info | '[COORDINATE SERVICE] - Requested method to create coordinates' | 
01:31:43 | Info | '[COORDINATE SERVICE] - Requested method to create coordinates' | 
01:31:43 | Info | '[COORDINATE SERVICE] - Requested method to create coordinates' | 
01:31:43 | Info | '[COORDINATE CONTROLLER] - Requested method to create coordinate - Passing through the Coordinate Service' | 
01:31:43 | Info | '[COORDINATE SERVICE] - Requested method to create coordinates' | 
01:31:43 | Info | '[COORDINATE CONTROLLER] - Requested method to create coordinate - Passing through the Coordinate Service' | 
01:31:43 | Info | '[COORDINATE SERVICE] - Requested method to get all coordinates' | 
01:31:43 | Info | '[COORDINATE SERVICE] - Requested method to get all coordinates' | 
01:31:43 | Info | '[COORDINATE SERVICE] - Requested method to get all coordinates' | 
01:31:43 | Info | '[COORDINATE SERVICE] - Requested method to get all coordinates' | 
01:31:43 | Info | '[COORDINATE SERVICE] - Requested method to get all coordinates' | 
01:31:43 | Info | '[COORDINATE SERVICE] - Requested method to create coordinates' | 
01:31:43 | Info | '[COORDINATE SERVICE] - Requested method to create coordinates' | 
01:31:43 | Info | '[COORDINATE CONTROLLER] - Requested method to create coordinate - Passing through the Coordinate Service' | 
01:31:43 | Info | '[COORDINATE CONTROLLER] - Requested method to create coordinate - Passing through the Coordinate Service' | 
01:31:43 | Info | '[COORDINATE SERVICE] - Requested method to get all coordinates' | 
01:31:43 | Info | '[COORDINATE CONTROLLER] - Requested method to create coordinate - Passing through the Coordinate Service' | 
01:31:43 | Info | '[COORDINATE SERVICE] - Requested method to create coordinates' | 
01:31:43 | Info | '[COORDINATE SERVICE] - Requested method to get all coordinates' | 
01:31:43 | Info | '[COORDINATE CONTROLLER] - Requested method to create coordinate - Passing through the Coordinate Service' | 
01:31:43 | Info | '[COORDINATE SERVICE] - Requested method to create coordinates' | 
01:31:43 | Info | '[COORDINATE CONTROLLER] - Requested method to create coordinate - Passing through the Coordinate Service' | 
01:31:43 | Info | '[COORDINATE SERVICE] - Requested method to get all coordinates' | 
01:31:43 | Info | '[COORDINATE CONTROLLER] - Requested method to create coordinate - Passing through the Coordinate Service' | 
01:31:43 | Info | '[COORDINATE SERVICE] - Requested method to create coordinates' | 
01:31:43 | Info | '[COORDINATE CONTROLLER] - Requested method to create coordinate - Passing through the Coordinate Service' | 
01:31:43 | Info | '[COORDINATE SERVICE] - Requested method to create coordinates' | 
01:31:43 | Info | '[COORDINATE SERVICE] - Requested method to create coordinates' | 
01:31:43 | Info | '[COORDINATE SERVICE] - Requested method to create coordinates' | 
01:31:43 | Info | '[COORDINATE CONTROLLER] - Requested method to create coordinate - Passing through the Coordinate Service' | 
01:31:43 | Info | '[COORDINATE SERVICE] - Requested method to get all coordinates' | 
01:31:43 | Info | '[COORDINATE SERVICE] - Requested method to get all coordinates' | 
01:31:43 | Info | '[COORDINATE SERVICE] - Requested method to get all coordinates' | 
01:31:43 | Info | '[COORDINATE SERVICE] - Requested method to get all coordinates' | 
01:31:43 | Info | '[COORDINATE SERVICE] - Requested method to get all coordinates' | 
01:31:43 | Info | '[COORDINATE SERVICE] - Requested method to get all coordinates' | 
01:31:43 | Info | '[COORDINATE CONTROLLER] - Requested method to create coordinate - Passing through the Coordinate Service' | 
01:31:43 | Info | '[COORDINATE SERVICE] - Requested method to create coordinates' | 
01:31:43 | Info | '[COORDINATE CONTROLLER] - Requested method to create coordinate - Passing through the Coordinate Service' | 
01:31:43 | Info | '[COORDINATE SERVICE] - Requested method to create coordinates' | 
01:31:43 | Info | '[COORDINATE CONTROLLER] - Requested method to create coordinate - Passing through the Coordinate Service' | 
01:31:43 | Info | '[COORDINATE CONTROLLER] - Requested method to create coordinate - Passing through the Coordinate Service' | 
01:31:43 | Info | '[COORDINATE SERVICE] - Requested method to create coordinates' | 
01:31:43 | Info | '[COORDINATE SERVICE] - Requested method to create coordinates' | 
01:31:43 | Info | '[COORDINATE SERVICE] - Requested method to create coordinates' | 
01:31:43 | Info | '[COORDINATE CONTROLLER] - Requested method to create coordinate - Passing through the Coordinate Service' | 
01:31:43 | Info | '[COORDINATE SERVICE] - Requested method to create coordinates' | 
01:31:43 | Info | '[COORDINATE CONTROLLER] - Requested method to create coordinate - Passing through the Coordinate Service' | 
01:31:43 | Info | '[COORDINATE CONTROLLER] - Requested method to create coordinate - Passing through the Coordinate Service' | 
01:31:43 | Info | '[COORDINATE SERVICE] - Requested method to create coordinates' | 
01:31:43 | Info | '[COORDINATE SERVICE] - Requested method to get all coordinates' | 
01:31:43 | Info | '[COORDINATE SERVICE] - Requested method to get all coordinates' | 
01:31:43 | Info | '[COORDINATE SERVICE] - Requested method to get all coordinates' | 
01:31:43 | Info | '[COORDINATE SERVICE] - Requested method to get all coordinates' | 
01:31:43 | Info | '[COORDINATE SERVICE] - Requested method to get all coordinates' | 
01:31:43 | Info | '[COORDINATE SERVICE] - Requested method to get all coordinates' | 
01:31:43 | Info | '[COORDINATE SERVICE] - Requested method to get all coordinates' | 
01:31:43 | Info | '[COORDINATE CONTROLLER] - Requested method to create coordinate - Passing through the Coordinate Service' | 
01:31:43 | Info | '[COORDINATE CONTROLLER] - Requested method to create coordinate - Passing through the Coordinate Service' | 
01:31:43 | Info | '[COORDINATE SERVICE] - Requested method to create coordinates' | 
01:31:43 | Info | '[COORDINATE SERVICE] - Requested method to create coordinates' | 
01:31:43 | Info | '[COORDINATE CONTROLLER] - Requested method to create coordinate - Passing through the Coordinate Service' | 
01:31:43 | Info | '[COORDINATE SERVICE] - Requested method to create coordinates' | 
01:31:43 | Info | '[COORDINATE SERVICE] - Requested method to create coordinates' | 
01:31:43 | Info | '[COORDINATE CONTROLLER] - Requested method to create coordinate - Passing through the Coordinate Service' | 
01:31:43 | Info | '[COORDINATE SERVICE] - Requested method to create coordinates' | 
01:31:43 | Info | '[COORDINATE CONTROLLER] - Requested method to create coordinate - Passing through the Coordinate Service' | 
01:31:43 | Info | '[COORDINATE SERVICE] - Requested method to create coordinates' | 
01:31:43 | Info | '[COORDINATE CONTROLLER] - Requested method to create coordinate - Passing through the Coordinate Service' | 
01:31:43 | Info | '[COORDINATE SERVICE] - Requested method to get all coordinates' | 
01:31:43 | Info | '[COORDINATE SERVICE] - Requested method to get all coordinates' | 
01:31:43 | Info | '[COORDINATE SERVICE] - Requested method to get all coordinates' | 
01:31:43 | Info | '[COORDINATE SERVICE] - Requested method to get all coordinates' | 
01:31:43 | Info | '[COORDINATE SERVICE] - Requested method to get all coordinates' | 
01:31:44 | Info | '[COORDINATE SERVICE] - Requested method to create coordinates' | 
01:31:44 | Info | '[COORDINATE CONTROLLER] - Requested method to create coordinate - Passing through the Coordinate Service' | 
01:31:44 | Info | '[COORDINATE SERVICE] - Requested method to get all coordinates' | 
01:31:44 | Info | '[COORDINATE CONTROLLER] - Requested method to create coordinate - Passing through the Coordinate Service' | 
01:31:44 | Info | '[COORDINATE CONTROLLER] - Requested method to create coordinate - Passing through the Coordinate Service' | 
01:31:44 | Info | '[COORDINATE SERVICE] - Requested method to create coordinates' | 
01:31:44 | Info | '[COORDINATE CONTROLLER] - Requested method to create coordinate - Passing through the Coordinate Service' | 
01:31:44 | Info | '[COORDINATE SERVICE] - Requested method to create coordinates' | 
01:31:44 | Info | '[COORDINATE SERVICE] - Requested method to create coordinates' | 
01:31:44 | Info | '[COORDINATE SERVICE] - Requested method to create coordinates' | 
01:31:44 | Info | '[COORDINATE SERVICE] - Requested method to create coordinates' | 
01:31:44 | Info | '[COORDINATE CONTROLLER] - Requested method to create coordinate - Passing through the Coordinate Service' | 
01:31:44 | Info | '[COORDINATE SERVICE] - Requested method to create coordinates' | 
01:31:44 | Info | '[COORDINATE CONTROLLER] - Requested method to create coordinate - Passing through the Coordinate Service' | 
01:31:44 | Info | '[COORDINATE CONTROLLER] - Requested method to create coordinate - Passing through the Coordinate Service' | 
01:31:44 | Info | '[COORDINATE SERVICE] - Requested method to get all coordinates' | 
01:31:44 | Info | '[COORDINATE SERVICE] - Requested method to get all coordinates' | 
01:31:44 | Info | '[COORDINATE SERVICE] - Requested method to get all coordinates' | 
01:31:44 | Info | '[COORDINATE SERVICE] - Requested method to get all coordinates' | 
01:31:44 | Info | '[COORDINATE SERVICE] - Requested method to get all coordinates' | 
01:31:44 | Info | '[COORDINATE SERVICE] - Requested method to create coordinates' | 
01:31:44 | Info | '[COORDINATE CONTROLLER] - Requested method to create coordinate - Passing through the Coordinate Service' | 
01:31:44 | Info | '[COORDINATE SERVICE] - Requested method to get all coordinates' | 
01:31:44 | Info | '[COORDINATE SERVICE] - Requested method to get all coordinates' | 
01:31:44 | Info | '[COORDINATE SERVICE] - Requested method to create coordinates' | 
01:31:44 | Info | '[COORDINATE CONTROLLER] - Requested method to create coordinate - Passing through the Coordinate Service' | 
01:31:44 | Info | '[COORDINATE CONTROLLER] - Requested method to create coordinate - Passing through the Coordinate Service' | 
01:31:44 | Info | '[COORDINATE SERVICE] - Requested method to create coordinates' | 
01:31:44 | Info | '[COORDINATE CONTROLLER] - Requested method to create coordinate - Passing through the Coordinate Service' | 
01:31:44 | Info | '[COORDINATE SERVICE] - Requested method to create coordinates' | 
01:31:44 | Info | '[COORDINATE SERVICE] - Requested method to create coordinates' | 
01:31:44 | Info | '[COORDINATE CONTROLLER] - Requested method to create coordinate - Passing through the Coordinate Service' | 
01:31:44 | Info | '[COORDINATE SERVICE] - Requested method to get all coordinates' | 
01:31:44 | Info | '[COORDINATE SERVICE] - Requested method to get all coordinates' | 
01:31:44 | Info | '[COORDINATE SERVICE] - Requested method to get all coordinates' | 
01:31:44 | Info | '[COORDINATE CONTROLLER] - Requested method to create coordinate - Passing through the Coordinate Service' | 
01:31:44 | Info | '[COORDINATE SERVICE] - Requested method to get all coordinates' | 
01:31:44 | Info | '[COORDINATE SERVICE] - Requested method to create coordinates' | 
01:31:44 | Info | '[COORDINATE CONTROLLER] - Requested method to create coordinate - Passing through the Coordinate Service' | 
01:31:44 | Info | '[COORDINATE SERVICE] - Requested method to create coordinates' | 
01:31:44 | Info | '[COORDINATE SERVICE] - Requested method to get all coordinates' | 
01:31:44 | Info | '[COORDINATE SERVICE] - Requested method to get all coordinates' | 
01:31:44 | Info | '[COORDINATE CONTROLLER] - Requested method to create coordinate - Passing through the Coordinate Service' | 
01:31:44 | Info | '[COORDINATE SERVICE] - Requested method to create coordinates' | 
01:31:44 | Info | '[COORDINATE CONTROLLER] - Requested method to create coordinate - Passing through the Coordinate Service' | 
01:31:44 | Info | '[COORDINATE SERVICE] - Requested method to create coordinates' | 
01:31:44 | Info | '[COORDINATE SERVICE] - Requested method to get all coordinates' | 
01:31:44 | Info | '[COORDINATE CONTROLLER] - Requested method to create coordinate - Passing through the Coordinate Service' | 
01:31:44 | Info | '[COORDINATE SERVICE] - Requested method to create coordinates' | 
01:31:44 | Info | '[COORDINATE CONTROLLER] - Requested method to create coordinate - Passing through the Coordinate Service' | 
01:31:44 | Info | '[COORDINATE SERVICE] - Requested method to create coordinates' | 
01:31:44 | Info | '[COORDINATE CONTROLLER] - Requested method to create coordinate - Passing through the Coordinate Service' | 
01:31:44 | Info | '[COORDINATE CONTROLLER] - Requested method to create coordinate - Passing through the Coordinate Service' | 
01:31:44 | Info | '[COORDINATE SERVICE] - Requested method to create coordinates' | 
01:31:44 | Info | '[COORDINATE SERVICE] - Requested method to create coordinates' | 
01:31:44 | Info | '[COORDINATE CONTROLLER] - Requested method to create coordinate - Passing through the Coordinate Service' | 
01:31:44 | Info | '[COORDINATE SERVICE] - Requested method to create coordinates' | 
01:31:44 | Info | '[COORDINATE SERVICE] - Requested method to get all coordinates' | 
01:31:44 | Info | '[COORDINATE SERVICE] - Requested method to get all coordinates' | 
01:31:44 | Info | '[COORDINATE SERVICE] - Requested method to get all coordinates' | 
01:31:44 | Info | '[COORDINATE SERVICE] - Requested method to create coordinates' | 
01:31:44 | Info | '[COORDINATE CONTROLLER] - Requested method to create coordinate - Passing through the Coordinate Service' | 
01:31:44 | Info | '[COORDINATE SERVICE] - Requested method to get all coordinates' | 
01:31:44 | Info | '[COORDINATE SERVICE] - Requested method to get all coordinates' | 
01:31:44 | Info | '[COORDINATE SERVICE] - Requested method to get all coordinates' | 
01:31:44 | Info | '[COORDINATE SERVICE] - Requested method to get all coordinates' | 
01:31:44 | Info | '[COORDINATE CONTROLLER] - Requested method to create coordinate - Passing through the Coordinate Service' | 
01:31:44 | Info | '[COORDINATE SERVICE] - Requested method to create coordinates' | 
01:31:44 | Info | '[COORDINATE SERVICE] - Requested method to create coordinates' | 
01:31:44 | Info | '[COORDINATE CONTROLLER] - Requested method to create coordinate - Passing through the Coordinate Service' | 
01:31:44 | Info | '[COORDINATE CONTROLLER] - Requested method to create coordinate - Passing through the Coordinate Service' | 
01:31:44 | Info | '[COORDINATE SERVICE] - Requested method to create coordinates' | 
01:31:44 | Info | '[COORDINATE SERVICE] - Requested method to create coordinates' | 
01:31:44 | Info | '[COORDINATE CONTROLLER] - Requested method to create coordinate - Passing through the Coordinate Service' | 
01:31:44 | Info | '[COORDINATE SERVICE] - Requested method to create coordinates' | 
01:31:44 | Info | '[COORDINATE CONTROLLER] - Requested method to create coordinate - Passing through the Coordinate Service' | 
01:31:44 | Info | '[COORDINATE SERVICE] - Requested method to get all coordinates' | 
01:31:44 | Info | '[COORDINATE SERVICE] - Requested method to get all coordinates' | 
01:31:44 | Info | '[COORDINATE SERVICE] - Requested method to get all coordinates' | 
01:31:44 | Info | '[COORDINATE SERVICE] - Requested method to create coordinates' | 
01:31:44 | Info | '[COORDINATE SERVICE] - Requested method to get all coordinates' | 
01:31:44 | Info | '[COORDINATE SERVICE] - Requested method to get all coordinates' | 
01:31:44 | Info | '[COORDINATE CONTROLLER] - Requested method to create coordinate - Passing through the Coordinate Service' | 
01:31:44 | Info | '[COORDINATE SERVICE] - Requested method to get all coordinates' | 
01:31:44 | Info | '[COORDINATE CONTROLLER] - Requested method to create coordinate - Passing through the Coordinate Service' | 
01:31:44 | Info | '[COORDINATE SERVICE] - Requested method to create coordinates' | 
01:31:44 | Info | '[COORDINATE CONTROLLER] - Requested method to create coordinate - Passing through the Coordinate Service' | 
01:31:44 | Info | '[COORDINATE SERVICE] - Requested method to create coordinates' | 
01:31:44 | Info | '[COORDINATE SERVICE] - Requested method to get all coordinates' | 
01:31:44 | Info | '[COORDINATE CONTROLLER] - Requested method to create coordinate - Passing through the Coordinate Service' | 
01:31:44 | Info | '[COORDINATE SERVICE] - Requested method to create coordinates' | 
01:31:44 | Info | '[COORDINATE CONTROLLER] - Requested method to create coordinate - Passing through the Coordinate Service' | 
01:31:44 | Info | '[COORDINATE SERVICE] - Requested method to create coordinates' | 
01:31:44 | Info | '[COORDINATE CONTROLLER] - Requested method to create coordinate - Passing through the Coordinate Service' | 
01:31:44 | Info | '[COORDINATE CONTROLLER] - Requested method to create coordinate - Passing through the Coordinate Service' | 
01:31:44 | Info | '[COORDINATE SERVICE] - Requested method to create coordinates' | 
01:31:44 | Info | '[COORDINATE SERVICE] - Requested method to create coordinates' | 
01:31:44 | Info | '[COORDINATE CONTROLLER] - Requested method to create coordinate - Passing through the Coordinate Service' | 
01:31:44 | Info | '[COORDINATE SERVICE] - Requested method to create coordinates' | 
01:31:44 | Info | '[COORDINATE SERVICE] - Requested method to get all coordinates' | 
01:31:44 | Info | '[COORDINATE SERVICE] - Requested method to get all coordinates' | 
01:31:44 | Info | '[COORDINATE SERVICE] - Requested method to get all coordinates' | 
01:31:44 | Info | '[COORDINATE SERVICE] - Requested method to get all coordinates' | 
01:31:44 | Info | '[COORDINATE SERVICE] - Requested method to get all coordinates' | 
01:31:44 | Info | '[COORDINATE SERVICE] - Requested method to get all coordinates' | 
01:31:44 | Info | '[COORDINATE CONTROLLER] - Requested method to create coordinate - Passing through the Coordinate Service' | 
01:31:44 | Info | '[COORDINATE SERVICE] - Requested method to get all coordinates' | 
01:31:44 | Info | '[COORDINATE SERVICE] - Requested method to create coordinates' | 
01:31:44 | Info | '[COORDINATE CONTROLLER] - Requested method to create coordinate - Passing through the Coordinate Service' | 
01:31:44 | Info | '[COORDINATE SERVICE] - Requested method to create coordinates' | 
01:31:44 | Info | '[COORDINATE SERVICE] - Requested method to create coordinates' | 
01:31:44 | Info | '[COORDINATE CONTROLLER] - Requested method to create coordinate - Passing through the Coordinate Service' | 
01:31:44 | Info | '[COORDINATE CONTROLLER] - Requested method to create coordinate - Passing through the Coordinate Service' | 
01:31:44 | Info | '[COORDINATE CONTROLLER] - Requested method to create coordinate - Passing through the Coordinate Service' | 
01:31:44 | Info | '[COORDINATE SERVICE] - Requested method to create coordinates' | 
01:31:44 | Info | '[COORDINATE SERVICE] - Requested method to create coordinates' | 
01:31:44 | Info | '[COORDINATE SERVICE] - Requested method to get all coordinates' | 
01:31:44 | Info | '[COORDINATE CONTROLLER] - Requested method to create coordinate - Passing through the Coordinate Service' | 
01:31:44 | Info | '[COORDINATE SERVICE] - Requested method to create coordinates' | 
01:31:44 | Info | '[COORDINATE SERVICE] - Requested method to get all coordinates' | 
01:31:44 | Info | '[COORDINATE SERVICE] - Requested method to get all coordinates' | 
01:31:44 | Info | '[COORDINATE SERVICE] - Requested method to get all coordinates' | 
01:31:44 | Info | '[COORDINATE SERVICE] - Requested method to get all coordinates' | 
01:31:44 | Info | '[COORDINATE SERVICE] - Requested method to get all coordinates' | 
01:32:59 | Info | 'Server Running at 8080' | 
01:33:01 | Info | 'Server Running at 8080' | 
01:33:03 | Info | 'Server Running at 8080' | 
01:33:13 | Info | 'Server Running at 8080' | 
01:33:18 | Info | 'Server Running at 8080' | 
01:33:21 | Info | 'Server Running at 8080' | 
01:33:22 | Info | 'Server Running at 8080' | 
01:33:25 | Info | 'Server Running at 8080' | 
01:33:33 | Info | 'Server Running at 8080' | 
01:33:40 | Info | 'Server Running at 8080' | 
01:34:15 | Info | 'Server Running at 8080' | 
01:34:20 | Info | 'Server Running at 8080' | 
01:34:26 | Info | 'Server Running at 8080' | 
01:34:29 | Info | 'Server Running at 8080' | 
01:34:53 | Info | '[CASE ROUTER] - Requested route "/:url"' | 
01:34:53 | Info | '[CASE SERVICE] - Received request to get the case from the database with URL: 8a4bc7cc-a898-4404-b358-c9e11b9b8fc3' | 
01:34:53 | Info | '[CASE CONTROLLER] - Requested method to get cases - Passing through the Case Service' | 
01:34:53 | Info | '[CASE SERVICE] - Received request to get all the cases in the database' | 
01:34:58 | Info | '[COORDINATE ROUTER] - Requested route "/import" to import coordinates from Excel file' | 
01:36:22 | Error | 'An error occured => PayloadTooLargeError: request entity too large' | 
01:38:01 | Info | '[CASE ROUTER] - Requested route "/:url"' | 
01:38:01 | Info | '[CASE SERVICE] - Received request to get the case from the database with URL: 8a4bc7cc-a898-4404-b358-c9e11b9b8fc3' | 
01:38:01 | Info | '[CASE CONTROLLER] - Requested method to get cases - Passing through the Case Service' | 
01:38:01 | Info | '[CASE SERVICE] - Received request to get all the cases in the database' | 
01:43:08 | Info | 'Server Running at 8080' | 
01:43:12 | Info | 'Server Running at 8080' | 
01:43:45 | Info | 'Server Running at 8080' | 
01:43:47 | Info | '[CASE ROUTER] - Requested route "/:url"' | 
01:43:47 | Info | '[CASE SERVICE] - Received request to get the case from the database with URL: 8a4bc7cc-a898-4404-b358-c9e11b9b8fc3' | 
01:43:47 | Info | '[CASE CONTROLLER] - Requested method to get cases - Passing through the Case Service' | 
01:43:47 | Info | '[CASE SERVICE] - Received request to get all the cases in the database' | 
01:43:50 | Info | '[COORDINATE ROUTER] - Requested route "/import" to import coordinates from Excel file' | 
01:46:13 | Info | 'Server Running at 8080' | 
01:46:18 | Info | 'Server Running at 8080' | 
01:46:26 | Info | 'Server Running at 8080' | 
01:46:29 | Info | 'Server Running at 8080' | 
01:46:32 | Info | 'Server Running at 8080' | 
01:46:36 | Info | 'Server Running at 8080' | 
01:46:39 | Info | 'Server Running at 8080' | 
01:46:42 | Info | 'Server Running at 8080' | 
01:46:52 | Info | 'Server Running at 8080' | 
01:46:55 | Info | 'Server Running at 8080' | 
01:47:00 | Info | 'Server Running at 8080' | 
01:47:02 | Info | 'Server Running at 8080' | 
01:47:25 | Info | 'Server Running at 8080' | 
01:47:28 | Info | 'Server Running at 8080' | 
01:47:33 | Info | 'Server Running at 8080' | 
01:47:41 | Info | 'Server Running at 8080' | 
01:47:52 | Info | 'Server Running at 8080' | 
01:47:54 | Info | 'Server Running at 8080' | 
01:47:56 | Info | 'Server Running at 8080' | 
01:48:02 | Info | 'Server Running at 8080' | 
01:48:05 | Info | 'Server Running at 8080' | 
01:48:13 | Info | 'Server Running at 8080' | 
01:48:18 | Info | 'Server Running at 8080' | 
01:48:25 | Info | 'Server Running at 8080' | 
01:48:47 | Info | 'Server Running at 8080' | 
01:49:24 | Info | 'Server Running at 8080' | 
01:49:43 | Info | 'Server Running at 8080' | 
01:49:51 | Info | 'Server Running at 8080' | 
01:49:55 | Info | 'Server Running at 8080' | 
01:50:08 | Info | 'Server Running at 8080' | 
01:50:14 | Info | 'Server Running at 8080' | 
01:50:21 | Info | 'Server Running at 8080' | 
01:50:22 | Info | 'Server Running at 8080' | 
01:50:29 | Info | 'Server Running at 8080' | 
01:50:41 | Info | 'Server Running at 8080' | 
01:50:46 | Info | 'Server Running at 8080' | 
01:51:11 | Info | 'Server Running at 8080' | 
01:51:16 | Info | 'Server Running at 8080' | 
01:51:28 | Info | 'Server Running at 8080' | 
01:51:47 | Info | 'Server Running at 8080' | 
01:52:04 | Info | 'Server Running at 8080' | 
01:52:07 | Info | 'Server Running at 8080' | 
01:52:15 | Info | 'Server Running at 8080' | 
01:52:19 | Info | 'Server Running at 8080' | 
01:52:25 | Info | 'Server Running at 8080' | 
01:52:34 | Info | 'Server Running at 8080' | 
01:52:37 | Info | 'Server Running at 8080' | 
01:52:44 | Info | 'Server Running at 8080' | 
01:52:48 | Info | 'Server Running at 8080' | 
01:52:50 | Info | 'Server Running at 8080' | 
01:54:27 | Info | 'Server Running at 8080' | 
01:54:30 | Info | '[CASE ROUTER] - Requested route "/:url"' | 
01:54:30 | Info | '[CASE SERVICE] - Received request to get the case from the database with URL: 8a4bc7cc-a898-4404-b358-c9e11b9b8fc3' | 
01:54:31 | Info | '[CASE CONTROLLER] - Requested method to get cases - Passing through the Case Service' | 
01:54:31 | Info | '[CASE SERVICE] - Received request to get all the cases in the database' | 
01:54:34 | Info | '[COORDINATE ROUTER] - Requested route "/import" to import coordinates from Excel file' | 
01:55:03 | Info | 'Server Running at 8080' | 
01:55:05 | Info | '[CASE SERVICE] - Received request to get the case from the database with URL: 8a4bc7cc-a898-4404-b358-c9e11b9b8fc3' | 
01:55:05 | Info | '[CASE ROUTER] - Requested route "/:url"' | 
01:55:05 | Info | '[CASE CONTROLLER] - Requested method to get cases - Passing through the Case Service' | 
01:55:05 | Info | '[CASE SERVICE] - Received request to get all the cases in the database' | 
01:55:08 | Info | '[COORDINATE ROUTER] - Requested route "/import" to import coordinates from Excel file' | 
01:55:10 | Info | '[COORDINATE CONTROLLER] - Requested method to create coordinate - Passing through the Coordinate Service' | 
01:55:10 | Info | '[COORDINATE SERVICE] - Requested method to create Multiple Coordinates' | 
01:55:10 | Info | '[COORDINATE CONTROLLER] - Requested method to create coordinate - Passing through the Coordinate Service' | 
01:55:10 | Info | '[COORDINATE CONTROLLER] - Requested method to create coordinate - Passing through the Coordinate Service' | 
01:55:10 | Info | '[COORDINATE SERVICE] - Requested method to create Multiple Coordinates' | 
01:55:10 | Info | '[COORDINATE SERVICE] - Requested method to create Multiple Coordinates' | 
01:56:12 | Info | 'Server Running at 8080' | 
01:56:16 | Info | 'Server Running at 8080' | 
01:56:19 | Info | 'Server Running at 8080' | 
01:56:23 | Info | 'Server Running at 8080' | 
01:56:27 | Info | 'Server Running at 8080' | 
01:57:29 | Info | 'Server Running at 8080' | 
01:57:32 | Info | '[CASE ROUTER] - Requested route "/:url"' | 
01:57:32 | Info | '[CASE SERVICE] - Received request to get the case from the database with URL: 8a4bc7cc-a898-4404-b358-c9e11b9b8fc3' | 
01:57:32 | Info | '[CASE CONTROLLER] - Requested method to get cases - Passing through the Case Service' | 
01:57:32 | Info | '[CASE SERVICE] - Received request to get all the cases in the database' | 
01:58:14 | Info | '[COORDINATE ROUTER] - Requested route "/import" to import coordinates from Excel file' | 
01:58:15 | Info | '[COORDINATE CONTROLLER] - Requested method to create coordinate - Passing through the Coordinate Service' | 
01:58:15 | Info | '[COORDINATE SERVICE] - Requested method to create Multiple Coordinates' | 
01:58:15 | Info | '[COORDINATE CONTROLLER] - Requested method to create coordinate - Passing through the Coordinate Service' | 
01:58:15 | Info | '[COORDINATE CONTROLLER] - Requested method to create coordinate - Passing through the Coordinate Service' | 
01:58:15 | Info | '[COORDINATE SERVICE] - Requested method to create Multiple Coordinates' | 
01:58:15 | Info | '[COORDINATE SERVICE] - Requested method to create Multiple Coordinates' | 
01:58:42 | Info | '[CASE ROUTER] - Requested route "/:url"' | 
01:58:42 | Info | '[CASE SERVICE] - Received request to get the case from the database with URL: 8a4bc7cc-a898-4404-b358-c9e11b9b8fc3' | 
01:58:42 | Info | '[CASE CONTROLLER] - Requested method to get cases - Passing through the Case Service' | 
01:58:42 | Info | '[CASE SERVICE] - Received request to get all the cases in the database' | 
01:58:43 | Info | '[CASE ROUTER] - Requested route "/:url"' | 
01:58:43 | Info | '[CASE SERVICE] - Received request to get the case from the database with URL: 8a4bc7cc-a898-4404-b358-c9e11b9b8fc3' | 
01:58:44 | Info | '[CASE CONTROLLER] - Requested method to get cases - Passing through the Case Service' | 
01:58:44 | Info | '[CASE SERVICE] - Received request to get all the cases in the database' | 
01:58:45 | Info | '[CASE ROUTER] - Requested route "/:url"' | 
01:58:45 | Info | '[CASE SERVICE] - Received request to get the case from the database with URL: 8a4bc7cc-a898-4404-b358-c9e11b9b8fc3' | 
01:59:07 | Info | 'Server Running at 8080' | 
01:59:10 | Info | 'Server Running at 8080' | 
01:59:11 | Info | 'Server Running at 8080' | 
01:59:13 | Info | 'Server Running at 8080' | 
01:59:14 | Info | 'Server Running at 8080' | 
01:59:16 | Info | 'Server Running at 8080' | 
01:59:16 | Info | '[CASE ROUTER] - Requested route "/:url"' | 
01:59:16 | Info | '[CASE SERVICE] - Received request to get the case from the database with URL: 8a4bc7cc-a898-4404-b358-c9e11b9b8fc3' | 
01:59:16 | Info | '[CASE CONTROLLER] - Requested method to get cases - Passing through the Case Service' | 
01:59:16 | Info | '[CASE SERVICE] - Received request to get all the cases in the database' | 
02:00:02 | Info | 'Server Running at 8080' | 
02:00:08 | Info | 'Server Running at 8080' | 
02:00:16 | Info | 'Server Running at 8080' | 
02:00:30 | Info | 'Server Running at 8080' | 
02:00:35 | Info | 'Server Running at 8080' | 
02:00:36 | Info | 'Server Running at 8080' | 
02:00:39 | Info | '[CASE ROUTER] - Requested route "/:url"' | 
02:00:39 | Info | '[CASE SERVICE] - Received request to get the case from the database with URL: 8a4bc7cc-a898-4404-b358-c9e11b9b8fc3' | 
02:00:39 | Info | '[CASE SERVICE] - Received request to get all the cases in the database' | 
02:00:39 | Info | '[CASE CONTROLLER] - Requested method to get cases - Passing through the Case Service' | 
02:00:39 | Info | '[COORDINATE CONTROLLER] - Requested method to get coordinate by selected case - Passing through the Coordinate Service' | 
02:00:39 | Info | '[COORDINATE SERVICE] - Requested method to get coordinates by case id' | 
02:00:39 | Error | '[COORDINATE SERVICE] - Something went wrong getting coordinate by id: ReferenceError: case_id is not defined' | 
02:00:48 | Info | 'Server Running at 8080' | 
02:00:50 | Info | '[CASE SERVICE] - Received request to get the case from the database with URL: 8a4bc7cc-a898-4404-b358-c9e11b9b8fc3' | 
02:00:50 | Info | '[CASE ROUTER] - Requested route "/:url"' | 
02:00:50 | Info | '[CASE CONTROLLER] - Requested method to get cases - Passing through the Case Service' | 
02:00:50 | Info | '[CASE SERVICE] - Received request to get all the cases in the database' | 
02:00:50 | Info | '[COORDINATE SERVICE] - Requested method to get coordinates by case id' | 
02:00:50 | Error | '[COORDINATE SERVICE] - Something went wrong getting coordinate by id: ReferenceError: case_id is not defined' | 
02:00:50 | Info | '[COORDINATE CONTROLLER] - Requested method to get coordinate by selected case - Passing through the Coordinate Service' | 
02:01:10 | Info | 'Server Running at 8080' | 
02:01:12 | Info | '[CASE ROUTER] - Requested route "/:url"' | 
02:01:12 | Info | '[CASE SERVICE] - Received request to get the case from the database with URL: 8a4bc7cc-a898-4404-b358-c9e11b9b8fc3' | 
02:01:13 | Info | '[CASE CONTROLLER] - Requested method to get cases - Passing through the Case Service' | 
02:01:13 | Info | '[CASE SERVICE] - Received request to get all the cases in the database' | 
02:01:13 | Error | '[COORDINATE SERVICE] - Something went wrong getting coordinate by id: ReferenceError: case_id is not defined' | 
02:01:13 | Info | '[COORDINATE SERVICE] - Requested method to get coordinates by case id' | 
02:01:13 | Info | '[COORDINATE CONTROLLER] - Requested method to get coordinate by selected case - Passing through the Coordinate Service' | 
02:01:14 | Info | '[CASE ROUTER] - Requested route "/:url"' | 
02:01:14 | Info | '[CASE SERVICE] - Received request to get the case from the database with URL: 8a4bc7cc-a898-4404-b358-c9e11b9b8fc3' | 
02:01:14 | Info | '[CASE CONTROLLER] - Requested method to get cases - Passing through the Case Service' | 
02:01:14 | Info | '[CASE SERVICE] - Received request to get all the cases in the database' | 
02:01:14 | Info | '[COORDINATE CONTROLLER] - Requested method to get coordinate by selected case - Passing through the Coordinate Service' | 
02:01:14 | Info | '[COORDINATE SERVICE] - Requested method to get coordinates by case id' | 
02:01:14 | Error | '[COORDINATE SERVICE] - Something went wrong getting coordinate by id: ReferenceError: case_id is not defined' | 
02:03:57 | Info | 'Server Running at 8080' | 
02:03:57 | Info | '[CASE ROUTER] - Requested route "/:url"' | 
02:03:57 | Info | '[CASE SERVICE] - Received request to get the case from the database with URL: 8a4bc7cc-a898-4404-b358-c9e11b9b8fc3' | 
02:03:58 | Info | '[CASE CONTROLLER] - Requested method to get cases - Passing through the Case Service' | 
02:03:58 | Info | '[CASE SERVICE] - Received request to get all the cases in the database' | 
02:03:58 | Info | '[COORDINATE CONTROLLER] - Requested method to get coordinate by selected case - Passing through the Coordinate Service' | 
02:03:58 | Info | '[COORDINATE SERVICE] - Requested method to get coordinates by case id' | 
02:03:58 | Error | '[COORDINATE SERVICE] - Something went wrong getting coordinate by id: ReferenceError: position is not defined' | 
02:03:58 | Info | '[CASE ROUTER] - Requested route "/:url"' | 
02:03:58 | Info | '[CASE SERVICE] - Received request to get the case from the database with URL: 8a4bc7cc-a898-4404-b358-c9e11b9b8fc3' | 
02:03:59 | Info | '[CASE CONTROLLER] - Requested method to get cases - Passing through the Case Service' | 
02:03:59 | Info | '[CASE SERVICE] - Received request to get all the cases in the database' | 
02:03:59 | Error | '[COORDINATE SERVICE] - Something went wrong getting coordinate by id: ReferenceError: position is not defined' | 
02:03:59 | Info | '[COORDINATE SERVICE] - Requested method to get coordinates by case id' | 
02:03:59 | Info | '[COORDINATE CONTROLLER] - Requested method to get coordinate by selected case - Passing through the Coordinate Service' | 
02:04:14 | Info | 'Server Running at 8080' | 
02:04:29 | Info | 'Server Running at 8080' | 
02:04:30 | Info | 'Server Running at 8080' | 
02:04:31 | Info | 'Server Running at 8080' | 
02:04:32 | Info | '[CASE ROUTER] - Requested route "/:url"' | 
02:04:32 | Info | '[CASE SERVICE] - Received request to get the case from the database with URL: 8a4bc7cc-a898-4404-b358-c9e11b9b8fc3' | 
02:04:32 | Info | '[CASE CONTROLLER] - Requested method to get cases - Passing through the Case Service' | 
02:04:32 | Info | '[CASE SERVICE] - Received request to get all the cases in the database' | 
02:04:32 | Info | '[COORDINATE SERVICE] - Requested method to get coordinates by case id' | 
02:04:32 | Error | '[COORDINATE SERVICE] - Something went wrong getting coordinate by id: ReferenceError: position is not defined' | 
02:04:32 | Info | '[COORDINATE CONTROLLER] - Requested method to get coordinate by selected case - Passing through the Coordinate Service' | 
02:04:32 | Info | '[CASE ROUTER] - Requested route "/:url"' | 
02:04:32 | Info | '[CASE SERVICE] - Received request to get the case from the database with URL: 8a4bc7cc-a898-4404-b358-c9e11b9b8fc3' | 
02:04:32 | Info | '[CASE ROUTER] - Requested route "/:url"' | 
02:04:32 | Info | '[CASE SERVICE] - Received request to get the case from the database with URL: 8a4bc7cc-a898-4404-b358-c9e11b9b8fc3' | 
02:04:32 | Info | '[CASE ROUTER] - Requested route "/:url"' | 
02:04:32 | Info | '[CASE SERVICE] - Received request to get the case from the database with URL: 8a4bc7cc-a898-4404-b358-c9e11b9b8fc3' | 
02:04:33 | Info | '[CASE CONTROLLER] - Requested method to get cases - Passing through the Case Service' | 
02:04:33 | Info | '[CASE SERVICE] - Received request to get all the cases in the database' | 
02:04:33 | Info | '[COORDINATE CONTROLLER] - Requested method to get coordinate by selected case - Passing through the Coordinate Service' | 
02:04:33 | Info | '[COORDINATE SERVICE] - Requested method to get coordinates by case id' | 
02:04:33 | Error | '[COORDINATE SERVICE] - Something went wrong getting coordinate by id: ReferenceError: position is not defined' | 
02:04:33 | Info | '[CASE ROUTER] - Requested route "/:url"' | 
02:04:33 | Info | '[CASE SERVICE] - Received request to get the case from the database with URL: 8a4bc7cc-a898-4404-b358-c9e11b9b8fc3' | 
02:04:33 | Info | '[CASE CONTROLLER] - Requested method to get cases - Passing through the Case Service' | 
02:04:33 | Info | '[CASE SERVICE] - Received request to get all the cases in the database' | 
02:04:33 | Info | '[COORDINATE CONTROLLER] - Requested method to get coordinate by selected case - Passing through the Coordinate Service' | 
02:04:33 | Info | '[COORDINATE SERVICE] - Requested method to get coordinates by case id' | 
02:04:33 | Error | '[COORDINATE SERVICE] - Something went wrong getting coordinate by id: ReferenceError: position is not defined' | 
02:06:05 | Info | 'Server Running at 8080' | 
02:06:23 | Info | '[CASE ROUTER] - Requested route "/:url"' | 
02:06:23 | Info | '[CASE SERVICE] - Received request to get the case from the database with URL: 8a4bc7cc-a898-4404-b358-c9e11b9b8fc3' | 
02:06:24 | Info | '[CASE CONTROLLER] - Requested method to get cases - Passing through the Case Service' | 
02:06:24 | Info | '[CASE SERVICE] - Received request to get all the cases in the database' | 
02:06:24 | Info | '[COORDINATE SERVICE] - Requested method to get coordinates by case id' | 
02:06:24 | Error | '[COORDINATE SERVICE] - Something went wrong getting coordinate by id: ReferenceError: position is not defined' | 
02:06:24 | Info | '[COORDINATE CONTROLLER] - Requested method to get coordinate by selected case - Passing through the Coordinate Service' | 
02:06:28 | Info | '[COORDINATE ROUTER] - Requested route "/import" to import coordinates from Excel file' | 
02:06:30 | Info | '[COORDINATE CONTROLLER] - Requested method to create coordinate - Passing through the Coordinate Service' | 
02:06:30 | Info | '[COORDINATE SERVICE] - Requested method to create Multiple Coordinates' | 
02:06:30 | Info | '[COORDINATE SERVICE] - Requested method to create Multiple Coordinates' | 
02:06:30 | Info | '[COORDINATE CONTROLLER] - Requested method to create coordinate - Passing through the Coordinate Service' | 
02:06:30 | Info | '[COORDINATE CONTROLLER] - Requested method to create coordinate - Passing through the Coordinate Service' | 
02:06:30 | Info | '[COORDINATE SERVICE] - Requested method to create Multiple Coordinates' | 
02:06:40 | Info | '[CASE ROUTER] - Requested route "/:url"' | 
02:06:40 | Info | '[CASE SERVICE] - Received request to get the case from the database with URL: 8a4bc7cc-a898-4404-b358-c9e11b9b8fc3' | 
02:06:40 | Info | '[CASE CONTROLLER] - Requested method to get cases - Passing through the Case Service' | 
02:06:40 | Info | '[CASE SERVICE] - Received request to get all the cases in the database' | 
02:06:40 | Info | '[COORDINATE CONTROLLER] - Requested method to get coordinate by selected case - Passing through the Coordinate Service' | 
02:06:40 | Info | '[COORDINATE SERVICE] - Requested method to get coordinates by case id' | 
02:06:40 | Error | '[COORDINATE SERVICE] - Something went wrong getting coordinate by id: ReferenceError: position is not defined' | 
02:06:48 | Info | '[CASE ROUTER] - Requested route "/:url"' | 
02:06:48 | Info | '[CASE SERVICE] - Received request to get the case from the database with URL: 8a4bc7cc-a898-4404-b358-c9e11b9b8fc3' | 
02:07:53 | Info | 'Server Running at 8080' | 
02:07:54 | Info | '[CASE ROUTER] - Requested route "/:url"' | 
02:07:54 | Info | '[CASE SERVICE] - Received request to get the case from the database with URL: 8a4bc7cc-a898-4404-b358-c9e11b9b8fc3' | 
02:07:55 | Info | '[CASE CONTROLLER] - Requested method to get cases - Passing through the Case Service' | 
02:07:55 | Info | '[CASE SERVICE] - Received request to get all the cases in the database' | 
02:07:55 | Info | '[COORDINATE SERVICE] - Requested method to get coordinates by case id' | 
02:07:55 | Info | '[COORDINATE CONTROLLER] - Requested method to get coordinate by selected case - Passing through the Coordinate Service' | 
02:07:55 | Error | '[COORDINATE SERVICE] - Something went wrong getting coordinate by id: ReferenceError: position is not defined' | 
02:07:56 | Info | '[CASE ROUTER] - Requested route "/:url"' | 
02:07:56 | Info | '[CASE SERVICE] - Received request to get the case from the database with URL: 8a4bc7cc-a898-4404-b358-c9e11b9b8fc3' | 
02:07:57 | Info | '[CASE CONTROLLER] - Requested method to get cases - Passing through the Case Service' | 
02:07:57 | Info | '[CASE SERVICE] - Received request to get all the cases in the database' | 
02:07:57 | Info | '[COORDINATE CONTROLLER] - Requested method to get coordinate by selected case - Passing through the Coordinate Service' | 
02:07:57 | Info | '[COORDINATE SERVICE] - Requested method to get coordinates by case id' | 
02:07:57 | Error | '[COORDINATE SERVICE] - Something went wrong getting coordinate by id: ReferenceError: position is not defined' | 
02:07:57 | Info | '[CASE ROUTER] - Requested route "/:url"' | 
02:07:57 | Info | '[CASE SERVICE] - Received request to get the case from the database with URL: 8a4bc7cc-a898-4404-b358-c9e11b9b8fc3' | 
02:07:57 | Info | '[CASE CONTROLLER] - Requested method to get cases - Passing through the Case Service' | 
02:07:57 | Info | '[CASE SERVICE] - Received request to get all the cases in the database' | 
02:07:57 | Info | '[COORDINATE SERVICE] - Requested method to get coordinates by case id' | 
02:07:57 | Info | '[COORDINATE CONTROLLER] - Requested method to get coordinate by selected case - Passing through the Coordinate Service' | 
02:07:57 | Error | '[COORDINATE SERVICE] - Something went wrong getting coordinate by id: ReferenceError: position is not defined' | 
02:07:58 | Info | '[CASE ROUTER] - Requested route "/:url"' | 
02:07:58 | Info | '[CASE SERVICE] - Received request to get the case from the database with URL: 8a4bc7cc-a898-4404-b358-c9e11b9b8fc3' | 
02:07:58 | Info | '[CASE CONTROLLER] - Requested method to get cases - Passing through the Case Service' | 
02:07:58 | Info | '[CASE SERVICE] - Received request to get all the cases in the database' | 
02:07:58 | Info | '[COORDINATE CONTROLLER] - Requested method to get coordinate by selected case - Passing through the Coordinate Service' | 
02:07:58 | Info | '[COORDINATE SERVICE] - Requested method to get coordinates by case id' | 
02:07:58 | Error | '[COORDINATE SERVICE] - Something went wrong getting coordinate by id: ReferenceError: position is not defined' | 
02:09:09 | Info | 'Server Running at 8080' | 
02:14:06 | Info | 'Server Running at 8080' | 
02:14:07 | Info | '[CASE ROUTER] - Requested route "/:url"' | 
02:14:07 | Info | '[CASE SERVICE] - Received request to get the case from the database with URL: 8a4bc7cc-a898-4404-b358-c9e11b9b8fc3' | 
02:14:07 | Info | '[CASE CONTROLLER] - Requested method to get cases - Passing through the Case Service' | 
02:14:07 | Info | '[CASE SERVICE] - Received request to get all the cases in the database' | 
02:14:07 | Info | '[COORDINATE SERVICE] - Requested method to get coordinates by case id' | 
02:14:07 | Info | '[COORDINATE CONTROLLER] - Requested method to get coordinate by selected case - Passing through the Coordinate Service' | 
02:16:03 | Info | 'Server Running at 8080' | 
02:19:18 | Info | 'Server Running at 8080' | 
02:19:21 | Info | 'Server Running at 8080' | 
02:19:38 | Info | 'Server Running at 8080' | 
02:19:43 | Info | '[CASE ROUTER] - Requested route "/:url"' | 
02:19:43 | Info | '[CASE SERVICE] - Received request to get the case from the database with URL: 8a4bc7cc-a898-4404-b358-c9e11b9b8fc3' | 
02:19:44 | Info | '[CASE CONTROLLER] - Requested method to get cases - Passing through the Case Service' | 
02:19:44 | Info | '[CASE SERVICE] - Received request to get all the cases in the database' | 
02:19:44 | Info | '[COORDINATE CONTROLLER] - Requested method to get coordinate by selected case - Passing through the Coordinate Service' | 
02:19:44 | Info | '[COORDINATE SERVICE] - Requested method to get coordinates by case id' | 
02:20:09 | Info | 'Server Running at 8080' | 
02:22:59 | Info | 'Server Running at 8080' | 
02:23:02 | Info | 'Server Running at 8080' | 
02:23:08 | Info | 'Server Running at 8080' | 
02:23:11 | Info | 'Server Running at 8080' | 
02:23:25 | Info | 'Server Running at 8080' | 
02:23:28 | Info | 'Server Running at 8080' | 
02:23:30 | Info | 'Server Running at 8080' | 
02:26:51 | Info | 'Server Running at 8080' | 
02:26:52 | Info | 'Server Running at 8080' | 
02:27:08 | Info | 'Server Running at 8080' | 
02:28:21 | Info | 'Server Running at 8080' | 
02:29:15 | Info | 'Server Running at 8081' | 
02:30:49 | Info | '[CASE ROUTER] - Requested route "/:url"' | 
02:30:49 | Info | '[CASE SERVICE] - Received request to get the case from the database with URL: 8a4bc7cc-a898-4404-b358-c9e11b9b8fc3' | 
02:30:49 | Info | '[CASE SERVICE] - Received request to get all the cases in the database' | 
02:30:49 | Info | '[CASE CONTROLLER] - Requested method to get cases - Passing through the Case Service' | 
02:30:49 | Info | '[COORDINATE CONTROLLER] - Requested method to get coordinate by selected case - Passing through the Coordinate Service' | 
02:30:49 | Info | '[COORDINATE SERVICE] - Requested method to get coordinates by case id' | 
02:30:50 | Info | '[CASE ROUTER] - Requested route "/:url"' | 
02:30:50 | Info | '[CASE SERVICE] - Received request to get the case from the database with URL: 8a4bc7cc-a898-4404-b358-c9e11b9b8fc3' | 
02:30:50 | Info | '[CASE SERVICE] - Received request to get all the cases in the database' | 
02:30:50 | Info | '[CASE CONTROLLER] - Requested method to get cases - Passing through the Case Service' | 
02:30:50 | Info | '[COORDINATE CONTROLLER] - Requested method to get coordinate by selected case - Passing through the Coordinate Service' | 
02:30:50 | Info | '[COORDINATE SERVICE] - Requested method to get coordinates by case id' | 
02:30:58 | Info | '[COORDINATE ROUTER] - Requested route "/import" to import coordinates from Excel file' | 
02:31:07 | Info | '[AUTH ROUTER] - Requested route "/"' | 
02:31:07 | Info | '[CASE CONTROLLER] - Requested method to get cases - Passing through the Case Service' | 
02:31:07 | Info | '[CASE SERVICE] - Received request to get all the cases in the database' | 
02:31:15 | Info | '[AUTH ROUTER] - Requested route "/"' | 
02:31:15 | Info | '[CASE CONTROLLER] - Requested method to get cases - Passing through the Case Service' | 
02:31:15 | Info | '[CASE SERVICE] - Received request to get all the cases in the database' | 
02:31:17 | Info | '[CASE ROUTER] - Requested route "/:url"' | 
02:31:17 | Info | '[CASE SERVICE] - Received request to get the case from the database with URL: 8a4bc7cc-a898-4404-b358-c9e11b9b8fc3' | 
02:31:18 | Info | '[CASE CONTROLLER] - Requested method to get cases - Passing through the Case Service' | 
02:31:18 | Info | '[CASE SERVICE] - Received request to get all the cases in the database' | 
02:31:18 | Info | '[COORDINATE CONTROLLER] - Requested method to get coordinate by selected case - Passing through the Coordinate Service' | 
02:31:18 | Info | '[COORDINATE SERVICE] - Requested method to get coordinates by case id' | 
02:31:22 | Info | '[COORDINATE ROUTER] - Requested route "/import" to import coordinates from Excel file' | 
02:31:52 | Info | 'Server Running at 8080' | 
02:31:54 | Info | '[CASE ROUTER] - Requested route "/:url"' | 
02:31:54 | Info | '[CASE SERVICE] - Received request to get the case from the database with URL: 8a4bc7cc-a898-4404-b358-c9e11b9b8fc3' | 
02:31:55 | Info | '[CASE CONTROLLER] - Requested method to get cases - Passing through the Case Service' | 
02:31:55 | Info | '[CASE SERVICE] - Received request to get all the cases in the database' | 
02:31:55 | Info | '[COORDINATE CONTROLLER] - Requested method to get coordinate by selected case - Passing through the Coordinate Service' | 
02:31:55 | Info | '[COORDINATE SERVICE] - Requested method to get coordinates by case id' | 
02:31:57 | Info | '[COORDINATE ROUTER] - Requested route "/import" to import coordinates from Excel file' | 
02:32:02 | Info | 'Server Running at 8080' | 
02:32:04 | Info | '[CASE ROUTER] - Requested route "/:url"' | 
02:32:04 | Info | '[CASE SERVICE] - Received request to get the case from the database with URL: 8a4bc7cc-a898-4404-b358-c9e11b9b8fc3' | 
02:32:04 | Info | '[CASE CONTROLLER] - Requested method to get cases - Passing through the Case Service' | 
02:32:04 | Info | '[CASE SERVICE] - Received request to get all the cases in the database' | 
02:32:04 | Info | '[COORDINATE SERVICE] - Requested method to get coordinates by case id' | 
02:32:04 | Info | '[COORDINATE CONTROLLER] - Requested method to get coordinate by selected case - Passing through the Coordinate Service' | 
02:32:08 | Info | '[COORDINATE ROUTER] - Requested route "/import" to import coordinates from Excel file' | 
02:32:42 | Info | '[CASE ROUTER] - Requested route "/:url"' | 
02:32:42 | Info | '[CASE SERVICE] - Received request to get the case from the database with URL: 8a4bc7cc-a898-4404-b358-c9e11b9b8fc3' | 
02:32:42 | Info | '[CASE SERVICE] - Received request to get all the cases in the database' | 
02:32:42 | Info | '[CASE CONTROLLER] - Requested method to get cases - Passing through the Case Service' | 
02:32:42 | Info | '[COORDINATE SERVICE] - Requested method to get coordinates by case id' | 
02:32:42 | Info | '[COORDINATE CONTROLLER] - Requested method to get coordinate by selected case - Passing through the Coordinate Service' | 
02:32:43 | Info | '[CASE ROUTER] - Requested route "/:url"' | 
02:32:43 | Info | '[CASE SERVICE] - Received request to get the case from the database with URL: 8a4bc7cc-a898-4404-b358-c9e11b9b8fc3' | 
02:33:38 | Info | '[CASE ROUTER] - Requested route "/:url"' | 
02:33:38 | Info | '[CASE SERVICE] - Received request to get the case from the database with URL: 8a4bc7cc-a898-4404-b358-c9e11b9b8fc3' | 
02:33:38 | Info | '[CASE CONTROLLER] - Requested method to get cases - Passing through the Case Service' | 
02:33:38 | Info | '[CASE SERVICE] - Received request to get all the cases in the database' | 
02:33:38 | Info | '[COORDINATE SERVICE] - Requested method to get coordinates by case id' | 
02:33:38 | Info | '[COORDINATE CONTROLLER] - Requested method to get coordinate by selected case - Passing through the Coordinate Service' | 
02:33:39 | Info | '[CASE SERVICE] - Received request to get the case from the database with URL: 8a4bc7cc-a898-4404-b358-c9e11b9b8fc3' | 
02:33:39 | Info | '[CASE ROUTER] - Requested route "/:url"' | 
02:33:39 | Info | '[CASE SERVICE] - Received request to get all the cases in the database' | 
02:33:39 | Info | '[CASE CONTROLLER] - Requested method to get cases - Passing through the Case Service' | 
02:33:39 | Info | '[COORDINATE CONTROLLER] - Requested method to get coordinate by selected case - Passing through the Coordinate Service' | 
02:33:39 | Info | '[COORDINATE SERVICE] - Requested method to get coordinates by case id' | 
02:33:42 | Info | '[AUTH ROUTER] - Requested route "/"' | 
02:33:42 | Info | '[CASE CONTROLLER] - Requested method to get cases - Passing through the Case Service' | 
02:33:42 | Info | '[CASE SERVICE] - Received request to get all the cases in the database' | 
02:33:44 | Info | '[CASE ROUTER] - Requested route "/:url"' | 
02:33:44 | Info | '[CASE SERVICE] - Received request to get the case from the database with URL: 8a4bc7cc-a898-4404-b358-c9e11b9b8fc3' | 
02:33:44 | Info | '[CASE SERVICE] - Received request to get all the cases in the database' | 
02:33:44 | Info | '[CASE CONTROLLER] - Requested method to get cases - Passing through the Case Service' | 
02:33:44 | Info | '[COORDINATE CONTROLLER] - Requested method to get coordinate by selected case - Passing through the Coordinate Service' | 
02:33:44 | Info | '[COORDINATE SERVICE] - Requested method to get coordinates by case id' | 
02:34:39 | Info | 'Server Running at 8080' | 
02:34:47 | Info | '[AUTH ROUTER] - Requested route "/"' | 
02:34:47 | Info | '[CASE CONTROLLER] - Requested method to get cases - Passing through the Case Service' | 
02:34:47 | Info | '[CASE SERVICE] - Received request to get all the cases in the database' | 
02:34:49 | Info | '[CASE ROUTER] - Requested route "/:url"' | 
02:34:49 | Info | '[CASE SERVICE] - Received request to get the case from the database with URL: 8a4bc7cc-a898-4404-b358-c9e11b9b8fc3' | 
02:34:50 | Info | '[CASE CONTROLLER] - Requested method to get cases - Passing through the Case Service' | 
02:34:50 | Info | '[CASE SERVICE] - Received request to get all the cases in the database' | 
02:34:50 | Info | '[COORDINATE CONTROLLER] - Requested method to get coordinate by selected case - Passing through the Coordinate Service' | 
02:34:50 | Info | '[COORDINATE SERVICE] - Requested method to get coordinates by case id' | 
02:34:53 | Info | '[COORDINATE ROUTER] - Requested route "/import" to import coordinates from Excel file' | 
02:36:23 | Error | 'An error occured => PayloadTooLargeError: request entity too large' | 
02:36:23 | Info | '[COORDINATE CONTROLLER] - Requested method to create coordinate - Passing through the Coordinate Service' | 
02:36:23 | Info | '[COORDINATE SERVICE] - Requested method to create Multiple Coordinates' | 
02:36:23 | Error | 'An error occured => PayloadTooLargeError: request entity too large' | 
02:36:27 | Info | '[CASE ROUTER] - Requested route "/:url"' | 
02:36:27 | Info | '[CASE SERVICE] - Received request to get the case from the database with URL: 8a4bc7cc-a898-4404-b358-c9e11b9b8fc3' | 
02:36:27 | Info | '[CASE CONTROLLER] - Requested method to get cases - Passing through the Case Service' | 
02:36:27 | Info | '[CASE SERVICE] - Received request to get all the cases in the database' | 
02:36:27 | Info | '[COORDINATE CONTROLLER] - Requested method to get coordinate by selected case - Passing through the Coordinate Service' | 
02:36:27 | Info | '[COORDINATE SERVICE] - Requested method to get coordinates by case id' | 
02:36:42 | Info | '[AUTH ROUTER] - Requested route "/"' | 
02:36:42 | Info | '[CASE CONTROLLER] - Requested method to get cases - Passing through the Case Service' | 
02:36:42 | Info | '[CASE SERVICE] - Received request to get all the cases in the database' | 
02:36:44 | Info | '[CASE ROUTER] - Requested route "/:url"' | 
02:36:44 | Info | '[CASE SERVICE] - Received request to get the case from the database with URL: 8a4bc7cc-a898-4404-b358-c9e11b9b8fc3' | 
02:36:45 | Info | '[CASE CONTROLLER] - Requested method to get cases - Passing through the Case Service' | 
02:36:45 | Info | '[CASE SERVICE] - Received request to get all the cases in the database' | 
02:36:45 | Info | '[COORDINATE CONTROLLER] - Requested method to get coordinate by selected case - Passing through the Coordinate Service' | 
02:36:45 | Info | '[COORDINATE SERVICE] - Requested method to get coordinates by case id' | 
02:50:24 | Info | 'Server Running at 8080' | 
02:51:50 | Info | '[AUTH ROUTER] - Requested route "/"' | 
02:51:50 | Info | '[CASE CONTROLLER] - Requested method to get cases - Passing through the Case Service' | 
02:51:50 | Info | '[CASE SERVICE] - Received request to get all the cases in the database' | 
02:51:54 | Info | '[CASE ROUTER] - Requested route "/:url"' | 
02:51:54 | Info | '[CASE SERVICE] - Received request to get the case from the database with URL: 8a4bc7cc-a898-4404-b358-c9e11b9b8fc3' | 
02:51:54 | Info | '[CASE CONTROLLER] - Requested method to get cases - Passing through the Case Service' | 
02:51:54 | Info | '[CASE SERVICE] - Received request to get all the cases in the database' | 
02:51:54 | Info | '[COORDINATE CONTROLLER] - Requested method to get coordinate by selected case - Passing through the Coordinate Service' | 
02:51:54 | Info | '[COORDINATE SERVICE] - Requested method to get coordinates by case id' | 
02:55:16 | Info | '[CASE ROUTER] - Requested route "/:url"' | 
02:55:16 | Info | '[CASE SERVICE] - Received request to get the case from the database with URL: 8a4bc7cc-a898-4404-b358-c9e11b9b8fc3' | 
02:55:17 | Info | '[CASE CONTROLLER] - Requested method to get cases - Passing through the Case Service' | 
02:55:17 | Info | '[CASE SERVICE] - Received request to get all the cases in the database' | 
02:55:17 | Info | '[COORDINATE SERVICE] - Requested method to get coordinates by case id' | 
02:55:17 | Info | '[COORDINATE CONTROLLER] - Requested method to get coordinate by selected case - Passing through the Coordinate Service' | 
02:58:03 | Info | '[CASE ROUTER] - Requested route "/:url"' | 
02:58:03 | Info | '[CASE SERVICE] - Received request to get the case from the database with URL: 8a4bc7cc-a898-4404-b358-c9e11b9b8fc3' | 
02:58:03 | Info | '[CASE CONTROLLER] - Requested method to get cases - Passing through the Case Service' | 
02:58:03 | Info | '[CASE SERVICE] - Received request to get all the cases in the database' | 
02:58:03 | Info | '[COORDINATE CONTROLLER] - Requested method to get coordinate by selected case - Passing through the Coordinate Service' | 
02:58:03 | Info | '[COORDINATE SERVICE] - Requested method to get coordinates by case id' | 
02:59:46 | Info | '[CASE ROUTER] - Requested route "/:url"' | 
02:59:46 | Info | '[CASE SERVICE] - Received request to get the case from the database with URL: 8a4bc7cc-a898-4404-b358-c9e11b9b8fc3' | 
02:59:47 | Info | '[CASE CONTROLLER] - Requested method to get cases - Passing through the Case Service' | 
02:59:47 | Info | '[CASE SERVICE] - Received request to get all the cases in the database' | 
02:59:47 | Info | '[COORDINATE CONTROLLER] - Requested method to get coordinate by selected case - Passing through the Coordinate Service' | 
02:59:47 | Info | '[COORDINATE SERVICE] - Requested method to get coordinates by case id' | 
03:02:31 | Info | '[AUTH ROUTER] - Requested route "/"' | 
03:02:31 | Info | '[CASE CONTROLLER] - Requested method to get cases - Passing through the Case Service' | 
03:02:31 | Info | '[CASE SERVICE] - Received request to get all the cases in the database' | 
03:02:34 | Info | '[CASE ROUTER] - Requested route "/:url"' | 
03:02:34 | Info | '[CASE SERVICE] - Received request to get the case from the database with URL: 8a4bc7cc-a898-4404-b358-c9e11b9b8fc3' | 
03:02:34 | Info | '[CASE CONTROLLER] - Requested method to get cases - Passing through the Case Service' | 
03:02:34 | Info | '[CASE SERVICE] - Received request to get all the cases in the database' | 
03:02:34 | Info | '[COORDINATE CONTROLLER] - Requested method to get coordinate by selected case - Passing through the Coordinate Service' | 
03:02:34 | Info | '[COORDINATE SERVICE] - Requested method to get coordinates by case id' | 
03:03:41 | Info | '[CASE ROUTER] - Requested route "/:url"' | 
03:03:41 | Info | '[CASE SERVICE] - Received request to get the case from the database with URL: 8a4bc7cc-a898-4404-b358-c9e11b9b8fc3' | 
03:03:41 | Info | '[CASE CONTROLLER] - Requested method to get cases - Passing through the Case Service' | 
03:03:41 | Info | '[CASE SERVICE] - Received request to get all the cases in the database' | 
03:03:41 | Info | '[COORDINATE CONTROLLER] - Requested method to get coordinate by selected case - Passing through the Coordinate Service' | 
03:03:41 | Info | '[COORDINATE SERVICE] - Requested method to get coordinates by case id' | 
03:03:58 | Info | '[CASE ROUTER] - Requested route "/:url"' | 
03:03:58 | Info | '[CASE SERVICE] - Received request to get the case from the database with URL: 8a4bc7cc-a898-4404-b358-c9e11b9b8fc3' | 
03:03:58 | Info | '[CASE CONTROLLER] - Requested method to get cases - Passing through the Case Service' | 
03:03:58 | Info | '[CASE SERVICE] - Received request to get all the cases in the database' | 
03:03:58 | Info | '[COORDINATE CONTROLLER] - Requested method to get coordinate by selected case - Passing through the Coordinate Service' | 
03:03:58 | Info | '[COORDINATE SERVICE] - Requested method to get coordinates by case id' | 
03:04:14 | Info | '[CASE ROUTER] - Requested route "/:url"' | 
03:04:14 | Info | '[CASE SERVICE] - Received request to get the case from the database with URL: 8a4bc7cc-a898-4404-b358-c9e11b9b8fc3' | 
03:04:14 | Info | '[CASE CONTROLLER] - Requested method to get cases - Passing through the Case Service' | 
03:04:14 | Info | '[CASE SERVICE] - Received request to get all the cases in the database' | 
03:04:14 | Info | '[COORDINATE CONTROLLER] - Requested method to get coordinate by selected case - Passing through the Coordinate Service' | 
03:04:14 | Info | '[COORDINATE SERVICE] - Requested method to get coordinates by case id' | 
03:04:46 | Info | '[CASE ROUTER] - Requested route "/:url"' | 
03:04:46 | Info | '[CASE SERVICE] - Received request to get the case from the database with URL: 8a4bc7cc-a898-4404-b358-c9e11b9b8fc3' | 
03:04:47 | Info | '[CASE SERVICE] - Received request to get all the cases in the database' | 
03:04:47 | Info | '[CASE CONTROLLER] - Requested method to get cases - Passing through the Case Service' | 
03:04:47 | Info | '[COORDINATE CONTROLLER] - Requested method to get coordinate by selected case - Passing through the Coordinate Service' | 
03:04:47 | Info | '[COORDINATE SERVICE] - Requested method to get coordinates by case id' | 
03:05:04 | Info | '[CASE ROUTER] - Requested route "/:url"' | 
03:05:04 | Info | '[CASE SERVICE] - Received request to get the case from the database with URL: 8a4bc7cc-a898-4404-b358-c9e11b9b8fc3' | 
03:05:04 | Info | '[CASE CONTROLLER] - Requested method to get cases - Passing through the Case Service' | 
03:05:04 | Info | '[CASE SERVICE] - Received request to get all the cases in the database' | 
03:05:04 | Info | '[COORDINATE SERVICE] - Requested method to get coordinates by case id' | 
03:05:04 | Info | '[COORDINATE CONTROLLER] - Requested method to get coordinate by selected case - Passing through the Coordinate Service' | 
03:07:04 | Info | '[CASE ROUTER] - Requested route "/:url"' | 
03:07:04 | Info | '[CASE SERVICE] - Received request to get the case from the database with URL: 8a4bc7cc-a898-4404-b358-c9e11b9b8fc3' | 
03:07:04 | Info | '[CASE CONTROLLER] - Requested method to get cases - Passing through the Case Service' | 
03:07:04 | Info | '[CASE SERVICE] - Received request to get all the cases in the database' | 
03:07:04 | Info | '[COORDINATE CONTROLLER] - Requested method to get coordinate by selected case - Passing through the Coordinate Service' | 
03:07:04 | Info | '[COORDINATE SERVICE] - Requested method to get coordinates by case id' | 
04:05:47 | Info | '[CASE ROUTER] - Requested route "/:url"' | 
04:05:47 | Info | '[CASE SERVICE] - Received request to get the case from the database with URL: 8a4bc7cc-a898-4404-b358-c9e11b9b8fc3' | 
04:05:47 | Info | '[CASE CONTROLLER] - Requested method to get cases - Passing through the Case Service' | 
04:05:47 | Info | '[CASE SERVICE] - Received request to get all the cases in the database' | 
04:05:47 | Info | '[COORDINATE SERVICE] - Requested method to get coordinates by case id' | 
04:05:47 | Info | '[COORDINATE CONTROLLER] - Requested method to get coordinate by selected case - Passing through the Coordinate Service' | 
04:05:50 | Info | '[AUTH ROUTER] - Requested route "/"' | 
04:05:50 | Info | '[CASE CONTROLLER] - Requested method to get cases - Passing through the Case Service' | 
04:05:50 | Info | '[CASE SERVICE] - Received request to get all the cases in the database' | 
04:05:56 | Info | '[CASE ROUTER] - Requested route "/:url"' | 
04:05:56 | Info | '[CASE SERVICE] - Received request to get the case from the database with URL: 8a4bc7cc-a898-4404-b358-c9e11b9b8fc3' | 
04:05:57 | Info | '[CASE CONTROLLER] - Requested method to get cases - Passing through the Case Service' | 
04:05:57 | Info | '[CASE SERVICE] - Received request to get all the cases in the database' | 
04:05:57 | Info | '[COORDINATE CONTROLLER] - Requested method to get coordinate by selected case - Passing through the Coordinate Service' | 
04:05:57 | Info | '[COORDINATE SERVICE] - Requested method to get coordinates by case id' | 
04:06:46 | Info | '[AUTH ROUTER] - Requested route "/"' | 
04:06:46 | Info | '[CASE CONTROLLER] - Requested method to get cases - Passing through the Case Service' | 
04:06:46 | Info | '[CASE SERVICE] - Received request to get all the cases in the database' | 
04:06:53 | Info | '[CASE CONTROLLER] - Requested method to create case - Passing through the Case Service' | 
04:06:53 | Info | '[CASE SERVICE] - Received request to create case with title: fff - Analyst: ffff' | 
04:06:59 | Info | '[AUTH ROUTER] - Requested route "/"' | 
04:07:16 | Info | '[AUTH ROUTER] - Requested route "/"' | 
04:07:17 | Info | '[CASE CONTROLLER] - Requested method to get cases - Passing through the Case Service' | 
04:07:17 | Info | '[CASE SERVICE] - Received request to get all the cases in the database' | 
04:07:18 | Info | '[CASE ROUTER] - Requested route "/:url"' | 
04:07:18 | Info | '[CASE SERVICE] - Received request to get the case from the database with URL: f7374ea7-b33c-43ce-8a22-8cd5dff557b2' | 
04:07:18 | Info | '[CASE CONTROLLER] - Requested method to get cases - Passing through the Case Service' | 
04:07:18 | Info | '[CASE SERVICE] - Received request to get all the cases in the database' | 
04:07:18 | Info | '[COORDINATE CONTROLLER] - Requested method to get coordinate by selected case - Passing through the Coordinate Service' | 
04:07:18 | Info | '[COORDINATE SERVICE] - Requested method to get coordinates by case id' | 
04:07:24 | Info | '[COORDINATE ROUTER] - Requested route "/import" to import coordinates from Excel file' | 
04:07:32 | Info | '[CASE ROUTER] - Requested route "/:url"' | 
04:07:32 | Info | '[CASE SERVICE] - Received request to get the case from the database with URL: f7374ea7-b33c-43ce-8a22-8cd5dff557b2' | 
04:07:33 | Info | '[CASE SERVICE] - Received request to get all the cases in the database' | 
04:07:33 | Info | '[CASE CONTROLLER] - Requested method to get cases - Passing through the Case Service' | 
04:07:33 | Info | '[COORDINATE SERVICE] - Requested method to get coordinates by case id' | 
04:07:33 | Info | '[COORDINATE CONTROLLER] - Requested method to get coordinate by selected case - Passing through the Coordinate Service' | 
04:07:37 | Info | '[COORDINATE ROUTER] - Requested route "/import" to import coordinates from Excel file' | 
04:07:43 | Error | 'An error occured => PayloadTooLargeError: request entity too large' | 
04:07:43 | Error | 'An error occured => PayloadTooLargeError: request entity too large' | 
04:07:43 | Info | '[COORDINATE CONTROLLER] - Requested method to create coordinate - Passing through the Coordinate Service' | 
04:07:43 | Info | '[COORDINATE SERVICE] - Requested method to create Multiple Coordinates' | 
04:07:48 | Info | '[CASE ROUTER] - Requested route "/:url"' | 
04:07:48 | Info | '[CASE SERVICE] - Received request to get the case from the database with URL: f7374ea7-b33c-43ce-8a22-8cd5dff557b2' | 
04:07:54 | Info | '[CASE SERVICE] - Received request to get the case from the database with URL: f7374ea7-b33c-43ce-8a22-8cd5dff557b2' | 
04:07:54 | Info | '[CASE ROUTER] - Requested route "/:url"' | 
04:07:55 | Info | '[CASE CONTROLLER] - Requested method to get cases - Passing through the Case Service' | 
04:07:55 | Info | '[CASE SERVICE] - Received request to get all the cases in the database' | 
04:07:55 | Info | '[COORDINATE CONTROLLER] - Requested method to get coordinate by selected case - Passing through the Coordinate Service' | 
04:07:55 | Info | '[COORDINATE SERVICE] - Requested method to get coordinates by case id' | 
04:19:09 | Info | 'Server Running at 8080' | 
04:19:09 | Info | '[CASE ROUTER] - Requested route "/:url"' | 
04:19:09 | Info | '[CASE SERVICE] - Received request to get the case from the database with URL: f7374ea7-b33c-43ce-8a22-8cd5dff557b2' | 
04:19:10 | Info | '[CASE CONTROLLER] - Requested method to get cases - Passing through the Case Service' | 
04:19:10 | Info | '[CASE SERVICE] - Received request to get all the cases in the database' | 
04:19:10 | Info | '[COORDINATE CONTROLLER] - Requested method to get coordinate by selected case - Passing through the Coordinate Service' | 
04:19:10 | Info | '[COORDINATE SERVICE] - Requested method to get coordinates by case id' | 
04:20:14 | Info | 'Server Running at 8080' | 
04:20:15 | Info | '[CASE ROUTER] - Requested route "/:url"' | 
04:20:15 | Info | '[CASE SERVICE] - Received request to get the case from the database with URL: f7374ea7-b33c-43ce-8a22-8cd5dff557b2' | 
04:20:16 | Info | '[CASE CONTROLLER] - Requested method to get cases - Passing through the Case Service' | 
04:20:16 | Info | '[CASE SERVICE] - Received request to get all the cases in the database' | 
04:20:16 | Info | '[COORDINATE CONTROLLER] - Requested method to get coordinate by selected case - Passing through the Coordinate Service' | 
04:20:16 | Info | '[COORDINATE SERVICE] - Requested method to get coordinates by case id' | 
04:20:21 | Info | '[CASE ROUTER] - Requested route "/:url"' | 
04:20:21 | Info | '[CASE SERVICE] - Received request to get the case from the database with URL: f7374ea7-b33c-43ce-8a22-8cd5dff557b2' | 
04:20:21 | Info | '[CASE CONTROLLER] - Requested method to get cases - Passing through the Case Service' | 
04:20:21 | Info | '[CASE SERVICE] - Received request to get all the cases in the database' | 
04:20:21 | Info | '[COORDINATE CONTROLLER] - Requested method to get coordinate by selected case - Passing through the Coordinate Service' | 
04:20:21 | Info | '[COORDINATE SERVICE] - Requested method to get coordinates by case id' | 
04:21:23 | Info | '[CASE ROUTER] - Requested route "/:url"' | 
04:21:23 | Info | '[CASE SERVICE] - Received request to get the case from the database with URL: f7374ea7-b33c-43ce-8a22-8cd5dff557b2' | 
04:21:23 | Info | '[CASE CONTROLLER] - Requested method to get cases - Passing through the Case Service' | 
04:21:23 | Info | '[CASE SERVICE] - Received request to get all the cases in the database' | 
04:21:23 | Info | '[COORDINATE CONTROLLER] - Requested method to get coordinate by selected case - Passing through the Coordinate Service' | 
04:21:23 | Info | '[COORDINATE SERVICE] - Requested method to get coordinates by case id' | 
04:21:50 | Info | '[CASE SERVICE] - Received request to get the case from the database with URL: f7374ea7-b33c-43ce-8a22-8cd5dff557b2' | 
04:21:50 | Info | '[CASE ROUTER] - Requested route "/:url"' | 
04:21:50 | Info | '[CASE CONTROLLER] - Requested method to get cases - Passing through the Case Service' | 
04:21:50 | Info | '[CASE SERVICE] - Received request to get all the cases in the database' | 
04:21:50 | Info | '[COORDINATE CONTROLLER] - Requested method to get coordinate by selected case - Passing through the Coordinate Service' | 
04:21:50 | Info | '[COORDINATE SERVICE] - Requested method to get coordinates by case id' | 
04:21:51 | Info | '[CASE ROUTER] - Requested route "/:url"' | 
04:21:51 | Info | '[CASE SERVICE] - Received request to get the case from the database with URL: f7374ea7-b33c-43ce-8a22-8cd5dff557b2' | 
04:21:51 | Info | '[CASE CONTROLLER] - Requested method to get cases - Passing through the Case Service' | 
04:21:51 | Info | '[CASE SERVICE] - Received request to get all the cases in the database' | 
04:21:51 | Info | '[COORDINATE SERVICE] - Requested method to get coordinates by case id' | 
04:21:51 | Info | '[COORDINATE CONTROLLER] - Requested method to get coordinate by selected case - Passing through the Coordinate Service' | 
04:23:49 | Info | '[CASE ROUTER] - Requested route "/:url"' | 
04:23:49 | Info | '[CASE SERVICE] - Received request to get the case from the database with URL: f7374ea7-b33c-43ce-8a22-8cd5dff557b2' | 
04:23:49 | Info | '[CASE CONTROLLER] - Requested method to get cases - Passing through the Case Service' | 
04:23:49 | Info | '[CASE SERVICE] - Received request to get all the cases in the database' | 
04:23:49 | Info | '[COORDINATE CONTROLLER] - Requested method to get coordinate by selected case - Passing through the Coordinate Service' | 
04:23:49 | Info | '[COORDINATE SERVICE] - Requested method to get coordinates by case id' | 
04:30:11 | Info | '[CASE SERVICE] - Received request to get the case from the database with URL: f7374ea7-b33c-43ce-8a22-8cd5dff557b2' | 
04:30:11 | Info | '[CASE ROUTER] - Requested route "/:url"' | 
04:30:11 | Info | '[CASE CONTROLLER] - Requested method to get cases - Passing through the Case Service' | 
04:30:11 | Info | '[CASE SERVICE] - Received request to get all the cases in the database' | 
04:30:11 | Info | '[COORDINATE SERVICE] - Requested method to get coordinates by case id' | 
04:30:11 | Info | '[COORDINATE CONTROLLER] - Requested method to get coordinate by selected case - Passing through the Coordinate Service' | 
04:30:22 | Info | '[CASE ROUTER] - Requested route "/:url"' | 
04:30:22 | Info | '[CASE SERVICE] - Received request to get the case from the database with URL: f7374ea7-b33c-43ce-8a22-8cd5dff557b2' | 
04:30:22 | Info | '[CASE SERVICE] - Received request to get all the cases in the database' | 
04:30:22 | Info | '[CASE CONTROLLER] - Requested method to get cases - Passing through the Case Service' | 
04:30:22 | Info | '[COORDINATE CONTROLLER] - Requested method to get coordinate by selected case - Passing through the Coordinate Service' | 
04:30:22 | Info | '[COORDINATE SERVICE] - Requested method to get coordinates by case id' | 
04:30:33 | Info | '[CASE ROUTER] - Requested route "/:url"' | 
04:30:33 | Info | '[CASE SERVICE] - Received request to get the case from the database with URL: f7374ea7-b33c-43ce-8a22-8cd5dff557b2' | 
04:30:34 | Info | '[CASE CONTROLLER] - Requested method to get cases - Passing through the Case Service' | 
04:30:34 | Info | '[CASE SERVICE] - Received request to get all the cases in the database' | 
04:30:34 | Info | '[COORDINATE SERVICE] - Requested method to get coordinates by case id' | 
04:30:34 | Info | '[COORDINATE CONTROLLER] - Requested method to get coordinate by selected case - Passing through the Coordinate Service' | 
04:30:34 | Info | '[CASE ROUTER] - Requested route "/:url"' | 
04:30:34 | Info | '[CASE SERVICE] - Received request to get the case from the database with URL: f7374ea7-b33c-43ce-8a22-8cd5dff557b2' | 
04:30:34 | Info | '[CASE CONTROLLER] - Requested method to get cases - Passing through the Case Service' | 
04:30:34 | Info | '[CASE SERVICE] - Received request to get all the cases in the database' | 
04:30:34 | Info | '[COORDINATE CONTROLLER] - Requested method to get coordinate by selected case - Passing through the Coordinate Service' | 
04:30:34 | Info | '[COORDINATE SERVICE] - Requested method to get coordinates by case id' | 
04:33:19 | Info | 'Server Running at 8080' | 
04:33:23 | Info | 'Server Running at 8080' | 
04:33:28 | Info | 'Server Running at 8080' | 
04:33:32 | Info | 'Server Running at 8080' | 
04:33:35 | Info | 'Server Running at 8080' | 
04:33:38 | Info | 'Server Running at 8080' | 
